Molecule ChEMBL ID,canonical_smiles,class,all_chembl_ids
CHEMBL64011,CN1CC[C@@]2(C)c3cc(OC(=O)NCCCCCCCCCN4CCOCC4)ccc3N(C)[C@@H]12,0,CHEMBL64011
CHEMBL4283770,CN(C)CCOc1ccc(/C=C2\COc3ccccc3C2=O)cc1,0,CHEMBL4283770
CHEMBL4283733,CCN(CCOc1ccc(/C=C2\COc3ccccc3C2=O)cc1)Cc1ccccc1,1,CHEMBL4283733
CHEMBL286990,C[n+]1ccn(COCC(C)(C)[N+](=O)[O-])c1/C=N/O,1,CHEMBL286990
CHEMBL1651046,C[C@@H]([C@H]1[C@H](O)C[C@@]2(C)[C@@H]3CC[C@@H]4C(=CC3=CC[C@]12C)CC[C@H](N(C)C)C4(C)C)N(C)C,1,CHEMBL1651046
CHEMBL334395,CCCSc1nc(-c2ccc(Cl)cc2)nn1C(=O)N(C)C,0,CHEMBL334395
CHEMBL86,CCN(CC)CCNC(=O)c1cc(Cl)c(N)cc1OC,1,CHEMBL86
CHEMBL289890,COC[n+]1ccn(C)c1/C=N/O,1,CHEMBL289890
CHEMBL4295144,COc1cc2oc(C(=O)NCC3CCN(Cc4ccccc4)CC3)cc(=O)c2cc1OC,1,CHEMBL4295144
CHEMBL4287889,COc1ccc2oc(C(=O)NCC3CCN(Cc4ccccc4)CC3)cc(=O)c2c1,1,CHEMBL4287889
CHEMBL4583273,CN1c2ccc(OC(=O)NCCCCCCN3CCCC3)cc2CN2CCc3ccccc3C21,0,CHEMBL4583273
CHEMBL4207101,O=C(CNCc1cc(F)cc(F)c1)Nc1ccc2nc3n(c(=O)c2c1)CCC3,0,CHEMBL4207101
CHEMBL4170372,CO[C@@H]1C=C[C@@]23c4cc5c(cc4C(=O)N(CCC(C)C)[C@@H]2CN(C)[C@@H]3C1)OCO5,1,CHEMBL4170372
CHEMBL4172271,COc1cc2c3c(c1)c1cc(=O)c(OC)cc-1cn3CC2,1,CHEMBL4172271
CHEMBL4172720,CO[C@@H]1C=C[C@@]23c4cc5c(cc4C[N@@+]([O-])(CCO)[C@@H]2C(=O)N(C)[C@H]3C1)OCO5,1,CHEMBL4172720
CHEMBL3318017,COc1cc2oc(-c3ccc(CN4CCCC4)cc3)cc(=O)c2cc1OC,0,CHEMBL3318017
CHEMBL3318018,O=c1cc(-c2ccc(CN3CCCCC3)cc2)oc2ccccc12,0,CHEMBL3318018
CHEMBL4286601,COc1nc(-c2ccnc(NC(=O)C3CC3)c2)sc1C(=O)NCCNc1c2c(nc3ccccc13)CCCC2,0,CHEMBL4286601
CHEMBL4288850,NC(=O)c1sc(-c2ccnc(NC(=O)C3CC3)c2)nc1OCCNc1c2c(nc3ccccc13)CCCC2,0,CHEMBL4288850
CHEMBL76241,CNC(=O)Oc1ccc2c(c1)[C@]1(C)CCN(Cc3ccccc3)C1N2C,0,CHEMBL76241
CHEMBL4240365,C=Cc1oc2ccc(Br)cc2c(=O)c1CN(/C=C/C(=O)OC)Cc1ccccc1,1,CHEMBL4240365
CHEMBL137039,C/C=C(\C)C(=O)N[C@H]1CC[C@@]2(C)C(=CC[C@H]3C4=CC[C@H]([C@H](C)N(C)C)[C@@]4(C)CC[C@@H]32)C1=O,1,CHEMBL137039
CHEMBL54577,CC(C)c1ccc(NC(=O)Oc2ccc3c(c2)[C@]2(C)CCN(CCc4ccccc4)C2N3C)cc1,1,CHEMBL54577
CHEMBL300143,Cc1ccccc1NC(=O)Oc1ccc2c(c1)[C@]1(C)CCN(C)C1N2C,0,CHEMBL300143
CHEMBL1257887,CCCCNc1c2c(nc3ccc(OC)cc13)CCCC2,1,CHEMBL1257887
CHEMBL1257767,CCCCCCCNc1c2c(nc3ccc(OC)cc13)CCCC2,0,CHEMBL1257767;CHEMBL1618106
CHEMBL1257766,CCCCCCCCNc1c2c(nc3ccc(OC)cc13)CCCC2,0,CHEMBL1257766
CHEMBL748,C[n+]1ccccc1/C=N/O,1,CHEMBL748
CHEMBL54420,CC(C)c1ccc(NC(=O)Oc2ccc3c(c2)[C@]2(C)CCNC2N3C)cc1,0,CHEMBL54420
CHEMBL340391,CCc1ccccc1NC(=O)Oc1ccc2c(c1)[C@]1(C)CCN(C)[C@@H]1N2C,0,CHEMBL122834;CHEMBL340391
CHEMBL104891,CCCSC(=O)OCC[N+](C)(C)C,1,CHEMBL104891
CHEMBL611808,CC1=CC2Cc3nc(O)ccc3C3(C1)C2CCCN3C,1,CHEMBL611808
CHEMBL124156,CNC(=O)Oc1cccc(CN(C)CCCOc2ccc(-c3ccccc3)cc2)c1,0,CHEMBL124156
CHEMBL183507,COc1ccc(-c2cc3c(c(=O)o2)C[C@@]2(O)[C@@]4(C)C(=O)[C@@]5(OC)C(=O)O[C@]4(CC[C@@]2(C)O3)C5(C)C)cc1,0,CHEMBL183507
CHEMBL4210020,O=C(CNCCCc1ccccc1)Nc1ccc2nc3n(c(=O)c2c1)CCC3,0,CHEMBL4210020
CHEMBL4212275,C#CCNCC(=O)Nc1ccc2nc3n(c(=O)c2c1)CCC3,0,CHEMBL4212275
CHEMBL542018,CCNC(=O)Oc1ccc2c(c1)C(N)CC2,1,CHEMBL542018
CHEMBL357492,CCN(C)C(=O)Oc1ccc2c(c1)CC(N)CC2,1,CHEMBL357492
CHEMBL106418,CCCCCNc1cc(NCCSCc2ccc(CN(C)C)o2)c([N+](=O)[O-])cc1[N+](=O)[O-],1,CHEMBL106418
CHEMBL104681,CN(C)Cc1ccc(CSCCNc2cc(F)c([N+](=O)[O-])cc2[N+](=O)[O-])o1,0,CHEMBL104681
CHEMBL420625,Nc1ccc2c(CCC3CCN(Cc4ccccc4)CC3)noc2c1,0,CHEMBL420625
CHEMBL1651127,O=C(CCC1CCN(Cc2ccccc2)CC1)c1ccc2c(c1)CCNCC2,0,CHEMBL1651127
CHEMBL1651135,O=C(CCC1CCN(Cc2ccc(Cl)cc2)CC1)c1cc2c3c(ccn3C(=O)CC2)c1,0,CHEMBL1651135
CHEMBL543217,COc1ccc(N(C)C(=O)Oc2ccc3c(c2)C(N)CC3)cc1,0,CHEMBL543217
CHEMBL148882,CC(c1cccc(OC(=O)N(C)C)c1)N(C)C,0,CHEMBL148882
CHEMBL4068340,COc1cc(/C=C/C(=O)Nc2ccccc2)ccc1OCCCN1CCCCC1,1,CHEMBL4068340
CHEMBL4069385,COc1cc(/C=C/C(=O)Nc2ccccc2)ccc1OCCCCN1CCCCC1,1,CHEMBL4069385
CHEMBL4090413,COc1cc(/C=C/C(=O)Nc2ccccc2)ccc1OCCCCCN1CCCCC1,1,CHEMBL4090413
CHEMBL4098132,COc1cc(/C=C/C(=O)Nc2ccccc2)ccc1OCCCCCCCCN1CCCCC1,1,CHEMBL4098132
CHEMBL4874576,Cc1ccc2nc3c(c(N)c2c1)CCC3,1,CHEMBL4874576
CHEMBL4878878,Nc1c2c(nc3ccc(Br)cc13)CCCC2,1,CHEMBL4878878
CHEMBL4854565,Nc1c2c(nc3c(Cl)cc(Cl)cc13)CCCC2,1,CHEMBL4854565
CHEMBL4859128,Cc1cccc2nc3c(c(N)c12)CCC3,0,CHEMBL4859128
CHEMBL152675,C=CC(=O)N1C/C(=C\c2ccc(Cl)cc2)C(=O)/C(=C/c2ccc(Cl)cc2)C1,1,CHEMBL152675
CHEMBL2332537,C=CC(=O)N1C/C(=C\c2cccc([N+](=O)[O-])c2)C(=O)/C(=C/c2cccc([N+](=O)[O-])c2)C1,1,CHEMBL2332537
CHEMBL2332539,C=CC(=O)N1C/C(=C\c2ccccc2OC)C(=O)/C(=C/c2ccccc2OC)C1,1,CHEMBL2332539
CHEMBL1761997,c1ccc2c(c1)ccc[n+]2CCOCC[n+]1cccc2ccccc21,1,CHEMBL1761997
CHEMBL496488,C[C@@H]([C@H]1CC=C2[C@@H]3CCC4=C[C@@H](N(C)C)CC[C@]4(C)[C@H]3CC[C@@]21C)N(C)C,1,CHEMBL496488
CHEMBL62373,CCCN1CCCC(c2cccc(OC(=O)NC(C)C)c2)C1,1,CHEMBL62373
CHEMBL3216655,COc1cc2c(cc1OC)C(=O)C(CC1CCN(CCCNc3c4c(nc5cc(Cl)ccc35)CCCC4)CC1)C2,0,CHEMBL1187434;CHEMBL3216655
CHEMBL3216422,COc1cc2c(cc1OC)C(=O)C(CC1CCN(CCNc3c4c(nc5cc(Cl)ccc35)CCCC4)CC1)C2,0,CHEMBL3216422
CHEMBL1084518,CCOC(=O)c1cc2c(N)c3c(nc2nc1C)CCC3,1,CHEMBL1084518
CHEMBL187870,CCCCCCCNC(=O)Oc1cccc2c1OCC1CCN(C)C21,0,CHEMBL187870
CHEMBL141515,O=C1CCCCN1CCC1CCN(Cc2ccccc2)CC1,0,CHEMBL141515
CHEMBL186264,CCOCC[n+]1ccc(CCC(=O)C2Cc3cc(OC)c(OC)cc3S2)cc1,0,CHEMBL186264
CHEMBL187818,COc1cc2c(cc1OC)SC(C(=O)CCc1cc[n+](Cc3ccc(F)cc3)cc1)C2,0,CHEMBL187818
CHEMBL136317,C[C@H](NC=O)[C@H]1CC[C@H]2[C@@H]3CC[C@H]4C[C@@H](N(C)C)CC[C@]4(C)[C@H]3CC[C@]12C,1,CHEMBL136317
CHEMBL86031,C[N+]1(Cc2ccccc2)CCC(CCC(=O)c2ccc3c(c2)OCCO3)CC1,0,CHEMBL86031
CHEMBL187330,CCC[n+]1ccc(CCC(=O)C2Cc3cc(OC)c(OC)cc3S2)cc1,1,CHEMBL187330
CHEMBL139685,CN[C@H]1CC[C@@]2(C)C(CC[C@H]3[C@@H]4CC[C@H]([C@H](C)N(C)C)[C@@]4(C)CC[C@@H]32)C1,1,CHEMBL139685
CHEMBL344593,C/C(=C\C(=O)N(C)[C@H]1CC[C@@]2(C)[C@@H](CC[C@@H]3[C@@H]2CC[C@]2(C)[C@@H]([C@H](C)N(C)C)CC[C@@H]32)C1)C(C)C,1,CHEMBL344593
CHEMBL179320,CC(C)c1ccc(NC(=O)Oc2ccc3c(c2)C2(C)CCOC2O3)cc1,1,CHEMBL179320
CHEMBL178792,CC(C)c1ccc(NC(=O)Oc2ccc3c(c2)C2(C)COC(C2)O3)cc1,1,CHEMBL178792
CHEMBL158242,CCOc1cc2c(cc1OCC)C(=O)C(C)C2,0,CHEMBL158242
CHEMBL5171192,COc1ccc(C(=O)Cc2ncc(C(=O)N(C)CCCOc3ccc(C(F)(F)F)cc3)cn2)cc1,1,CHEMBL5171192
CHEMBL5187324,CN(CCCOc1ccc([N+](=O)[O-])cc1)C(=O)c1cnc(CC(=O)c2cccs2)nc1,0,CHEMBL5187324
CHEMBL5171268,COc1ccc(C(=O)Cc2ncc(C(=O)NCc3ccc(OC)c(OC)c3)cn2)cc1,1,CHEMBL5171268
CHEMBL5186796,COc1ccc(C(=O)Cc2ncc(C(=O)N3CCN(Cc4ccccc4)CC3)cn2)cc1,1,CHEMBL5186796
CHEMBL1834066,c1ccc2c(CNc3ccnc(N4CCNCC4)n3)cccc2c1,1,CHEMBL1834066
CHEMBL542266,CN(C)C(=O)Oc1ccc2c(c1)C(N(C)C)CC2,1,CHEMBL542266
CHEMBL19557,CCN(CC)CCS/C(=N\O)c1nc(C)no1,1,CHEMBL19557
CHEMBL173309,CCN(CCCCCC(=O)N(C)CCCCCCCCN(C)C(=O)CCCCCN(CC)Cc1ccccc1OC)Cc1ccccc1OC,0,CHEMBL173309;CHEMBL385130
CHEMBL2413743,Clc1ccc2[nH]c(-c3ccc(OCCN4CCCCC4)cc3)nc2c1,0,CHEMBL2413743
CHEMBL2413741,CC(C)N(CCOc1ccc(-c2nc3cc(Cl)ccc3[nH]2)cc1)C(C)C,1,CHEMBL2413741
CHEMBL4099934,COc1ccc(NC(=S)NCCN2CCCCC2)cc1,1,CHEMBL4099934
CHEMBL1416246,S=C(NCCN1CCOCC1)Nc1cccc(Cl)c1,1,CHEMBL1416246
CHEMBL465487,C[C@H](CCC(=O)O)[C@H]1CC(=O)[C@@]2(C)C3=C(C(=O)C[C@]12C)[C@@]1(C)CC[C@H](O)C(C)(C)[C@@H]1C[C@@H]3O,1,CHEMBL465487
CHEMBL1915765,CCCCOC(=O)CC[C@@H](C)[C@H]1CC[C@@]2(C)C3=C(C(=O)C[C@]12C)[C@@]1(C)CC[C@H](O)C(C)(C)[C@@H]1C[C@@H]3O,1,CHEMBL1915765
CHEMBL3087675,CC1=C(CC(=O)NCCCNCCCNC2=CC(=O)C(NCCCNCCCNC(=O)CC3=C(C)/C(=C\c4ccc([S+](C)[O-])cc4)c4ccc(F)cc43)=CC2=O)c2cc(F)ccc2/C1=C/c1ccc([S+](C)[O-])cc1,1,CHEMBL3087675
CHEMBL490359,CCOC(=O)C1=C(C)Nc2nc3c(c(N)c2[C@H]1c1ccc(OC)cc1)CCCC3,0,CHEMBL490359
CHEMBL5285645,O=C1CC2Cc3ccsc3C2=NN1CCCCCCN1CCN(Cc2cccc3c2ccn3S(=O)(=O)c2ccccc2)CC1,1,CHEMBL5285645
CHEMBL575166,CC1=CC2Cc3nc4cc(Cl)ccc4c(O)c3C(C1)C2,1,CHEMBL575166
CHEMBL572866,CCC1=CC2Cc3nc4cc(Cl)ccc4c(Cl)c3C(C1)C2,1,CHEMBL572866
CHEMBL1288822,COc1ccc(C2C(c3ccccc3)NC3(C(=O)Nc4ccccc43)C23Cc2cc(OC)c(OC)cc2C3=O)cc1OC,1,CHEMBL1288822
CHEMBL1288823,COc1cc2c(cc1OC)C(=O)C1(C2)C(c2ccc(F)cc2)C(c2ccccc2)NC12C(=O)Nc1ccc(Cl)cc12,1,CHEMBL1288823
CHEMBL1288828,COc1cc2c(cc1OC)C(=O)C1(C2)C(c2ccccc2)C(c2ccccc2)NC12C(=O)Nc1ccc([N+](=O)[O-])cc12,1,CHEMBL1288828
CHEMBL2064471,O=C(CCNCCNc1c2c(nc3ccccc13)CCCC2)N1CCN(CCNc2c3c(nc4ccccc24)CCCC3)CC1,0,CHEMBL2064471
CHEMBL2064470,CN(CCCN1CCN(CCNc2c3c(nc4ccccc24)CCCC3)CC1)c1ccccc1,0,CHEMBL2064470
CHEMBL1429841,c1ccc(Nc2nc3ccccc3[nH]2)nc1,1,CHEMBL1429841
CHEMBL241761,CN(C(=O)Oc1ccc(Oc2ccc(C(F)(F)F)cn2)cc1)c1ccc(Cl)cc1,1,CHEMBL241761
CHEMBL393758,O=C(Oc1ccc(Oc2ccc(C(F)(F)F)cn2)cc1)N1CCCc2ccc(C(F)(F)F)cc21,1,CHEMBL393758
CHEMBL241548,O=C(Oc1ccc(Oc2ccc(C(F)(F)F)cn2)cc1)N1CCCCC1,1,CHEMBL241548
CHEMBL238293,O=C(Oc1ccc(Oc2ccc(C(F)(F)F)cn2)cc1)N1CCCC1,1,CHEMBL238293
CHEMBL236173,O=C(Oc1ccc(Oc2ncc(Cl)cc2Cl)cc1)N1CCCC1,1,CHEMBL236173
CHEMBL239207,CN(C)C(=O)Oc1ccc(Oc2ncc(Cl)cc2Cl)cc1,1,CHEMBL239207
CHEMBL241127,CCCCNC(=O)Oc1ccc(Oc2ncc(Cl)cc2Cl)cc1,1,CHEMBL241127
CHEMBL397891,CCCCC1=NC2(CCCC2)C(=O)N1Cc1ccc(-c2ccccc2-n2nnnc2C(c2ccccc2)(c2ccccc2)c2ccccc2)cc1,0,CHEMBL397891
CHEMBL340427,CNC(=O)Oc1cccc(CN(C)CCCOc2ccc3c(=O)c4ccccc4oc3c2)c1,0,CHEMBL340427
CHEMBL75121,COc1cc2cc(-c3ccc(CN(C)Cc4ccccc4)cc3)c(=O)oc2cc1OC,0,CHEMBL75121
CHEMBL243044,COc1ccccc1CNCCCCCCNC1=CC(=O)C(NCCCCCCNCc2ccccc2OC)=CC1=O,0,CHEMBL243044
CHEMBL243272,CCN(CCCCNC1=CC(=O)C(NCCCCN(CC)Cc2ccccc2OC)=CC1=O)Cc1ccccc1OC,0,CHEMBL243272
CHEMBL3122168,CCNCc1ccc2nc(-c3ccc(Cl)cc3)c3c(c2c1)NCCC3,0,CHEMBL3122168
CHEMBL1773488,CCN(CC)CCCCCCOc1ccc(C(=O)c2ccc(CN(C)Cc3ccccc3)cc2)cc1,0,CHEMBL1773488
CHEMBL3133436,Cn1ncc2c1-c1c(Br)sc(Br)c1C2NC(=O)CN1CCN(Cc2ccccc2F)CC1,0,CHEMBL3133436
CHEMBL2441692,COc1ccc(C#N)c[n+]1C,1,CHEMBL2441692
CHEMBL1819175,c1ccc2c(c1)Cc1c-2nc2ccccc2c1NCCCCCCCNc1c2c(nc3ccccc13)CCCC2,0,CHEMBL1819175
CHEMBL292314,Nc1c2c(nc3cc(Cl)ccc13)CCCC2,0,CHEMBL292314;CHEMBL486698
CHEMBL574847,CCN(CCCNC1=CC(=O)C(NCCCNC(=O)CCCCC2CCSS2)=CC1=O)Cc1ccccc1OC,0,CHEMBL574847
CHEMBL5202798,O=[N+]([O-])c1ccc2nc3c(c(N4CCCCC4)c2c1)CCCC3,1,CHEMBL5202798
CHEMBL24686,COc1cc(-c2cc3c(c(=O)o2)C[C@]2(O)[C@@]4(C)C(=O)C=CC(C)(C)[C@]4(O)CC[C@@]2(C)O3)cc(OC)c1OC,0,CHEMBL24686
CHEMBL1651041,CC(=O)O[C@@H]1C[C@@]2(C)[C@@H]3C[C@H]4OC[C@@]5(C)[C@@H](NC(=O)c6ccccc6)C=C[C@@](O)(CC3=CC[C@]2(C)[C@H]1[C@H](C)N(C)C)[C@@H]45,1,CHEMBL1651041
CHEMBL4789099,COc1ccc2cc3[n+](cc2c1OCc1cc(C)cc(C)c1)CCc1cc2c(cc1-3)OCO2,1,CHEMBL4789099
CHEMBL4745801,COc1ccc2cc3[n+](cc2c1OCc1ccccc1Br)CCc1cc2c(cc1-3)OCO2,1,CHEMBL4745801
CHEMBL4752188,CCOC(=O)c1c(C)nc(N2CCN(S(=O)(=O)c3ccc(NC(C)=O)c(F)c3)CC2)nc1-c1ccc(OC)c(OC)c1,0,CHEMBL4752188
CHEMBL4750278,CCOC(=O)c1c(C)nc(N2CCN(S(=O)(=O)c3ccc(N)cc3)CC2)nc1-c1ccc(OC)c(OC)c1,0,CHEMBL4750278
CHEMBL3338992,CN(C)CCCCOc1ccc(C(=O)/C=C/c2ccccc2)cc1,1,CHEMBL3338992
CHEMBL3339007,CCCCN(CCCC)CCCCCOc1ccc(C(=O)/C=C/c2ccccc2)cc1,1,CHEMBL3339007
CHEMBL1482486,COc1ccc(NC(S)=NCCN2CCC(C)CC2)cc1,1,CHEMBL1482486
CHEMBL4087841,COc1ccc(NC(=S)NCCN(C)C)cc1,1,CHEMBL4087841
CHEMBL4079963,NS(=O)(=O)c1ccc(NC(=S)NCCN2CCCCC2)cc1,1,CHEMBL4079963
CHEMBL4073401,COc1ccccc1NC(=S)NCCN1CCCCC1,1,CHEMBL4073401
CHEMBL1762001,c1cc(C[n+]2cccc3ccccc32)cc(C[n+]2cccc3ccccc32)c1,1,CHEMBL1762001
CHEMBL3393675,O=C1N[C@H](COCc2ccccc2)[C@@H](OCc2ccccc2)[C@H](OCc2ccccc2)[C@H]1OCc1ccccc1,1,CHEMBL3393675
CHEMBL544126,CNC(=O)Oc1cccc(CN(C)CCCOc2cccc(Cc3ccccc3)c2)c1,0,CHEMBL544126
CHEMBL189907,CNC(=O)Oc1cccc2c1CCC1CCN(C)C21,0,CHEMBL189907
CHEMBL421920,C/C=C(\C)C(=O)N[C@@H]1[C@H](OC(C)=O)[C@@H]2CC[C@@H]3[C@H](CC[C@]4(C)[C@@H]([C@H](C)N(C)C)CC[C@@H]34)[C@@]2(C)C[C@@H]1O,1,CHEMBL421920
CHEMBL271709,CCN(Cc1ccccc1)Cc1ccc(-c2cc3ccc(OCCNC(=O)/C=C/c4cc(F)cc(F)c4)cc3oc2=O)cc1,1,CHEMBL271709
CHEMBL248922,CCN(Cc1ccccc1)Cc1ccc(-c2cc3cc(OCCNC(=O)CCc4ccc(F)c(F)c4)ccc3oc2=O)cc1,1,CHEMBL248922
CHEMBL365678,CCC(=O)Oc1cccc(CN(C)CCCCCCCOc2ccc3c(c2)O/C(=C\c2ccc4ccccc4c2)C3=O)c1,1,CHEMBL365678
CHEMBL62085,Cc1ccc2nc3c(c(N)c2c1)CCCC3,1,CHEMBL4876362;CHEMBL62085
CHEMBL1161715,Nc1c2c(nc3ccc(O)cc13)CCCC2,0,CHEMBL1161715
CHEMBL138988,COc1cc([N+](C)(C)C)ccc1C,1,CHEMBL138988
CHEMBL259264,OCCC1CCN(Cc2ccc(OCCCN3CCCCC3)cc2)CC1,0,CHEMBL259264
CHEMBL92663,NC(=O)c1ccc2c(CCC3CCN(Cc4ccccc4)CC3)noc2c1,0,CHEMBL92663
CHEMBL313231,C[N+]1(Cc2ccccc2)CCC(CCC(=O)c2ccc3c(c2)OCO3)CC1,0,CHEMBL313231
CHEMBL313582,C[N+]1(Cc2ccccc2)CCC(CCC(=O)c2ccc3c(c2)CCCCO3)CC1,0,CHEMBL313582
CHEMBL640,CCN(CC)CCNC(=O)c1ccc(N)cc1,1,CHEMBL640
CHEMBL2396911,c1ccc2[nH]c(NC34CC5CC(CC(C5)C3)C4)nc2c1,1,CHEMBL2396911
CHEMBL321808,CN(C)Cc1ccc(CSCCNc2nnccc2[N+](=O)[O-])o1,0,CHEMBL321808
CHEMBL431844,Nc1c2c(nc3ccccc13)C1CCC2C1,0,CHEMBL431844
CHEMBL136686,CO[C@@H]1CC2=CC[C@@H]3[C@H](CC[C@]4(C)C([C@H](C)N(C)C)=CC[C@@H]34)[C@@]2(C)C[C@@H]1O,1,CHEMBL136686
CHEMBL1257412,CCCCCCCCCCCCCCNc1c2c(nc3ccc(OC)cc13)CCCC2,1,CHEMBL1257412
CHEMBL1256415,COc1ccc2nc3c(c(N)c2c1)CCCC3,1,CHEMBL1256415;CHEMBL4872783
CHEMBL153821,CC1CCCC(C)N1Cc1ccc(CNCCN2CCNC2=C(C#N)C#N)o1,1,CHEMBL153821
CHEMBL3215535,c1ccc(CN2CCC(CCNc3ccc(-c4ccccc4)nn3)CC2)cc1,0,CHEMBL25412;CHEMBL3215535
CHEMBL156659,Oc1nc2ccccc2n1CCNCc1ccc(CN2CCCCC2)o1,1,CHEMBL156659
CHEMBL187812,COc1cc2cc(C3CC[N+](C)(Cc4ccccc4)CC3O)sc2cc1OC,1,CHEMBL187812
CHEMBL1086090,CCCCCCCNC(=O)Oc1ccc2c(c1)[C@@H]1CCN(CC)[C@@H]1C2,0,CHEMBL1086090
CHEMBL1085385,CCCCNC(=O)Oc1ccc2c(c1)C1CCN(CC)C1C2,1,CHEMBL1085385
CHEMBL1085629,CCN1CCC2c3cc(OC(=O)NC)ccc3CC21,0,CHEMBL1085629
CHEMBL340621,O=C(c1ccncc1)N(CCC1CCN(Cc2ccccc2)CC1)c1ccccc1,0,CHEMBL340621
CHEMBL202661,O=C(CCCCCNc1c2c(nc3cccc(Cl)c13)CCCC2)NCCc1c[nH]c2ccccc12,0,CHEMBL202661
CHEMBL1084442,CNC(=O)Oc1ccc(-c2cn3ccccc3[n+]2C)cc1,1,CHEMBL1084442
CHEMBL1082747,CN(C)C(=O)Oc1cccc(-c2cn3ccccc3[n+]2C)c1,1,CHEMBL1082747
CHEMBL73974,O=C(CCC1CCN(Cc2ccccc2F)CC1)c1ccc2c(c1)CCN2,0,CHEMBL73974
CHEMBL306175,O=C(CCC1CCN(Cc2ccccc2Cl)CC1)c1ccc2c(c1)CCN2,0,CHEMBL306175
CHEMBL1083661,O=C(CCC1CCN(Cc2ccccc2)CC1)c1ccc2c(c1)CCCN2,0,CHEMBL1083661
CHEMBL75157,O=C(CCC1CCN(Cc2ccccc2)CC1)c1ccc2c(c1)CCCCN2,0,CHEMBL75157
CHEMBL330004,Brc1ccc2c(CCC3CCN(Cc4ccccc4)CC3)noc2c1,0,CHEMBL330004
CHEMBL1085125,CCCCNC(=O)Oc1ccc2c(c1)[C@]1(C)CCN(CC)[C@@H]1C2,0,CHEMBL1085125
CHEMBL1084635,CCN1CC[C@@]2(C)c3cc(OC(=O)NC)ccc3C[C@@H]12,0,CHEMBL1084635
CHEMBL1085128,CCN1CC[C@@]2(C)c3cc(OC(=O)NC(C)c4ccccc4)ccc3C[C@@H]12,1,CHEMBL1085128
CHEMBL87441,CCOCC[n+]1ccc(CCC(=O)c2cc3cc(OC)c(OC)cc3s2)cc1,0,CHEMBL87441
CHEMBL355740,Nc1c2c(nc3c(Cl)cccc13)C1CCC2C1,0,CHEMBL355740
CHEMBL76640,CNC(=O)Oc1ccc2c(c1)[C@@]1(C)CCN(C)C1N2C,1,CHEMBL76640
CHEMBL359312,C#CCC(C)OC[n+]1ccn(C)c1/C=N/O,1,CHEMBL359312
CHEMBL372071,CCN(CC)CCCN1CC(=O)N(C2CC2)CC1=O,1,CHEMBL372071
CHEMBL192953,CCN(CC)CCN1CC(=O)N(CCc2ccccc2)CC1=O,1,CHEMBL192953
CHEMBL74340,Cc1cccc(CN2CCC(CCC(=O)c3ccc4c(c3)NCCCC4)CC2)c1,0,CHEMBL74340
CHEMBL1085383,CCCCCCCNC(=O)Oc1ccc2c(c1)[C@]1(C)CCN(CCC)[C@@H]1C2,0,CHEMBL1085383
CHEMBL1084881,CCCCCCNC(=O)Oc1ccc2c(c1)[C@]1(C)CCN(CCC)[C@@H]1C2,0,CHEMBL1084881
CHEMBL1084882,CCCCCCCNC(=O)Oc1ccc2c(c1)[C@]1(C)CCN(Cc3ccccc3)[C@@H]1C2,0,CHEMBL1084882
CHEMBL55312,O=C(c1ccccc1)N(CCC1CCN(Cc2ccccc2)CC1)c1ccccc1,0,CHEMBL55312
CHEMBL141001,O=C1c2cccc([N+](=O)[O-])c2C(=O)N1CCC1CCN(Cc2ccccc2)CC1,0,CHEMBL141001
CHEMBL140106,O=C1c2cccnc2C(=O)N1CCC1CCN(Cc2ccccc2)CC1,0,CHEMBL140106
CHEMBL329231,O=C1CCc2cc3c(CCC4CCN(Cc5ccccc5)CC4)noc3cc2N1,0,CHEMBL329231
CHEMBL340625,CNC(=O)Oc1cccc(CN(C)CCCOc2ccc3ccc(=O)oc3c2)c1,0,CHEMBL340625
CHEMBL128551,CCCCNC(=O)Oc1cccc(CN(C)CCCOc2ccc3ccc(=O)oc3c2)c1,0,CHEMBL128551
CHEMBL1085129,CCCCCCNC(=O)Oc1cccc(CN(C)CCCOc2ccc3c(=O)ccoc3c2)c1,0,CHEMBL1085129
CHEMBL151417,c1ccc(-c2ccc(NCCN3CCOCC3)nn2)cc1,1,CHEMBL151417
CHEMBL1085019,Cc1cc(-c2ccccc2)nnc1NCCN1CCCCC1,1,CHEMBL1085019
CHEMBL1085021,Cc1cc(-c2ccc3c(c2)OCO3)nnc1NCCN1CCCCC1,1,CHEMBL1085021
CHEMBL1086247,CNC(=O)Oc1cccc(CN(C)CCCOc2ccc3ccccc3c2)c1,0,CHEMBL1086247;CHEMBL542220
CHEMBL61849,CCCCCCCNc1c2c(nc3ccc(C)cc13)CCCC2,0,CHEMBL61849
CHEMBL61221,CCCCCCCNc1c2c(nc3cc(C)ccc13)CCCC2,0,CHEMBL61221
CHEMBL185896,CC(Cc1ccc(O)cc1)C1CCC(C)C(c2ccc(O)cc2)C1,0,CHEMBL185896
CHEMBL186896,Fc1ccc(N(Cc2ccc3c(c2)OCO3)C(=S)Nc2cccc(C(F)(F)F)c2)cc1,1,CHEMBL186896
CHEMBL189764,COc1ccc(-c2cc(-c3ccc(N(C)C)cc3)nc(NS(=O)(=O)c3ccc(NC(C)=O)cc3)n2)cc1,1,CHEMBL189764
CHEMBL60380,CCCCNC(=O)Oc1ccc2c(c1)C1CCN(CC)C2C1,0,CHEMBL60380
CHEMBL345124,CC[N+](C)(CC)CCC[n+]1c(-c2ccccc2)c2cc(N)ccc2c2ccc(N)cc21,1,CHEMBL345124
CHEMBL242191,COc1ccccc1CN(C)CCCCCCNC1=CC(=O)C(NCCCCCCN(C)Cc2ccccc2OC)=CC1=O,0,CHEMBL242191
CHEMBL242190,CCN(Cc1ccccc1OC)C(=O)CCCCCNC1=CC(=O)C(NCCCCCC(=O)N(CC)Cc2ccccc2OC)=CC1=O,1,CHEMBL242190
CHEMBL394348,CCN(CCCCCCNC1=CC(=O)C(NCCCCCCN(CC)CCc2ccccc2OC)=CC1=O)CCc1ccccc1OC,0,CHEMBL394348
CHEMBL243269,CCN(CCCCCCNC1=C(C)C(=O)C(NCCCCCCN(CC)Cc2ccccc2OC)=C(C)C1=O)Cc1ccccc1OC,0,CHEMBL243269
CHEMBL33051,NC(=O)c1cc[n+](COC[n+]2ccccc2/C=N/O)cc1,1,CHEMBL33051;CHEMBL385181;CHEMBL4793290
CHEMBL272229,O=[N+]([O-])OCCNCCCNc1c2c(nc3ccccc13)CCCC2,0,CHEMBL272229
CHEMBL272230,O=C(CCO[N+](=O)[O-])NCCCCNc1c2c(nc3ccccc13)CCCC2,0,CHEMBL272230
CHEMBL130458,Cc1ccccc1NC(=O)Oc1ccc2c(c1)[C@]1(C)CCN(C)[C@@H]1N2C,0,CHEMBL120279;CHEMBL130458
CHEMBL1202875,c1ccc(CN2CCC(CCOc3ccc(-c4ccccc4)nn3)CC2)cc1,0,CHEMBL1202875
CHEMBL4531167,Oc1ccc(CCOCCCCCNc2c3c(nc4ccccc24)CCCC3)cc1,0,CHEMBL4531167
CHEMBL542609,Cc1ccc(C(=O)/C(=N/O)SCCN(C)C)cc1,1,CHEMBL542609
CHEMBL336276,CCCCCCSc1nc(-c2ccc(C)cc2)nn1C(=O)N(C)C,0,CHEMBL336276
CHEMBL347729,CN(C)Cc1ccc(CNCCN2CCN/C2=C\[N+](=O)[O-])o1,1,CHEMBL347729
CHEMBL134057,Nc1c2c(nc3cccc(Cl)c13)CCCC2,0,CHEMBL134057;CHEMBL4862288
CHEMBL4557164,O=C(O)c1ccc(-n2cc(COc3ccc(/C=N/Nc4c5c(nc6ccccc46)CCCC5)cc3)nn2)cc1,1,CHEMBL4557164
CHEMBL74089,CNC(=O)Oc1ccc2c(c1)[C@]1(C)CCNC1N2C,0,CHEMBL74089
CHEMBL397168,CC1CN(C(=O)Oc2ccc(Oc3ccc(C(F)(F)F)cn3)cc2)CC(C)O1,1,CHEMBL397168
CHEMBL238256,CN(C(=O)Oc1ccc(Nc2ccc(C(F)(F)F)cn2)cc1)c1ccccc1,1,CHEMBL238256
CHEMBL61905,COc1ccccc1[N+](C)(C)Cc1ccccc1,1,CHEMBL61905
CHEMBL102637,CCSC(=O)OCC[N+](C)(C)C,1,CHEMBL102637
CHEMBL189122,C=CC[n+]1ccc(CCC(=O)C2Cc3cc(OC)c(OC)cc3S2)cc1,0,CHEMBL189122
CHEMBL77896,CNC(=O)Oc1ccc2c(c1)[C@]1(C)CCN(Cc3ccccc3)C1N2Cc1ccccc1,1,CHEMBL77896
CHEMBL156016,C=CC(=O)N1C/C(=C\c2ccccc2)C(=O)/C(=C/c2ccccc2)C1,1,CHEMBL156016
CHEMBL2381401,COc1ccc2cc(C(=O)CN3CCN(Cc4ccccc4)CC3)c(=O)oc2c1,1,CHEMBL2381401
CHEMBL445124,O=C1CCN(Cc2ccccc2)C/C1=C\c1cn(Cc2ccccc2)c2ccccc12,1,CHEMBL445124
CHEMBL126939,C(=C\C1CCN(Cc2ccccc2)CC1)/c1noc2ccccc12,0,CHEMBL126939
CHEMBL156931,C/N=C1/CCc2c1n(C)c1ccc(OC(=O)NC)cc21,1,CHEMBL156931
CHEMBL284369,CCCCCCNC(=O)Oc1ccc2c(c1)[C@@H]1CCN(CC)C1C2,0,CHEMBL284369
CHEMBL3116298,Nc1ccc2c(c1)c(OCc1ccccc1)nn2Cc1ccccc1,1,CHEMBL3116298
CHEMBL3116289,CCCCCn1nc(OCc2ccc(OC)cc2)c2cc([N+](=O)[O-])ccc21,1,CHEMBL3116289
CHEMBL440497,CNC(=O)Oc1ccc2c(c1)[C@@]1(C)CCN(Cc3ccccc3)C1N2Cc1ccccc1,1,CHEMBL440497
CHEMBL1952059,O/N=C/C1=NCCN1Cc1ccc(Cl)cc1Cl,1,CHEMBL1952059
CHEMBL1952067,CCCCCN1CC(C)(C)CN=C1/C=N/O,1,CHEMBL1952067
CHEMBL1952047,CCC/N=C(/C=N/O)N(C)C,1,CHEMBL1952047
CHEMBL1952051,COCC/N=C(/C=N/O)N(C)C,1,CHEMBL1952051
CHEMBL189797,CNC(=O)Oc1cccc(CN(C)CCCCCCCOc2ccc3c(c2)OCC3=O)c1,1,CHEMBL189797
CHEMBL191758,NCCCNc1c2c(nc3cc(Cl)ccc13)CCCC2,0,CHEMBL191758
CHEMBL174046,CC[N+](C)(CCCCCC(=O)N(C)CCCCCCCCN(C)C(=O)CCCCC[N+](C)(CC)Cc1ccccc1C(F)(F)F)Cc1ccccc1C(F)(F)F,0,CHEMBL174046
CHEMBL422695,CC1Cc2cc3c(cc2C1=O)OCO3,0,CHEMBL422695
CHEMBL68953,CC(C)(C)c1noc(/C=N/O)n1,1,CHEMBL68953
CHEMBL2019038,COc1cc(OC)c2c(=O)cc(C(=O)NCCCCCCCCCCNc3c4c(nc5cc(Cl)ccc35)CCCC4)oc2c1,0,CHEMBL2019038
CHEMBL2019035,COc1ccc2oc(C(=O)NCCCCCCCCCCNc3c4c(nc5cc(Cl)ccc35)CCCC4)cc(=O)c2c1,0,CHEMBL2019035
CHEMBL1940614,CCN(CCCCCCNC1=CC(=O)C(C)=C(C)C1=O)Cc1ccccc1OC,0,CHEMBL1940614
CHEMBL1940619,COC1=CC(=O)C(N2CCC(C3CCN(Cc4ccccc4OC)CC3)CC2)=CC1=O,1,CHEMBL1940619
CHEMBL350032,C=CC(=O)N1C/C(=C\c2ccc(F)cc2)C(=O)/C(=C/c2ccc(F)cc2)C1,1,CHEMBL350032
CHEMBL301610,CC(=O)N1C(=O)[C@@H](C)[C@@H]2[C@@H]1CCN2C(=O)[C@@H]1CCCN1S(=O)(=O)c1cccc2c(N(C)C)cccc12,1,CHEMBL301610
CHEMBL1203535,COC1CCCN(Cc2ccc(CNCCN3CCNC3=C(C#N)C#N)o2)C1,1,CHEMBL1203535
CHEMBL65356,CN1CC[C@@]2(C)c3cc(OC(=O)NCCCCCCN4CCOCC4)ccc3N(C)[C@@H]12,0,CHEMBL65356
CHEMBL557155,CC1=CC2Cc3nc4cc(Cl)ccc4c(NCCCCCCCNc4c5c(nc6ccccc46)CCCC5)c3C(C1)C2,0,CHEMBL3215882;CHEMBL557155
CHEMBL542467,CNC(=O)Oc1cccc(CN(C)CCCCCCCCCOc2ccc3c(=O)c4ccccc4oc3c2)c1,0,CHEMBL1085526;CHEMBL542467
CHEMBL1276534,O=C(NP(=O)(NN1CCOCC1)NN1CCOCC1)c1ccccc1,1,CHEMBL1276534
CHEMBL199670,O=C(CCCCCCNc1c2c(nc3ccccc13)CCCC2)NCCc1c[nH]c2ccccc12,0,CHEMBL199670
CHEMBL154155,COc1ccc(C)cc1,1,CHEMBL154155
CHEMBL4782581,COc1cc(/C=C/C(=O)NCC(=O)Nc2ccc(Br)cc2)ccc1O,1,CHEMBL4782581
CHEMBL317162,CNC(=O)Oc1ccc2c(c1)[C@@]1(C)CCN(C)C1N2Cc1ccccc1,1,CHEMBL317162
CHEMBL345847,CN1CCC(CCN2C(=O)c3ccccc3C2=O)CC1,0,CHEMBL345847
CHEMBL3359895,CN1CCN(c2ccc(-c3cnc4[nH]c5cnc(C#N)cc5c4c3)cc2)CC1,0,CHEMBL3359895
CHEMBL3582203,C[C@@H]1C[C@H](C)CN(Cc2ccc(-c3cnc4[nH]c5cnc(C#N)cc5c4c3)cc2)C1,1,CHEMBL3582203
CHEMBL143055,CCN(CCCCCC(=O)N(CCCCCCCCN(C(=O)CCCCCN(CC)Cc1ccccc1OC)C(C)C)C(C)C)Cc1ccccc1OC,0,CHEMBL143055
CHEMBL3604195,CN(C)c1ccc(C(=O)NCCCCCNc2c3c(nc4ccccc24)CCCC3)cc1,0,CHEMBL3604195
CHEMBL134240,Nc1c2c(nc3ccc(Cl)cc13)OCCC2,1,CHEMBL134240
CHEMBL188917,COc1cc2cc(C(=O)C3CCC[N+](C)(CCOc4ccccc4)CC3)sc2cc1OC,0,CHEMBL188917
CHEMBL188338,COc1cc2cc(C(=O)C3CCC[N+](C)(CC#N)CC3)sc2cc1OC,1,CHEMBL188338
CHEMBL188753,CC[n+]1ccc(CCC(=O)C2Cc3cc(OC)c(OC)cc3S2)cc1,0,CHEMBL188753
CHEMBL186144,COc1cc2cc(C(=O)C3CCC[N+](C)(Cc4ccccc4)CC3)sc2cc1OC,0,CHEMBL186144
CHEMBL60167,Nc1c2c(nc3ccccc13)-c1ccccc1C2,0,CHEMBL60167
CHEMBL4745154,COc1ccc(-c2nnc(Nc3ncccn3)o2)cc1,1,CHEMBL4745154
CHEMBL3220801,C[C@@]12CC[C@@H]3[C@@](CC[C@H]4[C@@]3(C)CCC[C@@]4(C)C(=O)OCC[N+](C)(C)C)(CC1=O)C2,1,CHEMBL3220801
CHEMBL3220510,O=C(Nc1cc2ccccc2oc1=O)c1ccc([N+](=O)[O-])cc1,1,CHEMBL3220510
CHEMBL2088780,N#Cc1c(N)nc(NCCC2CCN(Cc3ccccc3)CC2)c(C#N)c1-c1ccccc1,0,CHEMBL2088780
CHEMBL2088783,N#Cc1cc(C#N)c(NC2CCN(Cc3ccccc3)CC2)nc1N,1,CHEMBL2088783
CHEMBL3093180,O=C1/C(=C/c2ccc(F)cc2)COc2cc(OCCCCCCNc3c4c(nc5ccccc35)CCCC4)ccc21,0,CHEMBL3093180
CHEMBL3093173,COc1ccc(/C=C2\COc3cc(OCCCCCNc4c5c(nc6ccccc46)CCCC5)ccc3C2=O)cc1,0,CHEMBL3093173
CHEMBL3335058,O=c1oc2cc(OCCN3CCC(Cc4ccccc4)CC3)ccc2c2ccccc12,1,CHEMBL3335058
CHEMBL3335047,COc1cccc(CC2CCN(CCCOc3ccc4c5c(c(=O)oc4c3)CCCC5)CC2)c1,1,CHEMBL3335047
CHEMBL3335029,O=c1oc2cc(OCCN3CCN(Cc4ccccc4)CC3)ccc2c2c1CCCC2,1,CHEMBL3335029
CHEMBL3335020,COc1cc(C(C)N(C)C)c2c(c1)oc(=O)c1ccccc12,1,CHEMBL3335020;CHEMBL3545711
CHEMBL1770550,O=C1C=C(NCCCNCc2cc3ccccc3o2)C(=O)C=C1NCCCNCc1cc2ccccc2o1,1,CHEMBL1770550
CHEMBL1770553,O=C1C=C(NCCCCCCNCc2nc3ccccc3s2)C(=O)C=C1NCCCCCCNCc1nc2ccccc2s1,1,CHEMBL1770553
CHEMBL3323042,O=c1c2cc(OCCCN3CCCCC3)ccc2nc2n1CCc1ccccc1-2,0,CHEMBL3323042
CHEMBL601410,c1ccc2c(c1)ccc[n+]2CCCCCC[n+]1cccc2ccccc21,1,CHEMBL601410
CHEMBL1762000,c1ccc(C[n+]2cccc3ccccc32)c(C[n+]2cccc3ccccc32)c1,1,CHEMBL1762000
CHEMBL1084210,c1ccc2c(CNc3ccnc(N4CCCC4)n3)cccc2c1,1,CHEMBL1084210
CHEMBL1766147,[O-][S+]1CCN(c2nccc(NCc3ccccc3)n2)CC1,1,CHEMBL1766147
CHEMBL1086014,c1ccc(CNc2ccnc(N3CCSCC3)n2)cc1,1,CHEMBL1086014
CHEMBL3233826,CC1=CC2Cc3nc4cc(Cl)ccc4c(NCCCCCNC(=O)c4cc(O)c5c(c4)C(=O)c4cccc(O)c4C5=O)c3C(C1)C2,0,CHEMBL3233826
CHEMBL3233832,CC1=C[C@@H]2Cc3nc4cc(Cl)ccc4c(NCCCCCCCCCNC(=O)c4cc(O)c5c(c4)C(=O)c4cccc(O)c4C5=O)c3[C@H](C1)C2,0,CHEMBL3233832;CHEMBL4113560
CHEMBL2377875,Fc1ccccc1Cc1nnc2sc(-c3ccoc3)nn12,1,CHEMBL2377875
CHEMBL1288826,COc1cc2c(cc1OC)C(=O)C1(C2)C(c2ccc(F)cc2)C(c2ccccc2)NC12C(=O)Nc1ccc([N+](=O)[O-])cc12,1,CHEMBL1288826
CHEMBL1288829,COc1cc2c(cc1OC)C(=O)C1(C2)C(c2ccccc2Cl)C(c2ccccc2)NC12C(=O)Nc1ccc([N+](=O)[O-])cc12,1,CHEMBL1288829
CHEMBL1289160,COc1cc2c(cc1OC)C(=O)C1(C2)C(c2ccccc2)CN(C)C12C(=O)Nc1ccccc12,1,CHEMBL1289160
CHEMBL1289273,COc1cc2c(cc1OC)C(=O)C1(C2)C(c2ccccc2Cl)CN(C)C12C(=O)Nc1ccccc12,1,CHEMBL1289273
CHEMBL1289274,COc1cc2c(cc1OC)C(=O)C1(C2)C(c2ccc(F)cc2)CN(C)C12C(=O)Nc1ccc(Cl)cc12,1,CHEMBL1289274
CHEMBL1288821,COc1ccc(C2CN(C)C3(C(=O)Nc4ccc([N+](=O)[O-])cc43)C23Cc2cc(OC)c(OC)cc2C3=O)cc1OC,1,CHEMBL1288821
CHEMBL1289615,COc1cc2c(cc1OC)C(=O)C1(C2)C(c2ccccc2)CN(C)C12C(=O)Nc1ccc([N+](=O)[O-])cc12,1,CHEMBL1289615
CHEMBL1289825,COc1cc2c(cc1OC)C(=O)C1(C2)C(c2ccc(F)cc2)C(c2ccccc2)NC12C(=O)Nc1ccccc12,1,CHEMBL1289825
CHEMBL319451,Nc1c2c(nc3ccccc13)C(O)CCC2,0,CHEMBL319451
CHEMBL3343925,COc1ccc(-c2nc(C(=O)NCCCCCCNc3c4c(nc5ccccc35)CCCC4)cc3c2[nH]c2ccccc23)cc1,0,CHEMBL3343925
CHEMBL3115029,O=c1c2ccccc2[se]n1-c1ccc(OCCN2CCCCC2)cc1,1,CHEMBL3115029
CHEMBL2448076,O=C(CCc1ccc2nc(-c3ccccc3)c3c(c2c1)OCCC3)NCCCCCNc1c2c(nc3cc(Cl)ccc13)CCCC2,0,CHEMBL2448076
CHEMBL3216429,O=C(NCCCCCCNc1c2c(nc3cc(Cl)ccc13)CCCC2)c1ccc2nc(-c3ccc(Cl)cc3)c3c(c2c1)OCCC3,0,CHEMBL3216429
CHEMBL3322158,O=C(Cc1cc(=O)oc2cc(O)ccc12)NCCNc1c2c(nc3ccccc13)CCCC2,1,CHEMBL3322158
CHEMBL3322160,O=C(Cc1cc(=O)oc2cc(O)ccc12)NCCCCNc1c2c(nc3ccccc13)CCCC2,0,CHEMBL3322160
CHEMBL291233,O/N=C/c1cc[n+](COC[n+]2ccc(/C=N/O)cc2)cc1,1,CHEMBL291233;CHEMBL451635;CHEMBL590824
CHEMBL451825,O/N=C/c1cc[n+](C[n+]2ccc(/C=N/O)cc2)cc1,1,CHEMBL451825
CHEMBL3416995,COc1cc(N)c(Cl)cc1C(=O)CCC1CCN(CC2CCC2)CC1,0,CHEMBL3416995
CHEMBL3416999,COc1cc(N)c(Cl)cc1C(=O)CCC1CCN(CCC2CCCCC2)CC1,0,CHEMBL3416999
CHEMBL3417000,COc1cc(N)c(Cl)cc1C(=O)CCC1CCN(CC2CCCCC2C)CC1,0,CHEMBL3417000
CHEMBL3417003,COc1cc(N)c(Cl)cc1C(=O)CCC1CCN(Cc2ccncc2)CC1,0,CHEMBL3417003
CHEMBL1834062,CCCN1CCN(c2nccc(NCc3cccc4ccccc34)n2)CC1,1,CHEMBL1834062
CHEMBL1834068,COCCN1CCN(c2nccc(NCc3cccc4ccccc34)n2)CC1,1,CHEMBL1834068
CHEMBL1834069,CN1CCN(c2nccc(NC(c3ccccc3)c3ccccc3)n2)CC1,1,CHEMBL1834069
CHEMBL1834077,c1ccc(C(Nc2ccnc(N3CCNCC3)n2)c2ccccc2)cc1,1,CHEMBL1834077
CHEMBL3237631,CC[C@@H]1[C@H]2OC(=O)[C@](C)(O)[C@H]2[C@]23CC[C@@H]([C@@H]4C[C@@H](C)C(=O)O4)N2CCCC[C@@H]13,1,CHEMBL3237631
CHEMBL1651141,O=C(CCC1CCN(Cc2ccccc2[N+](=O)[O-])CC1)c1cc2c3c(ccn3C(=O)CC2)c1,0,CHEMBL1651141
CHEMBL3234590,O/N=C/c1nc(CCCCCSc2c3c(nc4ccccc24)CCCC3)ccc1O,1,CHEMBL3234590
CHEMBL3220802,C[C@@]12CC[C@@H]3[C@@](CC[C@H]4[C@@]3(C)CCC[C@@]4(C)C(=O)OCC[N+](C)(C)Cc3ccccc3)(CC1=O)C2,1,CHEMBL3220802
CHEMBL158232,CC1CCN(Cc2ccccc2)CC1,0,CHEMBL158232
CHEMBL4285912,O=C(NCCC1CCN(Cc2ccccc2)CC1)c1cc(=O)c2cccc(O)c2[nH]1,1,CHEMBL4285912
CHEMBL4280725,O=C(NCCC1CCN(Cc2ccccc2)CC1)c1cc(=O)c2cc(O)c(O)cc2o1,1,CHEMBL4280725
CHEMBL4277548,O=C(NCCC1CCN(Cc2ccccc2)CC1)c1cc(=O)c2cc([N+](=O)[O-])ccc2o1,0,CHEMBL4277548
CHEMBL4283450,COc1ccc2oc(C(=O)NCCC3CCN(Cc4ccccc4)CC3)cc(=O)c2c1,0,CHEMBL4283450
CHEMBL4283079,O=C(NC1CCN(Cc2ccccc2)CC1)c1cc(=O)c2cc(O)ccc2o1,1,CHEMBL4283079
CHEMBL4290940,COc1ccc2oc(C(=O)NC3CCN(Cc4ccccc4)CC3)cc(=O)c2c1,0,CHEMBL4290940
CHEMBL58252,C=CC[N+](C)(C)c1ccc(O)cc1,1,CHEMBL58252
CHEMBL24416,COc1ccc(-c2cc3c(c(=O)o2)C(=O)C2[C@@]4(C)CC[C@H](O)[C@@](C)(CO)C4C[C@H](O)[C@@]2(C)O3)cc1,1,CHEMBL24416
CHEMBL2441694,COc1c(F)c[n+](C)cc1F,1,CHEMBL2441694
CHEMBL2441689,COc1cccc(C(F)(F)F)[n+]1C,1,CHEMBL2441689
CHEMBL2441676,COc1cc2c(cc1OC)C(=O)C(CCCCCCCc1cccc(OC)[n+]1C)C2,0,CHEMBL2441676
CHEMBL2441674,COc1cc2c(cc1OC)C(=O)C(CCCCCc1cccc(OC)[n+]1C)C2,0,CHEMBL2441674
CHEMBL2440134,COc1c(F)c[n+](CCCCOc2ccc3c(C)cc(=O)oc3c2)cc1F,0,CHEMBL2440134
CHEMBL61533,Nc1c2c(nc3cc(F)ccc13)CCCC2,0,CHEMBL61533
CHEMBL155746,CN1CCC(/C=C/C=C2\Cc3ccccc3C2=O)CC1,0,CHEMBL155746
CHEMBL2181430,COc1cc2c(cc1OC)C(c1ccccc1)N(CCCc1ccc(O)c(/C=N/O)n1)CC2,1,CHEMBL2181430
CHEMBL174710,COc1ccccc1CN(CCCCCC(=O)N(C)CCCCCCCCN(C)C(=O)CCCCCN(Cc1ccccc1OC)C(C)C)C(C)C,0,CHEMBL174710
CHEMBL3585779,COc1cccc(OC)c1C(C)NS(=O)(=O)NC(=O)OCc1ccccc1,0,CHEMBL3585779
CHEMBL127857,CN(CCCOc1ccc2c(=O)c3ccccc3oc2c1)Cc1cccc(OC(=O)NCCCCCCCCCN2CCOCC2)c1,0,CHEMBL127857
CHEMBL2234528,CCOC(=O)C1=C(C)Nc2nc3c(c(N)c2[C@H]1c1cccc([N+](=O)[O-])c1)CCCC3,0,CHEMBL2234528
CHEMBL2234512,CCOC(=O)C1=C(C)Oc2nc3c(c(N)c2[C@H]1c1ccccc1)CCC3,1,CHEMBL2234512
CHEMBL252580,CCOC(=O)c1c(C)nc2nc3c(c(N)c2c1-c1ccc(OC)c(OC)c1)CCCCC3,1,CHEMBL252580
CHEMBL3623555,CC(C)n1cc(C(=O)C(F)F)cn1,0,CHEMBL3623555
CHEMBL3623560,CC(C)Cn1cc(C(=O)C(F)F)cn1,1,CHEMBL3623560
CHEMBL101482,CCC(C)CSC(=O)OCC[N+](C)(C)C,1,CHEMBL101482
CHEMBL93619,COc1cccc2c(CCC3CCN(Cc4ccccc4)CC3)noc12,0,CHEMBL93619
CHEMBL187404,c1cc(C[n+]2ccc(N3CCCCC3)cc2)cc(-c2cccc(C[n+]3ccc(N4CCCCC4)cc3)c2)c1,0,CHEMBL187404
CHEMBL156874,CN1CCC(/C=C2\Cc3ccccc3C2=O)CC1,0,CHEMBL156874
CHEMBL59192,C=CC[N+](C)(C)c1cccc(OC(C)=O)c1,1,CHEMBL59192
CHEMBL4091851,COc1ccc(CCNc2c3c(nc4cc(Cl)ccc24)CCCC3)cc1OC,0,CHEMBL4091851
CHEMBL130270,CC(C)c1ccccc1NC(=O)Oc1ccc2c(c1)[C@]1(C)CCN(C)[C@@H]1N2C,0,CHEMBL130270
CHEMBL130880,Nc1c2c(nc3c1CCC3)CCCC2,0,CHEMBL130880
CHEMBL552832,O=C(CCC1CCN(Cc2ccccc2)CC1)c1ccccc1,0,CHEMBL1082433;CHEMBL552832
CHEMBL149230,CCC(OC[n+]1ccn(C)c1/C=N/O)C(C)(C)C,1,CHEMBL149230
CHEMBL156487,COc1cc2c(cc1O)CC(C)C2=O,0,CHEMBL156487
CHEMBL342903,C[C@@]1(O)C[N+](C)(C)CCO1,1,CHEMBL342903
CHEMBL318026,Nc1c2c(nc3ccccc13)CCC(O)C2,1,CHEMBL318026
CHEMBL140476,CC1=CC2Cc3nc4cc(Cl)ccc4c(N)c3C(C1)C2,0,CHEMBL140476;CHEMBL536047
CHEMBL4072478,COc1ccc2nc3c(c(NCCCCCCCNC(=S)NC45CC6CC(CC(C6)C4)C5)c2c1)CCCC3,1,CHEMBL4072478
CHEMBL1834076,CC(C)(C)OC(=O)N1CCN(c2nccc(NC(c3ccccc3)c3ccccc3)n2)CC1,1,CHEMBL1834076
CHEMBL340929,CC(C)(C)OC(=O)n1cc(/C=C2\CN(Cc3ccccc3)CCC2=O)c2ccccc21,1,CHEMBL340929
CHEMBL305670,CNC(=O)Oc1ccc2c(c1)[C@]1(C)CCN[C@@H]1N2C,0,CHEMBL305670
CHEMBL4160151,C[C@@]1(c2nccc3cc4c(cc23)OCO4)Oc2ccc3c(c2O1)OCO3,1,CHEMBL4160151
CHEMBL1783529,C[C@@H]([C@H]1[C@H](O)C[C@@]2(C)[C@@H]3CC[C@H]4[C@]5(C)COC(C(F)(F)F)=N[C@H]5CC[C@@]45C[C@@]35C(=O)C[C@]12C)N(C)C,1,CHEMBL1783529
CHEMBL1783528,COc1ccccc1CN(C)[C@@H](C)[C@H]1[C@H](O)C[C@@]2(C)[C@@H]3CC[C@H]4[C@]5(C)CSC(C(C)C)=N[C@H]5CC[C@@]45C[C@@]35C(=O)C[C@]12C,0,CHEMBL1783528
CHEMBL299435,C[C@@H]1C(=O)N(C(=O)C2CC2)[C@H]2CCN(C(=O)[C@@H]3CCCN3S(=O)(=O)c3cccc4c(N(C)C)cccc34)[C@H]12,1,CHEMBL299435
CHEMBL4159640,Cc1cc(=O)oc2cc(OCCSC(=S)N3CCC(N4CCCCC4)CC3)ccc12,1,CHEMBL4159640
CHEMBL4082785,CCOc1ccc(Cc2nc3cc(C(=O)N(CC)CC)ccc3n2CCCCCCN2CCCCC2)cc1,1,CHEMBL4082785
CHEMBL4537240,O=C(/C=C/c1ccc(OCCCCCCN2CCCC2)cc1)c1ccc(OCCCCCCN2CCCC2)cc1O,0,CHEMBL4537240
CHEMBL146158,Cn1cc[n+](COC[n+]2ccn(C)c2/C=N/O)c1/C=N/O,1,CHEMBL146158
CHEMBL92955,O=S(=O)(Nc1ccc2c(CCC3CCN(Cc4ccccc4)CC3)noc2c1)c1ccccc1,0,CHEMBL92955
CHEMBL1082981,CC1CCN(c2nccc(NCCc3ccccc3)n2)CC1,1,CHEMBL1082981
CHEMBL92775,N#Cc1ccc2c(CCC3CCN(Cc4ccccc4)CC3)noc2c1,0,CHEMBL92775
CHEMBL463686,O=C(O)c1cccc2nc3ccccc3nc12,1,CHEMBL463686
CHEMBL2071428,CC(C)=CCc1cccc2nc3cccc(C(=O)O)c3nc12,1,CHEMBL2071428
CHEMBL3819646,O=C1/C(=C/C2CCN(Cc3ccccc3)CC2)Cc2cc(O)ccc21,1,CHEMBL3819646
CHEMBL1819170,c1ccc2c(NCCCCCCCN3CCOCC3)c3c(nc2c1)CCCC3,0,CHEMBL1819170
CHEMBL1819171,c1ccc2c(NCCCCCCCCN3CCOCC3)c3c(nc2c1)CCCC3,0,CHEMBL1819171
CHEMBL1819176,Clc1ccc2c(NCCCCCCCNc3c4c(nc5ccccc35)-c3ccccc3C4)c3c(nc2c1)CCCC3,0,CHEMBL1819176
CHEMBL384886,COc1cc(CCC(=O)NCCCC(=O)NNc2c3c(nc4ccccc24)CCCC3)cc(OC)c1OC,0,CHEMBL384886
CHEMBL220141,COc1cc(CCC(=O)NCCC(=O)NNc2c3c(nc4ccccc24)CCCC3)cc(OC)c1OC,0,CHEMBL220141
CHEMBL385269,COc1cc(C(=O)NCC(=O)NNc2c3c(nc4ccccc24)CCCC3)cc(OC)c1OC,0,CHEMBL385269
CHEMBL494887,CC(C)NP(=O)(NC(C)C)OP(=O)(NC(C)C)NC(C)C,1,CHEMBL494887
CHEMBL3937964,COc1ccc2nc(NCCc3cc[n+](Cc4ccc(F)cc4)cc3)sc2c1,0,CHEMBL3937964
CHEMBL3900968,O=[N+]([O-])c1ccc2nc(NCCc3cc[n+](Cc4ccc(F)cc4)cc3)sc2c1,0,CHEMBL3900968
CHEMBL305386,C=C(C)C[N+](C)(C)c1cccc(OC)c1,1,CHEMBL305386
CHEMBL419470,C[C@@]12CCNC1Nc1ccc(OC(=O)Nc3ccccc3)cc12,0,CHEMBL419470
CHEMBL80221,CNC(=O)Oc1ccc2c(c1)[C@]1(C)CCN(C)C1N2Cc1ccccc1,0,CHEMBL80221
CHEMBL423313,COc1cc2cc(C(=O)CCC3CC[N+](C)(CC(=O)OC(C)(C)C)CC3)sc2cc1OC,0,CHEMBL423313
CHEMBL609409,CN1CC[C@@]2(C)c3cc(OC(=O)Nc4ccc(Cl)cc4)ccc3N(C)C12,1,CHEMBL609409
CHEMBL91291,Cc1cc2onc(CCC3CCN(Cc4ccccc4)CC3)c2cc1C,0,CHEMBL91291
CHEMBL1669484,c1ccc2c[n+](CCCCCC[n+]3ccc4ccccc4c3)ccc2c1,0,CHEMBL1669484
CHEMBL158252,CN1CCC(CCC2C(=O)Nc3ccccc3C2=O)CC1,0,CHEMBL158252
CHEMBL296669,CN(C)CCCS/C(=N\O)C(=O)c1ccc(Br)cc1,1,CHEMBL296669
CHEMBL4469066,COc1ccc2nc3c(c(NCCCCCNC(=S)NC45CC6CC(CC(C6)C4)C5)c2c1)CCCC3,0,CHEMBL4469066
CHEMBL1204162,c1ccc(CN2CCC(CCN=c3cc4c(n[nH]3)-c3ccccc3C4)CC2)cc1,0,CHEMBL1204162
CHEMBL195241,Cc1c(N2CCN(C)CC2)nc2ccccc2c1C(=O)NCCCCCCCNc1c2c(nc3ccccc13)CCCC2,0,CHEMBL195241
CHEMBL4281440,Cn1c2nc3ccccc3c-2c(NCCCCNc2c3c(nc4ccccc24)CCCC3)c2ccccc21,0,CHEMBL4281440
CHEMBL5417332,CCN(C)C(=O)Oc1ccc(-c2cc(=O)c3c(O)c(O)c(OC(=O)N[C@@H](Cc4ccccc4)C(=O)OC(C)(C)C)cc3o2)cc1,1,CHEMBL5417332
CHEMBL347354,CC1CCN(Cc2ccccc2[N+](=O)[O-])CC1,0,CHEMBL347354
CHEMBL130738,Cc1[nH]c(C)c(/C=C2\CN(Cc3ccccc3)CCC2=O)c1C=O,1,CHEMBL130738
CHEMBL76135,C[C@@]12CCN(Cc3ccccc3)C1N(Cc1ccccc1)c1ccc(OC(=O)Nc3ccccc3)cc12,1,CHEMBL76135
CHEMBL3933395,COc1cc2c(cc1OC)C(=O)C(CC1CCN(Cc3ccccc3Cl)CC1)C2,0,CHEMBL3933395
CHEMBL3890758,COc1cc2c(cc1OC)C(=O)C(CC1CCN(Cc3ccccc3C(F)(F)F)CC1)C2,1,CHEMBL3890758
CHEMBL3944652,COc1cc2c(cc1OC)C(=O)C(CC1CCN(Cc3cccc(Cl)n3)CC1)C2,0,CHEMBL3944652
CHEMBL2425414,O=C1NC(=S)NC(=O)C1=CNNC(=S)Nc1ccc(C(F)(F)F)cc1,1,CHEMBL2425414
CHEMBL2425412,O=C1NC(=S)NC(=O)C1=CNNC(=S)Nc1ccc(Br)cc1,1,CHEMBL2425412
CHEMBL433379,Cc1ccc2onc(CCC3CCN(Cc4ccccc4)CC3)c2c1,0,CHEMBL433379
CHEMBL1669479,C[N+](C)(CCNC(=O)C(=O)NCC[N+](C)(C)Cc1ccccc1Cl)Cc1ccccc1Cl,0,CHEMBL1669479
CHEMBL104613,c1ccc2c[n+](CCCCCCCCCCC[n+]3ccc4ccccc4c3)ccc2c1,0,CHEMBL104613
CHEMBL2441693,COc1cccc(C#N)[n+]1C,1,CHEMBL2441693
CHEMBL2441672,COc1cc2c(cc1OC)C[N+](C)(CCCCCCc1cccc(OC)[n+]1C)CC2,0,CHEMBL2441672
CHEMBL2441670,COc1cc2c(cc1OC)C[N+](C)(CCCCc1cccc(OC)[n+]1C)CC2,1,CHEMBL2441670
CHEMBL2441691,COc1cc(C#N)cc[n+]1C,1,CHEMBL2441691
CHEMBL133906,Cc1cccc2nc3c(c(N)c12)CCCC3,0,CHEMBL133906;CHEMBL4873501
CHEMBL212572,CCCC(CC1(C(=O)Nc2nnc(CC)s2)CCCC1)C(=O)O,1,CHEMBL212572
CHEMBL376425,CCCC(CC1(C(=O)NC2Cc3ccccc3C2)CCCC1)C(=O)O,1,CHEMBL376425
CHEMBL4176610,COc1ccc(C2NC(=S)Nc3nc4c(c(N)c32)CCCC4)cc1,1,CHEMBL4176610
CHEMBL4164418,CO[C@@H]1O[C@H]([C@@H]2c3cc4c(cc3CCN2C)OCO4)c2ccc3c(c21)OCO3,1,CHEMBL4164418
CHEMBL129542,c1cc(OCCCN2CCCCC2)ccc1CN1CCCCC1,1,CHEMBL129542
CHEMBL1190,C[N+](C)(C)CCCCCCCCCC[N+](C)(C)C,1,CHEMBL1134;CHEMBL1190
CHEMBL555214,CC1=CC2Cc3nc4cc(Cl)ccc4c(NCCCCCCNc4c5c(nc6cc(Cl)ccc46)CCCC5)c3C(C1)C2,0,CHEMBL2011491;CHEMBL555214
CHEMBL102077,CCCCCCSC(=O)OCC[N+](C)(C)C,1,CHEMBL102077
CHEMBL139330,CC(=O)Oc1cc([N+](C)(C)C)ccc1C,0,CHEMBL139330
CHEMBL87937,COCC[n+]1ccc(CCC(=O)c2cc3cc(OC)c(OC)cc3s2)cc1,0,CHEMBL87937
CHEMBL2234534,CC1(C)CC(=O)C2=C(C1)Nc1nc3c(c(N)c1[C@H]2c1ccc(F)cc1)CCCC3,0,CHEMBL2234534
CHEMBL252579,CCOC(=O)c1c(C)nc2nc3c(c(N)c2c1-c1ccc(Cl)cc1)CCCC3,1,CHEMBL252579
CHEMBL252380,CCOC(=O)c1c(C)nc2nc3c(c(N)c2c1-c1ccc(F)cc1)CCCC3,0,CHEMBL252380
CHEMBL225396,COc1ccc(CN(C)CCCCCCCOc2ccc3c(=O)c4ccccc4oc3c2)cc1,1,CHEMBL225396
CHEMBL128780,CCCCCCCNC(=O)Oc1cccc(CN(C)CCCCOc2ccc3c(=O)c4ccccc4oc3c2)c1,0,CHEMBL128780
CHEMBL128202,CCN(CCCOc1ccc2c(=O)c3ccccc3oc2c1)Cc1cccc(OC(=O)NC)c1,0,CHEMBL128202
CHEMBL2236393,CNCOc1cccc(CN(C)CCCCCCCOc2ccc3c(=O)c4ccccc4oc3c2)c1,0,CHEMBL2236393
CHEMBL404407,CCOC(=O)c1c(C)nc2nc3c(c(N)c2c1-c1ccncc1)CCCCC3,1,CHEMBL404407
CHEMBL132260,Nc1c2c(nc3ccccc13)OCCC2,0,CHEMBL132260
CHEMBL442361,COc1ccc([N+](C)(C)Cc2ccccc2)cc1,1,CHEMBL442361
CHEMBL2079593,Cc1noc(/C=N\O)n1,1,CHEMBL2079593
CHEMBL54956,Cc1ccccc1NC(=O)Oc1ccc2c(c1)[C@]1(C)CCN(CCc3ccccc3)C1N2C,0,CHEMBL54956
CHEMBL50,O=c1c(O)c(-c2ccc(O)c(O)c2)oc2cc(O)cc(O)c12,1,CHEMBL50
CHEMBL1952060,O/N=C/C1=NCCN1Cc1cc(C(F)(F)F)cc(C(F)(F)F)c1,1,CHEMBL1952060
CHEMBL1819169,c1ccc2c(NCCCCCCN3CCOCC3)c3c(nc2c1)CCCC3,0,CHEMBL1819169
CHEMBL1819172,c1ccc2c(NCCCCCCCCCN3CCOCC3)c3c(nc2c1)CCCC3,0,CHEMBL1819172
CHEMBL1773479,CN(Cc1ccccc1)Cc1ccc(C(=O)c2ccc(NC(=O)CN3CCCCC3)cc2)cc1,0,CHEMBL1773479
CHEMBL335108,COc1cccc([N+](C)(C)C)c1C,1,CHEMBL335108
CHEMBL293720,CC(C)c1ccc(NC(=O)Oc2ccc3c(c2)[C@]2(C)CCN(C)C2N3Cc2ccccc2)cc1,1,CHEMBL293720
CHEMBL130704,CSc1nc(-c2ccc(C)cc2)nn1C(=O)N1CCOCC1,1,CHEMBL130704
CHEMBL3770479,O=C(c1ccccc1)N1c2ccccc2[Se]c2ccc(Cl)cc21,1,CHEMBL3770479
CHEMBL1411769,Clc1ccc2c(c1)Nc1ccccc1S2,1,CHEMBL1411769
CHEMBL394753,O=C(Cc1ccccc1)N1c2ccccc2Sc2ccccc21,1,CHEMBL394753
CHEMBL87959,COc1cc2cc(C(=O)CCC3CC[N+](C)(CCOc4ccccc4)CC3)sc2cc1OC,0,CHEMBL87959
CHEMBL160836,CC/N=C1/CCc2c1n(C)c1ccc(OC(=O)NC)c(Br)c21,0,CHEMBL160836
CHEMBL160219,CNC(=O)Oc1ccc2c(c1)c1c(n2C)/C(=N\CCc2ccccc2)CC1,0,CHEMBL160219
CHEMBL3819548,O=C(/C=C/c1ccccc1)NCCC1CCN(Cc2ccccc2)CC1,0,CHEMBL3819548
CHEMBL105742,c1cc[n+](CCCCCCCCC[n+]2ccccc2)cc1,1,CHEMBL105742
CHEMBL1081124,c1cc[n+](Cc2ccccc2C[n+]2ccccc2)cc1,1,CHEMBL1081124
CHEMBL314800,Nc1c2c(nc3ccccc13)-c1ccccc1CS2,1,CHEMBL314800
CHEMBL2413740,CCN(CC)CCOc1ccc(-c2nc3cc(Cl)ccc3[nH]2)cc1,1,CHEMBL2413740
CHEMBL2413735,Cc1ccc2[nH]c(-c3ccc(OCCN4CCCC4)cc3)nc2c1,0,CHEMBL2413735
CHEMBL5187221,C[N+](C)(C)CCNC(=O)/C=C/c1ccc(O)c(O)c1,1,CHEMBL5187221
CHEMBL5171929,COc1ccc(/C=C/C(=O)Nc2cc[n+](Cc3cccc(F)c3)cc2)cc1OC,0,CHEMBL5171929
CHEMBL5206601,COc1ccc(/C=C/C(=O)Nc2cc[n+](Cc3ccc(F)cc3)cc2)cc1OC,0,CHEMBL5206601
CHEMBL107673,CN(C)Cc1ccc(CSCCNc2cc(NCc3cccnc3)c([N+](=O)[O-])cc2[N+](=O)[O-])o1,0,CHEMBL107673
CHEMBL1082749,CN(C)C(=O)Oc1cccc(-c2cn3c(C(F)(F)F)cccc3[n+]2C)c1,1,CHEMBL1082749
CHEMBL1082750,COc1cccc2n1cc(-c1cccc(OC(=O)N(C)C)c1)[n+]2C,1,CHEMBL1082750
CHEMBL308793,CCN1CCc2cc(C(=O)CCC3CCN(Cc4ccccc4)CC3)ccc21,0,CHEMBL308793
CHEMBL142013,c1ccc(CN2CCC(CCN3CCc4ccccc4C3)CC2)cc1,1,CHEMBL142013
CHEMBL89011,Nc1c2c(nc3ccccc13)-c1ccccc1CO2,1,CHEMBL89011
CHEMBL152826,COc1cc2c(c(OC)c1)C(=O)C(C)C2,0,CHEMBL152826
CHEMBL3086279,COc1cc2c(cc1OC)[Se](=O)N(CCC1CCN(Cc3ccccc3)CC1)C2=O,0,CHEMBL3086279
CHEMBL3086278,COc1cc2[se]n(CCCCC3CCN(Cc4ccccc4)CC3)c(=O)c2cc1OC,0,CHEMBL3086278
CHEMBL344924,C[N+](C)(C)CCCCBr,1,CHEMBL344924
CHEMBL1289507,COc1cc2c(cc1OC)C(=O)C1(C2)C(c2ccc(F)cc2)CN(C)C12C(=O)Nc1ccc([N+](=O)[O-])cc12,1,CHEMBL1289507
CHEMBL1290152,COc1cc2c(cc1OC)C(=O)C1(C2)C(c2ccccc2)C(c2ccccc2)NC12C(=O)Nc1ccc(Cl)cc12,1,CHEMBL1290152
CHEMBL1288827,COc1ccc(C2C(c3ccccc3)NC3(C(=O)Nc4ccc([N+](=O)[O-])cc43)C23Cc2cc(OC)c(OC)cc2C3=O)cc1OC,1,CHEMBL1288827
CHEMBL104355,CN(C)Cc1ccc(CSCCNc2ccc(F)cc2[N+](=O)[O-])o1,0,CHEMBL104355
CHEMBL557181,O=C(CCC1CCN(Cc2ccccc2)CC1)c1ccc2c(c1)OCCO2,0,CHEMBL1196495;CHEMBL557181
CHEMBL32823,c1ccc2c(NCCCCCCCNc3c4c(nc5ccccc35)CCCC4)c3c(nc2c1)CCCC3,0,CHEMBL32823;CHEMBL3752685
CHEMBL1766144,Fc1ccc(CN2CCN(c3nccc(NCc4ccccc4)n3)CC2)cc1,1,CHEMBL1766144
CHEMBL1766020,CC(C)C1CCN(c2nccc(NCc3ccccc3)n2)CC1,1,CHEMBL1766020
CHEMBL3960964,C=CCOC(=O)C1=C(C)Nc2nc3c(c(N)c2C1c1cccc([N+](=O)[O-])c1)CC(C)(C)CC3,1,CHEMBL3960964
CHEMBL3972317,CCOC(=O)C1=C(C)Nc2nc3c(c(N)c2C1c1cccc([N+](=O)[O-])c1)CC(F)(F)CC3,0,CHEMBL3972317
CHEMBL1761994,c1ccc2c(c1)ccc[n+]2CCCCCCC[n+]1cccc2ccccc21,0,CHEMBL1761994
CHEMBL225577,c1ccc2c(c1)ccc[n+]2CCCCCCCCCC[n+]1cccc2ccccc21,0,CHEMBL225577
CHEMBL151369,CCN(C)C(=O)Oc1cccc(CCNC)c1,1,CHEMBL151369
CHEMBL188821,c1cc(C[n+]2ccc(N3CCCCC3)cc2)ccc1C[n+]1ccc(N2CCCCC2)cc1,0,CHEMBL188821
CHEMBL4096963,CCN(CCCCCCN1C(=O)c2ccccc2C1=O)Cc1ccccc1,1,CHEMBL4096963
CHEMBL448060,CC(C)=CCOc1c2ccoc2cc2oc(=O)ccc12,1,CHEMBL448060
CHEMBL4848527,CC1=CC2Cc3nc4cc(Cl)ccc4c(NCCCCCCCCC(=O)NCc4cc[nH]c(=O)c4)c3C(C1)C2,0,CHEMBL4848527
CHEMBL3356531,O=C1C=C(NCCCNc2c3c(nc4ccccc24)CCCC3)C(=O)c2ccccc21,0,CHEMBL3356531
CHEMBL4095908,COc1cccc(C2c3ccc4cccnc4c3Oc3nc4c(c(N)c32)CCCC4)c1,0,CHEMBL4095908
CHEMBL235014,c1ccc2c(NCCOCCOCCNc3c4c(nc5ccccc35)CCCC4)c3c(nc2c1)CCCC3,0,CHEMBL235014
CHEMBL440983,O=C(NCCNc1c2c(nc3ccccc13)CCCC2)C(=O)NCCNc1c2c(nc3ccccc13)CCCC2,0,CHEMBL440983
CHEMBL2093013,C#CCN[C@@H]1CCc2ccc(OC(=O)N(C)CCC)cc21,1,CHEMBL2093013
CHEMBL544165,C#CCNC1CCc2c(Cl)cc(OC(=O)N(C)CC)cc21,1,CHEMBL544165
CHEMBL542297,Cc1nc2cc(C(=O)CCC3CCN(Cc4ccccc4)CC3)ccc2[nH]1,0,CHEMBL1084790;CHEMBL542297
CHEMBL539571,C#CCNC1CCc2ccc(OC(=O)N(CC)CCCC)cc21,1,CHEMBL539571
CHEMBL3262672,COc1cc2c(cc1OC)C(Cc1ccc(OCCCCCCN3CCN(Cc4ccccc4)CC3)cc1)NCC2,1,CHEMBL3262672
CHEMBL3900977,CC1=C(C(=O)OC(C)C)C(c2cncnc2)c2c(nc3c(c2N)CC(C)(C)CC3)N1,0,CHEMBL3900977
CHEMBL5397824,Cc1ccccc1NC1=C([N+](=O)[O-])C2(NN1)C(=O)Nc1ccc([N+](=O)[O-])cc12,1,CHEMBL5397824
CHEMBL4545210,COc1cc2c(cc1OC)-c1cc(OCCN3CCCCC3)nc(=O)n1CC2,1,CHEMBL4545210
CHEMBL3752974,CC(C)NCc1cccc2[nH]c3ccccc3c12,1,CHEMBL3752974
CHEMBL3752232,CCNCc1cccc2[nH]c3cc(Cl)ccc3c12,1,CHEMBL3752232
CHEMBL1572608,CCN(CC)CCCNc1nc2ccccc2[nH]1,1,CHEMBL1572608
CHEMBL2396905,CCCCN(C)c1nc2ccccc2[nH]1,1,CHEMBL2396905
CHEMBL3417300,Cc1c(C)c2ccc(OCCN3CCN(CCCNc4c5c(nc6ccccc46)CCCC5)CC3)cc2oc1=O,0,CHEMBL3417300
CHEMBL400092,O[C@H]1[C@H]2c3cc4c(cc3CN3CCC(=C[C@@H]1O)[C@H]23)OCO4,1,CHEMBL400092
CHEMBL4168790,CO[C@@H]1C=C[C@@]23c4cc5c(cc4CN(CCC(C)C)[C@]2(C(C)=O)C(=O)N(C)[C@H]3C1)OCO5,1,CHEMBL4168790
CHEMBL4096024,CCC(C)(C)NCC(O)c1cc(OC(=O)N(C)C)cc(OC(=O)N(C)C)c1,1,CHEMBL4096024
CHEMBL3116297,O=[N+]([O-])c1ccc2c(c1)c(OCc1ccc3ccccc3c1)nn2Cc1ccc2ccccc2c1,1,CHEMBL3116297
CHEMBL5437114,CC(=O)n1c2c(c3ccccc31)Oc1nc(C)[nH]c(=O)c1C2c1ccc(C#N)cc1,1,CHEMBL5437114
CHEMBL2375482,Brc1ccc(-c2nnc3sc(-c4ccoc4)nn23)cc1,1,CHEMBL2375482
CHEMBL5407446,O=c1nc2sc3ccccc3n2c2ncccc12,1,CHEMBL5407446
CHEMBL4859103,CC1=CC2Cc3nc4cc(Cl)ccc4c(NCCCCCCCCCNC(=O)c4cc(O)cc(O)c4)c3C(C1)C2,0,CHEMBL4859103
CHEMBL4864004,COc1ccc2[nH]c(CCNC(=O)CCCn3cc(CCCCN4CCc5cc(OC)c(OC)cc5C4CCCN4C(=O)c5ccccc5C4=O)nn3)cc2c1,1,CHEMBL4864004
CHEMBL347667,COc1cc2c(cc1O)C(=O)C(C)C2,0,CHEMBL347667
CHEMBL3115022,COc1cc2[se]n(-c3ccc(CN(C)Cc4ccccc4)cc3)c(=O)c2cc1OC,1,CHEMBL3115022
CHEMBL3115026,COc1cc2[se]n(-c3ccc(OCCCCN4CCCCC4)cc3)c(=O)c2cc1OC,1,CHEMBL3115026
CHEMBL3115023,COc1cc2[se]n(-c3ccc(CCN4CCCC4)cc3)c(=O)c2cc1OC,1,CHEMBL3115023
CHEMBL3115027,O=c1c2ccccc2[se]n1-c1ccc(CN2CCCCC2)cc1,1,CHEMBL3115027
CHEMBL3115038,CN1CC[C@@H](C(=O)N2C/C(=C\c3cccc4ccccc34)C(=O)[C@@]3(C2)[C@H](c2cccc4ccccc24)CN(C)[C@]32C(=O)Nc3ccccc32)[C@@]12C(=O)Nc1ccccc12,1,CHEMBL3115038
CHEMBL3115036,CN1CC[C@@H](C(=O)N2C/C(=C\c3ccc(Cl)cc3)C(=O)[C@@]3(C2)[C@H](c2ccc(Cl)cc2)CN(C)[C@]32C(=O)Nc3ccccc32)[C@@]12C(=O)Nc1ccccc12,1,CHEMBL3115036
CHEMBL3115031,CN1CC[C@@H](C(=O)N2C/C(=C\c3ccccc3Cl)C(=O)[C@@]3(C2)[C@H](c2ccccc2Cl)CN(C)[C@]32C(=O)Nc3ccccc32)[C@@]12C(=O)Nc1ccccc12,1,CHEMBL3115031
CHEMBL3115045,C=CC(=O)N1C/C(=C\c2ccc(Cl)cc2Cl)C(=O)[C@@]2(C1)[C@H](c1ccc(Cl)cc1Cl)CN(C)[C@]21C(=O)Nc2ccccc21,1,CHEMBL3115045
CHEMBL3115040,C=CC(=O)N1C/C(=C\c2ccccc2C)C(=O)[C@@]2(C1)[C@H](c1ccccc1C)CN(C)[C@]21C(=O)Nc2ccccc21,1,CHEMBL3115040
CHEMBL3115039,C=CC(=O)N1C/C(=C\c2ccccc2)C(=O)[C@@]2(C1)[C@H](c1ccccc1)CN(C)[C@]21C(=O)Nc2ccccc21,1,CHEMBL3115039
CHEMBL3752227,CCN(CCCCCCCCc1cccc(OC)c1)Cc1ccccc1OC,1,CHEMBL3752227
CHEMBL2380670,COc1ccccc1/C=C1\CN(C(=O)[C@H]2C[C@H]3CCCN3[C@]23C(=O)Nc2cc(Cl)ccc23)C/C(=C\c2ccccc2OC)C1=O,1,CHEMBL2380670
CHEMBL65891,CCN(CC)CCS/C(=N\O)c1nc(C(C)(C)C)no1,1,CHEMBL65891
CHEMBL2093018,C#CCN(C)[C@@H](C)Cc1cccc(OC(=O)N(C)CCCCCC)c1,1,CHEMBL2093018
CHEMBL4098654,CCN(CCCCNC(=O)COc1ccc(-c2cc(=O)c3c(OC)c(OC)c(OC)cc3o2)cc1)Cc1ccccc1OC,0,CHEMBL4098654
CHEMBL3216555,CC1=CC2Cc3nc4cc(Cl)ccc4c(NCCCCCCCNc4c5c(nc6cc(Cl)ccc46)CCCC5)c3C(C1)C2,0,CHEMBL3216555;CHEMBL538573
CHEMBL3216556,CC1=C[C@@H]2Cc3nc4cc(Cl)ccc4c(NCCCCCCCNc4c5c(nc6cc(Cl)ccc46)CCCC5)c3[C@H](C1)C2,0,CHEMBL3216556
CHEMBL3978533,COc1ccc(/C=C/C(=O)Nc2ccc(CN(C)Cc3ccccc3)cc2)cc1,1,CHEMBL3978533
CHEMBL3919086,COc1cccc(/C=C/C(=O)Nc2ccc(CN(C)Cc3ccccc3)cc2)c1,1,CHEMBL3919086
CHEMBL3819320,O=C(/C=C/c1ccc(O)cc1)NCCC1CCN(Cc2ccccc2)CC1,1,CHEMBL3819320
CHEMBL3905695,COc1ccc(/C=C/C(=O)NCCC2CCN(Cc3ccccc3)CC2)cc1,0,CHEMBL3905695
CHEMBL87280,COC(=O)c1ccc(C[n+]2ccc(CCC(=O)c3cc4cc(OC)c(OC)cc4s3)cc2)cc1,1,CHEMBL87280
CHEMBL3122169,CCNCc1ccc2nc(-c3cccnc3)c3c(c2c1)NCCC3,1,CHEMBL3122169
CHEMBL3133430,Cn1ncc2c1-c1sccc1C2NC(=O)CN1CCN(Cc2ccccc2F)CC1,1,CHEMBL3133430
CHEMBL2441678,COc1ccc(C(F)(F)F)c[n+]1CCC[n+]1cc(C(F)(F)F)ccc1OC,1,CHEMBL2441678
CHEMBL4167958,COc1ccc2c3c1O[C@H]1C[C@H](O)CC[C@@]31CCN(C)C2,1,CHEMBL4167958
CHEMBL13522,CN(C)Cc1ccc(CSCc2ccc(CN(C)C)o2)o1,1,CHEMBL13522
CHEMBL347503,C#CCNCCc1cccc(OC(=O)N(C)C)c1,0,CHEMBL347503
CHEMBL4092602,N#CC1=C(N)N2CCCNC2=C([N+](=O)[O-])C12c1ccccc1-c1nc3ccc([N+](=O)[O-])cc3nc12,1,CHEMBL4092602
CHEMBL4100338,Cc1cc2nc3c(nc2cc1C)C1(C(C#N)=C(N)N2CC(C)(C)CNC2=C1[N+](=O)[O-])c1ccccc1-3,1,CHEMBL4100338
CHEMBL603256,CN(Cc1ccccc1)Cc1ccc(/C=C2\Cc3ccc(OCCCCCN4CCCCC4)cc3C2=O)cc1,0,CHEMBL603256
CHEMBL139908,CCCC(=O)SCC[N+](C)(C)C,1,CHEMBL139908
CHEMBL54727,CN1CC[C@@]2(C)c3cc(OC(=O)Nc4ccccc4)ccc3N(C)C12,0,CHEMBL54727
CHEMBL137560,Cc1ccc([N+](C)(C)C)cc1O,1,CHEMBL137560
CHEMBL3360757,COC(=O)CC1=NO[C@@H]2CCCC[C@@H]2[C@H]1c1ccccc1,1,CHEMBL3360757
CHEMBL59074,COc1ccc(C(=O)CCc2cccc([N+](C)(C)Cc3ccccc3)c2)cc1OC,1,CHEMBL59074
CHEMBL155945,CN1CCC(CC/C=C2\Cc3ccccc3C2=O)CC1,0,CHEMBL155945
CHEMBL521589,CN(C)C(=O)Oc1cc(OC(=O)N(C)C)cc(C(O)CNC(C)(C)C)c1,1,CHEMBL521589
CHEMBL4099794,COc1ccc2c(c1)CC(CC1C=CN(Cc3ccccc3C)C=C1C(C)=O)C2=O,1,CHEMBL4099794
CHEMBL4068149,COC(=O)c1c[n+](Cc2ccccc2)ccc1CC1Cc2cc(OC)c(OC)cc2C1=O,0,CHEMBL4068149
CHEMBL4074062,CC(=O)c1c[n+](Cc2ccccc2C)ccc1CC1Cc2cc(C)c(C)cc2C1=O,0,CHEMBL4074062
CHEMBL92629,c1ccc(CN2CCC(CNc3noc4ccccc34)CC2)cc1,0,CHEMBL92629
CHEMBL3093795,c1cc[n+](CCCCCCCC[n+]2ccc3ccccc3c2)cc1,0,CHEMBL3093795
CHEMBL1420,C[n+]1ccccc1C=NO,1,CHEMBL1420;CHEMBL14577
CHEMBL3955393,O=C1/C(=C/c2ccccc2)CN(Cc2ccc3ccccc3c2)C/C1=C\c1ccccc1,1,CHEMBL3955393
CHEMBL2011405,COc1c(O)cc(C2CC(=O)c3c(cc(O)c(C/C=C(\C)CCC=C(C)C)c3O)O2)cc1O,1,CHEMBL2011405
CHEMBL4165513,CN1CCc2cc3c(cc2[C@H]1[C@H]1OC(=O)c2c1ccc1c2OCO1)OCO3,1,CHEMBL4165513
CHEMBL2314746,COc1ccc2c(c1O)CN1CCc3cc4c(cc3C1C2)OCO4,1,CHEMBL2314746
CHEMBL4171637,COC1c2c(ccc3c2OCO3)-c2ccc3cc4c(cc3c2N1C)OCO4,1,CHEMBL4171637
CHEMBL3310703,CC(=O)N1OC(C)(C)CC(c2ccccc2)=C1CN1C(=O)c2ccccc2C1=O,1,CHEMBL3310703
CHEMBL3828385,NC(=O)c1cc[n+](CCCC[n+]2cccc(NC(=O)/C=N\O)c2)cc1,1,CHEMBL3828385
CHEMBL2332535,C=CC(=O)N1C/C(=C\c2ccccc2Cl)C(=O)/C(=C/c2ccccc2Cl)C1,1,CHEMBL2332535
CHEMBL489354,O=C(CCCCCCCCc1ccc(O)cc1)c1c(O)cccc1O,1,CHEMBL489354
CHEMBL3819036,O=C(CCCCCCCCc1ccc(O)cc1)c1c(O)cc(O)cc1O,1,CHEMBL3819036
CHEMBL5173038,O=C(CCN1CCCCC1)Nc1ccc2nc(-c3cc4ccccc4[nH]3)[nH]c(=O)c2c1,0,CHEMBL5173038
CHEMBL2011487,CC1=CC2Cc3nc4cc(Cl)ccc4c(NCCCN(C)CCCNc4c5c(nc6ccccc46)CCCC5)c3C(C1)C2,0,CHEMBL2011487
CHEMBL1994202,CC1=C[C@@H]2Cc3nc4cc(Cl)ccc4c(N)c3[C@H](C1)C2,0,CHEMBL1161905;CHEMBL1994202;CHEMBL2007996
CHEMBL4173704,Cc1c(C(=O)N(C)C)c[n+](C)c2cccc(OC(=O)N(C)C)c12,1,CHEMBL4173704
CHEMBL3335057,COc1cccc(CN(C)CCOc2ccc3c(c2)oc(=O)c2ccccc23)c1,1,CHEMBL3335057
CHEMBL3335056,CN(CCOc1ccc2c(c1)oc(=O)c1ccccc12)Cc1ccccc1,1,CHEMBL3335056
CHEMBL3335052,O=c1oc2cc(OCCCCN3CCC(Cc4ccccc4)CC3)ccc2c2c1CCCC2,1,CHEMBL3335052
CHEMBL3335031,CN(CCCOc1ccc2c3c(c(=O)oc2c1)CCCC3)Cc1ccccc1,1,CHEMBL3335031
CHEMBL3335021,CC(c1cc(O)c2c(c1)oc(=O)c1ccccc12)N(C)C,1,CHEMBL3335021;CHEMBL3545701
CHEMBL3335017,CC(c1ccc2c(c1)oc(=O)c1ccccc12)N(C)C,1,CHEMBL3335017;CHEMBL3545708
CHEMBL3323065,O=c1c2cc(OCCCN3CCCCC3)ccc2nc2n1CCCCC2,0,CHEMBL3323065
CHEMBL3769555,COc1ccc(C(=O)N2c3ccccc3[Se]c3ccc(Cl)cc32)cc1OC,1,CHEMBL3769555
CHEMBL3770978,COc1ccc(C(=O)N2c3ccccc3[Se]c3ccccc32)cc1OC,1,CHEMBL3770978
CHEMBL3769833,COc1cccc(C(=O)N2c3ccccc3[Se]c3ccccc32)c1,1,CHEMBL3769833
CHEMBL148879,C#CCNC(C)Cc1cccc(OC(=O)N(C)C2CCCCC2)c1,1,CHEMBL148879
CHEMBL2380675,Cc1ccc(/C=C2\CN(C(=O)[C@H]3C[C@H]4CCCN4[C@]34C(=O)Nc3cc(Cl)ccc34)C/C(=C\c3ccc(C)cc3)C2=O)cc1,1,CHEMBL2380675
CHEMBL3585778,COc1ccc(OC)c(C(C)NS(=O)(=O)NC(=O)OCc2ccccc2)c1,0,CHEMBL3585778
CHEMBL3585783,COc1ccc(OC)c(C(C)NS(N)(=O)=O)c1,0,CHEMBL3585783
CHEMBL133388,CSc1nc(-c2ccc(C)cc2)nn1C(=O)N(C)C,0,CHEMBL133388
CHEMBL130645,CSc1nc(-c2ccc(Cl)cc2)nn1C(=O)N1CCOCC1,1,CHEMBL130645
CHEMBL133520,Nc1c2c(nc3cccc(F)c13)OCCC2,0,CHEMBL133520
CHEMBL2018160,COc1ccc2c(ccc[n+]2C)c1,1,CHEMBL2018160
CHEMBL1084785,CN(C)C(=O)Oc1ccc(-c2cn3c(C(F)(F)F)cccc3[n+]2C)cc1,1,CHEMBL1084785
CHEMBL1085028,CN(C)C(=O)Oc1ccc(-c2cn3c(NC(=O)c4ccccc4)cccc3[n+]2C)cc1,0,CHEMBL1085028
CHEMBL1082748,Cc1cccc2n1cc(-c1cccc(OC(=O)N(C)C)c1)[n+]2C,1,CHEMBL1082748
CHEMBL1083662,O=C(CCC1CCN(Cc2ccccc2)CC1)c1ccc2c(c1)CCCN2c1ccccc1,0,CHEMBL1083662
CHEMBL75013,O=C(CCC1CCN(Cc2ccccc2)CC1)c1ccc2c(c1)NCCCC2,0,CHEMBL75013
CHEMBL329531,c1ccc(CN2CCC(CCc3ncnc4ccccc34)CC2)cc1,0,CHEMBL329531
CHEMBL56470,CN(CCC1CCN(Cc2ccccc2)CC1)C(=O)c1ccccc1,0,CHEMBL56470
CHEMBL126354,O=C(c1ccc([N+](=O)[O-])cc1)N(CCC1CCN(Cc2ccccc2)CC1)c1ccccc1,0,CHEMBL126354
CHEMBL1084530,c1ccc2c(NCCCCCCCCCNc3ccncc3)c3c(nc2c1)CCCC3,0,CHEMBL1084530
CHEMBL1085940,CNC(=O)Oc1cccc(CN(C)CCCCCCCOc2ccc3c(c2)CC/C(=C/c2cc(O)c(O)c(O)c2)C3=O)c1,0,CHEMBL1085940
CHEMBL3356950,COc1ccc2nc3c(c(NCCCNC4=C(Cl)C(=O)c5ccccc5C4=O)c2c1)CCCC3,0,CHEMBL3356950
CHEMBL3356951,O=C1C(Cl)=C(NCCNc2c3c(nc4cc(Cl)ccc24)CCCC3)C(=O)c2ccccc21,0,CHEMBL3356951
CHEMBL51085,O=c1c2ccccc2[se]n1-c1ccccc1,1,CHEMBL51085
CHEMBL3415580,O=C1c2ccccc2C(=O)N1CCCCCCCNCc1cccc(Cl)c1,0,CHEMBL3415580
CHEMBL3116299,Nc1ccc2c(c1)c(OCc1cccc3ccccc13)nn2CCN1CCCC1,1,CHEMBL3116299
CHEMBL3116287,CCCCCOc1nn(CCCCC)c2ccc([N+](=O)[O-])cc12,1,CHEMBL3116287
CHEMBL3116286,c1ccc2cc(COc3nn(CCN4CCCCC4)c4ccccc34)ccc2c1,1,CHEMBL3116286
CHEMBL3116285,c1ccc2c(COc3nn(Cc4cccc5ccccc45)c4ccccc34)cccc2c1,1,CHEMBL3116285
CHEMBL59790,COc1ccc(C(=O)CCc2ccc([N+](C)(C)C)cc2)cc1OC,1,CHEMBL59790
CHEMBL3417299,Cc1c(Cl)c(=O)oc2cc(OCCN3CCN(CCCNc4c5c(nc6ccccc46)CCCC5)CC3)ccc12,0,CHEMBL3417299
CHEMBL61126,C=C(C)C[N+](C)(C)c1cccc(O)c1,1,CHEMBL61126
CHEMBL4161065,COc1ccc2c(c1)CCC(Cc1cc[n+](Cc3ccccc3C)cc1C(C)=O)C2=O,0,CHEMBL4161065
CHEMBL594229,COc1cc2occ(-c3ccc(N4CCCC4)cc3)c(=O)c2cc1OC,1,CHEMBL594229
CHEMBL1642971,CC(C)(C)c1cc[n+](CC[n+]2ccc(C(C)(C)C)cc2)cc1,1,CHEMBL1642971
CHEMBL4290877,Fc1ccc2c(C3CCN(CCN4CCCCC4)CC3)noc2c1,1,CHEMBL4290877
CHEMBL4285818,O=C(Cc1c[nH]c2ccc(Br)cc12)NCCC1CCN(Cc2ccccc2)CC1,1,CHEMBL4285818
CHEMBL92460,c1ccc(CN2CCC(CCc3noc4ccccc34)CC2)cc1,0,CHEMBL92460
CHEMBL1179697,CN1C(=O)Cc2cc3c(CCC4CCN(Cc5ccccc5)CC4)noc3cc21,0,CHEMBL1179697;CHEMBL94546
CHEMBL328102,c1ccc(CN2CCC(CCc3nsc4ccccc34)CC2)cc1,0,CHEMBL328102
CHEMBL598645,CCN(CC)CCCCOc1ccc2c(c1)C(=O)/C(=C/c1ccc(CN(C)Cc3ccccc3)cc1)C2,0,CHEMBL598645
CHEMBL599253,CCN(CC)CCOc1ccc2c(c1)C(=O)/C(=C/c1ccc(CN(C)Cc3ccccc3)cc1)C2,1,CHEMBL599253
CHEMBL336625,CCCCCCSc1nc(-c2ccc(C)cc2)nn1C(=O)N(C)c1ccccc1,1,CHEMBL336625
CHEMBL156630,C/N=C1/CCc2c1n(C)c1ccc(OC(=O)NCc3ccccc3)c(Br)c21,1,CHEMBL156630
CHEMBL92958,c1ccc(CN2CCC(CCc3n[nH]c4ccccc34)CC2)cc1,0,CHEMBL92958
CHEMBL397871,NC(=O)c1cc[n+](CCC[n+]2ccc(/C=N/O)cc2)cc1,1,CHEMBL397871
CHEMBL2179375,CO[P@]1(=O)CC[C@@H]2COC(=O)C2=C(C)O1,1,CHEMBL2179375
CHEMBL4241100,CCOc1cccc2c(=O)c3c(oc12)CCN(Cc1ccccc1)C3,1,CHEMBL4241100
CHEMBL1766140,OCCN1CCN(c2nccc(NCc3ccccc3)n2)CC1,1,CHEMBL1766140
CHEMBL3642057,CC(=O)NCCc1c[nH]c2ccc(OC(=O)NCCCCCCCCCCCCNc3c4c(nc5ccc(Cl)cc35)CCCC4)cc12,0,CHEMBL3642057
CHEMBL1651134,O=C(CCC1CCN(Cc2cccc(Cl)c2)CC1)c1cc2c3c(ccn3C(=O)CC2)c1,0,CHEMBL1651134
CHEMBL1669491,c1ccc(C[n+]2ccc3ccccc3c2)c(C[n+]2ccc3ccccc3c2)c1,1,CHEMBL1669491
CHEMBL3600551,CC1=CC2Cc3nc4cc(Cl)ccc4c(NCCCCCCCCCCCCNc4c5c(nc6ccccc46)CCCC5)c3C(C1)C2,0,CHEMBL3600551
CHEMBL3600552,CC1=CC2Cc3nc4cc(Cl)ccc4c(NCCCCCCCCCCCCNc4c5c(nc6cc(Cl)ccc46)CCCC5)c3C(C1)C2,0,CHEMBL3600552
CHEMBL3600556,CC1=CC2Cc3nc4ccccc4c(NCCCCCCCCCCCCNc4c5c(nc6cc(Cl)ccc46)CCCC5)c3C(C1)C2,0,CHEMBL3600556
CHEMBL2332980,O=C1/C(=C/c2ccc(F)cc2)CN(C(=O)C[C@H]2C[C@H]3CCCN3[C@]23C(=O)Nc2ccccc23)C/C1=C\c1ccc(F)cc1,1,CHEMBL2332980
CHEMBL320291,CNc1cc(NCCSCc2ccc(CN(C)C)o2)c([N+](=O)[O-])cc1[N+](=O)[O-],0,CHEMBL320291
CHEMBL3891025,COc1cc(/C=C/C(=O)Nc2ccc(CN(C)Cc3ccccc3)cc2)ccc1O,1,CHEMBL3891025
CHEMBL4214755,CCN(Cc1ccccc1)Cc1ccc(NC(=O)Cc2ccc(OC)c(O)c2)cc1,1,CHEMBL4214755
CHEMBL4212110,O=C1Cc2ccc(NC(=O)c3cccc(Cl)c3)cc2CN1,0,CHEMBL4212110
CHEMBL327135,CN(C)Cc1ccc(CSCCNc2cc(Oc3ccc([N+](=O)[O-])cc3)c([N+](=O)[O-])cc2[N+](=O)[O-])o1,0,CHEMBL327135
CHEMBL2332545,O=C1/C(=C/c2cccc3ccccc23)CN(C(=O)C[C@H]2C[C@H]3CCCN3[C@]23C(=O)Nc2ccccc23)C/C1=C\c1cccc2ccccc12,1,CHEMBL2332545
CHEMBL504323,COc1cc2c3cc1Oc1c(OC)c(OC)cc4c1[C@@H](Cc1ccc(O)c(c1)Oc1ccc(cc1)C[C@@H]3N(C)CC2)N(C)CC4,1,CHEMBL504323
CHEMBL4276694,CCN1CCN(C2CCN(C(=O)COc3ccc(-c4ccccc4F)cc3)CC2)CC1,1,CHEMBL4276694
CHEMBL27673,COc1ccccc1CNCCCCCCNCCCCCCCCNCCCCCCNCc1ccccc1OC,1,CHEMBL27673;CHEMBL500996
CHEMBL4633540,C#CCNc1c2c(nc3ccccc13)CCCC2,0,CHEMBL4633540
CHEMBL2314726,COc1cc2cc(NC(=O)[C@H]3CCC[C@@H](NCc4ccccc4)C3)c(=O)oc2cc1OC,0,CHEMBL2314726
CHEMBL4164387,CO[C@@H]1C=C[C@@]23c4cc5c(cc4CN(CCC(C)C)[C@@H]2C(=O)N(C)[C@H]3C1)OCO5,1,CHEMBL4164387
CHEMBL4634371,COc1c2c(cc3c1OCO3)[C@]13C=C[C@H](OC)C[C@@H]1[N@](C2)C[C@H]3OC(=O)c1ccco1,1,CHEMBL4634371
CHEMBL4634473,COc1c2c(cc3c1OCO3)[C@]13C=C[C@H](OC)C[C@@H]1[N@](C2)C[C@H]3OC(C)=O,1,CHEMBL4634473
CHEMBL308043,CN(C)C(=O)Oc1ccc2c(c1)[C@]1(C)CCN(C)[C@@H]1N2C,0,CHEMBL308043
CHEMBL3985136,CC1=C(C(=O)OC(C)C)C(c2cccc(F)c2)c2c(nc3c(c2N)CC(C)(C)CC3)N1,0,CHEMBL3985136
CHEMBL3986650,COC(=O)C1=C(C)Nc2nc3c(c(N)c2C1c1cccc([N+](=O)[O-])c1)CC(C)(C)CC3,0,CHEMBL3986650
CHEMBL3981703,C#CCOC(=O)C1=C(C)Nc2nc3c(c(N)c2C1c1cccc([N+](=O)[O-])c1)CC(C)(C)CC3,1,CHEMBL3981703
CHEMBL5791030,CCOc1cc(N)c(Cl)cc1C(=O)CCC1CCN(CC2CCCCC2)CC1,0,CHEMBL5791030
CHEMBL107892,CN(C)Cc1ccc(CSCCNc2cc(N)c([N+](=O)[O-])cc2[N+](=O)[O-])o1,0,CHEMBL107892
CHEMBL418955,COc1ccc2c(CCC3CCN(Cc4ccccc4)CC3)noc2c1,0,CHEMBL418955
CHEMBL92463,Oc1ccc2c(CCC3CCN(Cc4ccccc4)CC3)noc2c1,0,CHEMBL92463
CHEMBL555919,C#CCNC1CCc2cccc(OC(=O)N(C)C)c21,1,CHEMBL555919
CHEMBL541885,C#CCNC1CCc2ccc(OC(=O)N(C)CCCC)cc21,1,CHEMBL541885
CHEMBL147031,C#CCNC(C)Cc1cccc(OC(=O)N(C)CCCC)c1,1,CHEMBL147031
CHEMBL1161717,C=C1c2ccc(Cl)cc2N=C2CCCCCN12,0,CHEMBL1161717
CHEMBL74950,COc1ccc(NC(=O)Oc2ccc3c(c2)[C@]2(C)CCN(C)[C@@H]2N3C)cc1,0,CHEMBL74950
CHEMBL308503,CN1CC[C@@]2(C)c3cc(OC(=O)NC(C)(C)C)ccc3N(C)[C@@H]12,1,CHEMBL308503
CHEMBL294897,C[N+](C)(Cc1ccccc1)c1ccc(O)cc1,1,CHEMBL294897
CHEMBL1172913,Cc1ccccc1NC(=O)Oc1ccc2c(c1)[C@]1(C)CC[N+](C)(C)C1N2C,0,CHEMBL1172913
CHEMBL4176179,COc1ccc2c(c1)CCC(Cc1cc[n+](CC3CCCCC3)cc1C(C)=O)C2=O,0,CHEMBL4176179
CHEMBL4168987,COc1ccc2c(c1)CCC(Cc1cc[n+](Cc3cccc(C)c3)cc1C(C)=O)C2=O,0,CHEMBL4168987
CHEMBL4160115,COc1ccc2c(c1)CCC(Cc1cc[n+](Cc3cccc(F)c3)cc1C(C)=O)C2=O,0,CHEMBL4160115
CHEMBL4169938,COc1cc2c(cc1OC)C(=O)C(Cc1cc[n+](Cc3cccc(Cl)c3)cc1C(C)=O)CC2,0,CHEMBL4169938
CHEMBL4159705,COc1cc2c(cc1O)C(=O)C(Cc1cc[n+](Cc3cccc(Cl)c3)cc1C(C)=O)C2,0,CHEMBL4159705
CHEMBL4160310,COc1ccc(C(=O)CCC2C=CN(Cc3cccc(Cl)c3)C=C2C#N)cc1OC,0,CHEMBL4160310
CHEMBL4160696,COc1cc2c(cc1OC)C(=O)C(CC1C=CN(Cc3ccccc3)C=C1C(C)=O)CC2,0,CHEMBL4160696
CHEMBL4174056,COc1ccc2c(c1)CCC(CC1C=CN(Cc3cccc(F)c3)C=C1C(C)=O)C2=O,1,CHEMBL4174056
CHEMBL244416,CCN(Cc1ccccc1)Cc1ccc(-c2cc3cc(OC)c(OC)cc3oc2=O)cc1,0,CHEMBL244416
CHEMBL553803,CNC(=O)Oc1cccc(CN(C)CC#CCOc2ccc3c(=O)c4ccccc4oc3c2)c1,0,CHEMBL1084276;CHEMBL553803
CHEMBL362444,CNC(=O)Oc1ccc2c(c1)[C@]1(C)CCOC1N2C,0,CHEMBL362444
CHEMBL178132,CC(C)c1ccc(NC(=O)Oc2ccc3c(c2)[C@]2(C)CCOC2N3C)cc1,1,CHEMBL178132
CHEMBL417915,CC(C)c1ccc(NC(=O)Oc2ccc3c(c2)[C@]2(C)CCN(C)C2N3C)cc1,0,CHEMBL417915
CHEMBL535812,CCC1=CC2Cc3nc4ccccc4c(NCCCCCCCCNc4c5c(nc6ccccc46)CCCC5)c3C(C1)C2,0,CHEMBL535812
CHEMBL1669487,c1ccc2c[n+](COC[n+]3ccc4ccccc4c3)ccc2c1,1,CHEMBL1669487
CHEMBL92736,CC(=O)Nc1ccc2c(CCC3CCN(Cc4ccccc4)CC3)noc2c1,0,CHEMBL92736;CHEMBL94217
CHEMBL3216469,Oc1c(CNCCCCCCCCCNc2c3c(nc4ccccc24)CCCC3)cc(Cl)c2cccnc12,0,CHEMBL3216469
CHEMBL11805,COc1ccccc1CN(C)CCCCCC(=O)N(C)CCCCCCCCN(C)C(=O)CCCCCN(C)Cc1ccccc1OC,0,CHEMBL11805;CHEMBL222856;CHEMBL557586
CHEMBL123909,O=C1c2ccc([N+](=O)[O-])cc2C(=O)N1CCC1CCN(Cc2ccc(Cl)cc2)CC1,0,CHEMBL123909
CHEMBL433678,CC(=O)Nc1ccc2c(c1)C(=O)N(CCC1CCN(Cc3ccccc3)CC1)C2=O,0,CHEMBL433678
CHEMBL1083067,CCCCCCNC(=O)Oc1ccc2c(c1)[C@]1(C)CCN(C)[C@@H]1C2,0,CHEMBL1083067
CHEMBL141167,CC(=O)N(CCC1CCN(Cc2ccccc2)CC1)c1cccc(F)c1,0,CHEMBL141167
CHEMBL105874,O=C1c2ccc([N+](=O)[O-])cc2C(=O)N1CCC1CCN(Cc2ccccc2)CC1,0,CHEMBL105874
CHEMBL140999,O=C(c1ccccc1)c1ccc2c(c1)C(=O)N(CCC1CCN(Cc3ccccc3)CC1)C2=O,0,CHEMBL140999
CHEMBL1084709,Cc1cn2cc(C(N)=O)ccc2[n+]1C,1,CHEMBL1084709
CHEMBL1085281,COC(=O)Nc1ccc2n(c1)cc(-c1ccccc1)[n+]2C,1,CHEMBL1085281
CHEMBL328468,O=C1Cc2cc3onc(CCC4CCN(Cc5ccccc5)CC4)c3cc2N1,0,CHEMBL328468
CHEMBL1084883,CCCCCCNC(=O)Oc1cccc(CN(C)CCCOc2ccc3ccc(=O)oc3c2)c1,0,CHEMBL1084883
CHEMBL1082741,Nc1cc(-c2ccccc2)nnc1NCCN1CCOCC1,1,CHEMBL1082741
CHEMBL1085274,CCN1CCCC1CNc1ccc(-c2ccccc2)nn1,1,CHEMBL1085274
CHEMBL1084543,c1ccc(-c2cnc(NCN3CCCCC3)nc2)cc1,1,CHEMBL1084543
CHEMBL1084786,c1ccc(-c2ncc(NCN3CCCCC3)nn2)cc1,1,CHEMBL1084786
CHEMBL101988,CN(CCOCCNC(=S)Nc1ccc(Cl)cc1)Cc1ccccc1,1,CHEMBL101988
CHEMBL1085032,CN(CCOCCNC(=S)Nc1ccccn1)Cc1ccccc1,1,CHEMBL1085032
CHEMBL1084094,CN(C)CCCCCCCCNc1c2c(nc3ccccc13)CCCC2,0,CHEMBL1084094
CHEMBL1084367,CN(C)CCCCCCCCCCNc1c2c(nc3ccccc13)CCCC2,0,CHEMBL1084367
CHEMBL1083678,O=C1c2ccccc2CCCC1CC1CCN(c2ccccc2)CC1,1,CHEMBL1083678
CHEMBL1085527,CNC(=O)Oc1cccc(CN(C)CCCCCCCCCCOc2ccc3c(=O)c4ccccc4oc3c2)c1,0,CHEMBL1085527;CHEMBL544823
CHEMBL91432,CCCc1cc(=NCCC2CCN(Cc3ccccc3)CC2)[nH]nc1-c1ccccc1,0,CHEMBL91432
CHEMBL91774,c1ccc(CN2CCC(CCN=c3[nH]nc(-c4ccccc4)c4ccccc34)CC2)cc1,0,CHEMBL91774
CHEMBL421501,c1ccc2c(NCCCCCCNc3c4c(nc5ccccc35)CCC4)c3c(nc2c1)CCC3,0,CHEMBL421501
CHEMBL74827,c1ccc2c(NCCCCCCCCNc3c4c(nc5ccccc35)CCC4)c3c(nc2c1)CCC3,0,CHEMBL74827
CHEMBL1085018,O=[N+]([O-])c1ccc2c(Nc3ccccc3)c3c(nc2c1)CCCC3,1,CHEMBL1085018
CHEMBL224335,O=C(CCc1c[nH]c2ccccc12)NCCCCCNc1c2c(nc3cc(Cl)ccc13)CCCC2,0,CHEMBL224335
CHEMBL1084262,O=C(CCc1c[nH]c2ccccc12)NCCCCCCCCCNc1c2c(nc3cc(Cl)ccc13)CCCC2,0,CHEMBL1084262
CHEMBL224998,O=C(NCCCCCCNc1c2c(nc3cc(Cl)ccc13)CCCC2)c1c[nH]c2ccccc12,0,CHEMBL224998
CHEMBL3968230,CCOC(=O)C1=C(C)Nc2nc3c(c(N)c2C1c1cccc(F)c1)CC(C)(C)CC3,1,CHEMBL3968230
CHEMBL3920662,C#CCOC(=O)C1=C(C)Nc2nc3c(c(N)c2C1c1cccc(F)c1)CC(C)(C)CC3,1,CHEMBL3920662
CHEMBL3911730,CCOC(=O)C1=C(C)N(C)c2nc3c(c(N)c2C1c1ccccc1Cl)CC(C)(C)CC3,1,CHEMBL3911730
CHEMBL139630,CC(=O)O[C@@H]1C2CC[C@H]3C4CC=C([C@H](C)N(C)C)[C@@]4(C)CC[C@@H]3[C@@]2(C)CC[C@@H]1NC(=O)C=C(C)C,1,CHEMBL139630
CHEMBL1203539,CCN(CC)Cc1ccc(CNCCN2CCNC2=C(C#N)C#N)o1,0,CHEMBL1203539
CHEMBL541044,CN(C)CCS/C(=N\O)C(=O)c1ccc(Br)cc1,1,CHEMBL541044
CHEMBL62664,CN1CC[C@@]2(C)c3cc(OC(=O)NCCCCCCCCCCCN4CCOCC4)ccc3N(C)[C@@H]12,0,CHEMBL62664
CHEMBL2064468,CN(CCCN1CCN(CCNc2c3c(nc4ccccc24)CCCC3)CC1)C1CCCCC1,0,CHEMBL2064468
CHEMBL2064404,O=C(CCN1CCCCC1)N1CCN(CCNc2c3c(nc4ccccc24)CCCC3)CC1,0,CHEMBL2064404
CHEMBL594629,CC(C)(C)c1cc[n+](CCCCCCCCCCCC[n+]2ccc(C(C)(C)C)cc2)cc1,0,CHEMBL594629
CHEMBL291783,C[N+](C)(Cc1ccccc1)c1ccccc1O,1,CHEMBL291783
CHEMBL294498,C=CC[N+](C)(C)Cc1cccc(O)c1,1,CHEMBL294498
CHEMBL300170,COc1ccc(C(=O)CCc2ccc([N+](C)(C)Cc3ccccc3)cc2)cc1OC,1,CHEMBL300170
CHEMBL1642974,CC(C)(C)c1cc[n+](CCCCC[n+]2ccc(C(C)(C)C)cc2)cc1,1,CHEMBL1642974
CHEMBL284692,Cn1cc[n+](COCc2ccccc2)c1/C=N/O,1,CHEMBL284692
CHEMBL322628,CC(C)CCSC(=O)OCC[N+](C)(C)C,1,CHEMBL322628
CHEMBL243310,COc1cc2cc(-c3cccc(CN(C)Cc4ccccc4)c3)c(=O)oc2cc1OC,0,CHEMBL243310
CHEMBL332051,CCCCC1=NC2(CCCC2)C(=O)N1Cc1ccc(-c2ccccc2C#N)cc1,0,CHEMBL332051
CHEMBL415675,CCCCC1=NC2(CCCC2)C(=O)N1CC(=O)c1ccc(Cl)cc1,0,CHEMBL415675
CHEMBL241011,CCCCC1=NC2(CCCC2)C(=O)N1Cc1cc2c(cc1C)OCO2,0,CHEMBL241011
CHEMBL240792,CCCCC1=NC2(CCCC2)C(=O)N1Cc1ccc([N+](=O)[O-])cc1,0,CHEMBL240792
CHEMBL3585782,COc1ccc(C(C)NS(N)(=O)=O)cc1OC,0,CHEMBL3585782
CHEMBL3116295,O=[N+]([O-])c1ccc2c(c1)c(OCc1ccc3ccccc3c1)nn2CCN1CCOCC1,1,CHEMBL3116295
CHEMBL1973869,O=[N+]([O-])c1ccc2c(c1)c(OCc1ccccc1)nn2Cc1ccccc1,1,CHEMBL1973869
CHEMBL3116282,CC(C)N(CCn1nc(OCc2cccc3ccccc23)c2ccccc21)C(C)C,1,CHEMBL3116282
CHEMBL2234515,CCOC(=O)C1=C(C)Oc2nc3c(c(N)c2[C@H]1c1cccnc1Cl)CCCC3,1,CHEMBL2234515
CHEMBL361165,COc1ccccc1CN(C)CCCN(C)CCCNCCC[n+]1c(-c2ccccc2)c2cc(N)ccc2c2ccc(N)cc21,0,CHEMBL1085703;CHEMBL361165
CHEMBL544635,C#CCNC1CCc2cccc(OC(=O)N(C)CC)c21,1,CHEMBL544635
CHEMBL1788296,CCN(C)C(=O)Oc1ccc2c(c1)[C@H](N)CC2,1,CHEMBL1788296
CHEMBL356385,C#CCN(C)C(C)Cc1cccc(OC(=O)N(C)CCCCCC)c1,1,CHEMBL356385
CHEMBL140403,C=CCCC[N+](C)(C)C,1,CHEMBL140403
CHEMBL1082436,O=C(CCC1CCN(Cc2ccccc2)CC1)c1ccc2[nH]c(-c3ccccc3)nc2c1,0,CHEMBL1082436;CHEMBL537908
CHEMBL76014,c1ccc2c(NCCCCCCCNc3c4c(nc5ccccc35)CCC4)c3c(nc2c1)CCC3,0,CHEMBL76014
CHEMBL312761,Fc1ccc2c(NCCCCCCCCNc3c4c(nc5cc(F)ccc35)CCCC4)c3c(nc2c1)CCCC3,0,CHEMBL312761
CHEMBL73160,Clc1ccc2c(NCCCCCCNc3c4c(nc5cc(Cl)ccc35)CCCC4)c3c(nc2c1)CCCC3,0,CHEMBL73160
CHEMBL224336,CN(CCCNC(=O)CCc1c[nH]c2ccccc12)CCCNc1c2c(nc3ccccc13)CCCC2,0,CHEMBL224336
CHEMBL155754,C/N=C1/CCc2c1n(C)c1ccc(OC(=O)NC)c(Cl)c21,0,CHEMBL155754
CHEMBL292695,Cc1ccccc1NC(=O)Oc1ccc2c(c1)[C@]1(C)CCN(Cc3ccccc3)C1N2Cc1ccccc1,1,CHEMBL292695
CHEMBL2237998,CC(C)Cc1cc(N)c2c(C(F)(F)F)cc(-c3ccccc3)nc2n1,1,CHEMBL2237998
CHEMBL2237994,Nc1cc(-c2ccc(Cl)cc2)nc2nc(-c3ccccc3)cc(C(F)(F)F)c12,0,CHEMBL2237994
CHEMBL154689,CN(C)Cc1ccc(CNCCN2CCNC2=C(C#N)C#N)o1,0,CHEMBL154689
CHEMBL346733,CCN(C)Cc1ccc(CNCCN2CCNC2=C(C#N)C#N)o1,0,CHEMBL346733
CHEMBL350464,CC/N=C1/CCc2c1n(C)c1ccc(OC(=O)NC)cc21,1,CHEMBL350464
CHEMBL131320,Cc1ccc(-c2nc(SCC(F)(F)F)n(C(=O)N(C)C)n2)cc1,0,CHEMBL131320
CHEMBL338720,CSc1nc(-c2ccc(-c3ccccc3)cc2)nn1C(=O)N(C)C,0,CHEMBL338720
CHEMBL370807,O=C(CCCCCNc1c2c(nc3ccccc13)CCCC2)NCCc1c[nH]c2ccc(O)cc12,0,CHEMBL370807
CHEMBL300176,COc1cccc(C[N+](C)(C)C)c1,1,CHEMBL300176
CHEMBL61312,C=CC[N+](C)(C)c1cccc(O)c1,1,CHEMBL61312
CHEMBL94059,c1ccc(CN2CCC(COc3noc4ccccc34)CC2)cc1,1,CHEMBL94059
CHEMBL2011499,CC1=C[C@H]2Cc3nc4cc(Cl)ccc4c(N)c3[C@@H](C1)C2,0,CHEMBL2011499;CHEMBL2021616;CHEMBL4112162
CHEMBL2323352,COc1ccc(/C=N/NC(=O)CN2CCN(Cc3ccccc3)CC2)cc1,1,CHEMBL2323352
CHEMBL151194,CCCN(C)C(=O)Oc1cccc(CCN)c1,1,CHEMBL151194
CHEMBL543216,C#CCNC1CCc2ccc(OC(=O)N(C)c3ccccc3)cc21,0,CHEMBL543216
CHEMBL1819177,Clc1ccc2c(NCCCCCCCNc3c4c(nc5cc(Cl)ccc35)-c3ccccc3C4)c3c(nc2c1)CCCC3,0,CHEMBL1819177
CHEMBL4283189,CCN(CC)CCOC(=O)/C=C/c1ccc2oc(C(=O)Nc3cccc(Cl)c3)cc(=O)c2c1,1,CHEMBL4283189
CHEMBL4291046,CCN(CC)CCOC(=O)/C=C/c1ccc2oc(C(=O)Nc3ccc(Cl)cc3)cc(=O)c2c1,0,CHEMBL4291046
CHEMBL2206896,COc1ccc(C2c3ccc4ccccc4c3Oc3nc4c(c(N)c32)CCCC4)c(OC)c1,0,CHEMBL2206896
CHEMBL4218829,O=C(CNCc1ccccc1[N+](=O)[O-])Nc1ccc2nc3n(c(=O)c2c1)CCC3,0,CHEMBL4218829
CHEMBL4163376,Cc1ccc(C2NC(=S)Nc3nc4c(c(N)c32)CCCC4)cc1,1,CHEMBL4163376
CHEMBL4174958,Nc1c2c(nc3c1C(c1cccc(Br)c1)NC(=S)N3)CCCC2,0,CHEMBL4174958
CHEMBL1834811,CC[C@H](C)C(=O)OCCCc1ccc2oc(-c3ccc4c(c3)OCO4)cc2c1,1,CHEMBL1834811
CHEMBL4164078,Cc1cc(=O)oc2cc(OCCCCCCSC(=S)N3CCCCC3)ccc12,0,CHEMBL4164078
CHEMBL93123,O=C(Nc1ccc2c(CCC3CCN(Cc4ccccc4)CC3)noc2c1)c1ccccc1,0,CHEMBL93123
CHEMBL4216601,COc1ccc(Cn2cc(C(=O)NCCCCNc3c4c(nc5ccc(OC)cc35)CCCC4)c(=O)c3ccccc32)cc1,1,CHEMBL4216601
CHEMBL4217126,COc1ccc(Cn2cc(C(=O)NCCCNc3c4c(nc5ccc(OC)cc35)CCCC4)c(=O)c3ccccc32)cc1,1,CHEMBL4217126
CHEMBL3818512,COc1cccc(/C=C/C(=O)NCCC2CCN(Cc3ccccc3)CC2)c1,0,CHEMBL3818512
CHEMBL3818332,O=C(/C=C/c1ccc(F)cc1)NCCC1CCN(Cc2ccccc2)CC1,1,CHEMBL3818332
CHEMBL3818990,O=C(/C=C/c1ccc(Cl)cc1)NCCC1CCN(Cc2ccccc2)CC1,0,CHEMBL3818990
CHEMBL4454706,COc1c(C(=O)CCC2CCN(CC3CCCCC3)CC2)ccc2[nH]ccc12,0,CHEMBL4454706
CHEMBL5406359,CCOP(=O)(OCC)C(NCc1cccs1)c1cn(-c2ccccc2)nc1-c1ccc(Cl)cc1,0,CHEMBL5406359
CHEMBL1773483,CN(Cc1ccccc1)Cc1ccc(C(=O)c2ccc(OCCCN3CCCCC3)cc2)cc1,0,CHEMBL1773483
CHEMBL4754607,CN1C[C@@H](c2ccccc2Cl)[C@@]2(CSc3ccccc3C2=O)C12C(=O)c1ccccc1C2=O,1,CHEMBL4754607
CHEMBL4090583,COc1cc2c(cc1OC)C(=O)/C(=C/c1ccc(CN(C)C)c(O)c1)O2,1,CHEMBL4090583
CHEMBL253998,CC(C)=CCc1c(O)cc(O)c2c1O[C@H](c1ccccc1)CC2=O,0,CHEMBL253998
CHEMBL4800073,C[C@H]1CCCN1Cc1nc2cc(NC(=O)c3ccc4cnccc4c3)ccc2[nH]1,0,CHEMBL4800073
CHEMBL1668934,CC(=O)N1CCC(NC(=O)Nc2ccc(OC(F)(F)F)cc2)CC1,1,CHEMBL1668934
CHEMBL5271815,C/C=C1/CN2CCc3c([nH]c4ccccc34)[C@@H]2CC1/C(=C\C(=O)OC)OC,1,CHEMBL5271815
CHEMBL5200047,O=C(Nc1ccc(OC(F)(F)F)cc1)NC1CCN(C(=O)CCCNc2c3c(nc4cc(Cl)ccc24)CCCC3)CC1,0,CHEMBL5200047
CHEMBL538853,CN1c2ccc(OC(=O)Nc3ccccc3)cc2[C@]2(C)CC[N@@+](C)([O-])[C@H]12,0,CHEMBL538853
CHEMBL3586593,Cc1cc2ccc(OCc3ccc(CN(C)Cc4ccccc4)cc3)cc2oc1=O,0,CHEMBL3586593
CHEMBL3586604,Cc1cc(=O)oc2cc(OCc3ccc(CN(C)Cc4ccc(C#N)cc4)cc3)ccc12,1,CHEMBL3586604
CHEMBL2018161,COc1ccc2c(ccc[n+]2Cc2ccccc2)c1,1,CHEMBL2018161
CHEMBL592857,COC(=O)C1=C(C)OP(=O)(OC)CC1,1,CHEMBL592857
CHEMBL4849276,C[n+]1ccc2[nH]c3ccc(F)cc3c2c1,1,CHEMBL4849276
CHEMBL3642046,CC(=O)NCCc1c[nH]c2ccc(OC(=O)NCCCNc3c4c(nc5ccccc35)CCCC4)cc12,0,CHEMBL3642046
CHEMBL3818415,COc1cc2c(cc1O)C(=O)/C(=C/C1CCN(Cc3ccccc3)CC1)C2,1,CHEMBL3818415
CHEMBL3818616,O=C1/C(=C/C2CCN(Cc3ccccc3)CC2)Cc2cccc(O)c21,0,CHEMBL3818616
CHEMBL3818374,O=C(CCCCCCCCc1ccc(O)c(O)c1)c1c(O)ccc(C(CCCCCCCCc2ccc(O)c(O)c2)c2c(O)cccc2O)c1O,1,CHEMBL3818374
CHEMBL2234526,CCOC(=O)C1=C(C)Nc2nc3c(c(N)c2[C@H]1c1ccc(F)cc1)CCCC3,0,CHEMBL2234526
CHEMBL2234517,CC1(C)CC(=O)C2=C(C1)Oc1nc3c(c(N)c1[C@H]2c1ccc(F)cc1)CCCC3,1,CHEMBL2234517
CHEMBL2234532,CCOC(=O)C1=C(C)Nc2nc3c(c(N)c2[C@H]1c1cccc(OC)c1)CCCC3,0,CHEMBL2234532
CHEMBL2234836,CCOC(=O)C1=C(C)Oc2nc3c(c(N)c2[C@H]1c1ccc(OC)c(OC)c1)CCC3,1,CHEMBL2234836
CHEMBL2234547,CCOC(=O)C1=C(C)Oc2nc3c(c(N)c2[C@H]1c1ccncc1)CCCC3,1,CHEMBL2234547
CHEMBL253602,CCOC(=O)c1c(C)nc2nc3c(c(N)c2c1-c1ccccc1)CCCCC3,1,CHEMBL253602
CHEMBL2234543,CCOC(=O)c1c(C)nc2nc3c(c(N)c2c1-c1ccc(OC)cc1)CCCCCC3,1,CHEMBL2234543
CHEMBL2234539,CCOC(=O)c1c(C)nc2nc3c(c(N)c2c1-c1ccccc1OC)CCCCC3,1,CHEMBL2234539
CHEMBL2234538,CCOC(=O)c1c(C)nc2nc3c(c(N)c2c1-c1ccc(C)cc1)CCCCC3,1,CHEMBL2234538
CHEMBL253783,CCOC(=O)c1c(C)nc2nc3c(c(N)c2c1-c1ccncc1)CCCC3,1,CHEMBL253783
CHEMBL148832,C#CCOC[n+]1ccn(C)c1/C=N/O,1,CHEMBL148832
CHEMBL808,Clc1ccc(COC(Cn2ccnc2)c2ccc(Cl)cc2Cl)cc1,1,CHEMBL808
CHEMBL176308,CCN(CCCCCC(=O)N(C)CCCCCCCCN(C)C(=O)CCCCCN(CC)Cc1ccccc1[N+](=O)[O-])Cc1ccccc1[N+](=O)[O-],0,CHEMBL176308
CHEMBL4286736,CC(C)(C)c1cc(C(=O)CNCC2CCN(Cc3ccccc3)CC2)cc(C(C)(C)C)c1O,1,CHEMBL4286736
CHEMBL4277644,Cc1ccccc1CN1CCC(CCNC(=O)/C=C/c2cc(C(C)(C)C)c(O)c(C(C)(C)C)c2)CC1,1,CHEMBL4277644
CHEMBL4292766,CC(C)(C)c1cc(/C=C/C(=O)NCCC2CCN(Cc3ccccc3F)CC2)cc(C(C)(C)C)c1O,0,CHEMBL4292766
CHEMBL296277,CC[N+](C)(CC)CCS/C(=N\O)C(=O)c1ccc(C#N)cc1,1,CHEMBL296277
CHEMBL4293364,CCN(CC)CCOC(=O)/C=C/c1ccc2oc(C(=O)Nc3ccc(OC)cc3)cc(=O)c2c1,1,CHEMBL4293364
CHEMBL1912059,O=C(CCCC[C@@H]1CCSS1)NCCCNc1c2c(nc3cc(Cl)ccc13)CCCC2,0,CHEMBL1912059
CHEMBL75729,CNC(=O)Oc1ccc2c(c1)[C@]1(C)CCN(CCc3ccccc3)[C@@H]1N2C,0,CHEMBL75729
CHEMBL150638,C#CCN(C)CCc1cccc(OC(=O)N(C)C)c1,0,CHEMBL150638
CHEMBL1819174,O=c1c2ccc(OCCCCCCCNc3c4c(nc5ccccc35)CCCC4)cc2oc2ncccc12,0,CHEMBL1819174
CHEMBL2238005,CC1CCc2nc3nc(-c4ccccc4)cc(C(F)(F)F)c3c(N)c2C1,0,CHEMBL2238005
CHEMBL152722,COc1cc(N)c(Cl)cc1C(=O)NCCNCc1ccc(CN(C)C)o1,1,CHEMBL152722
CHEMBL156861,C/N=C1/CCc2c1n(C)c1ccc(OC(=O)NC)c(Br)c21,0,CHEMBL156861
CHEMBL4578844,O=C(CCC1CCN(CC2CCCCC2)CC1)c1ccc2c(ccn2Cc2ccccc2)c1,0,CHEMBL4578844
CHEMBL1082427,CC(=O)N(C)c1cccc2n1cc(-c1ccc(OC(=O)N(C)C)cc1)[n+]2C,1,CHEMBL1082427
CHEMBL1085022,CN(C)C(=O)Nc1cccc2n1cc(-c1ccc(OC(=O)N(C)C)cc1)[n+]2C,1,CHEMBL1085022
CHEMBL309173,COc1ccccc1CN1CCC(CCC(=O)c2ccc3c(c2)NCCCC3)CC1,1,CHEMBL309173
CHEMBL94186,COc1ccc2onc(CCC3CCN(Cc4ccccc4)CC3)c2c1,0,CHEMBL94186
CHEMBL413765,CCCCCCNC(=O)Oc1ccc2c(c1)[C@]1(C)CCN(CC)[C@@H]1C2,0,CHEMBL413765
CHEMBL140990,O=C1Cc2ccccc2CN1CCC1CCN(Cc2ccccc2)CC1,0,CHEMBL140990
CHEMBL4213253,COc1ccccc1C(=O)N1Cc2cc(NC(=O)c3ccccc3)ccc2CC1=O,0,CHEMBL4213253
CHEMBL4205425,COc1ccccc1C(=O)N1Cc2cc(NC(=O)c3cccc(Cl)c3)ccc2CC1=O,0,CHEMBL4205425
CHEMBL1083973,CCOC(=O)c1cc2c(N)c3c(nc2nc1C)CCCCC3,1,CHEMBL1083973
CHEMBL1087194,CCOC(=O)c1cc2c(N)c3c(nc2nc1C)CCCC3,0,CHEMBL1087194
CHEMBL4530960,Cc1c(C)c2ccc(OCC3CCN(CCCO[N+](=O)[O-])CC3)cc2oc1=O,0,CHEMBL4530960
CHEMBL2071425,CC(=O)Oc1cccc2nc3c(OC(C)=O)ccc(C/C=C(\C)CCC=C(C)C)c3nc12,1,CHEMBL2071425
CHEMBL242905,COc1cc2cc(-c3ccc(CN(C)Cc4cccc([N+](=O)[O-])c4)cc3)c(=O)oc2cc1OC,0,CHEMBL242905
CHEMBL133448,Nc1c2c(nc3ncccc13)CCCC2,0,CHEMBL133448
CHEMBL133441,Nc1c2c(nc3ncccc13)OCCC2,1,CHEMBL133441
CHEMBL2380673,O=C1/C(=C/c2cccc([N+](=O)[O-])c2)CN(C(=O)[C@H]2C[C@H]3CCCN3[C@]23C(=O)Nc2cc(Cl)ccc23)C/C1=C\c1cccc([N+](=O)[O-])c1,1,CHEMBL2380673
CHEMBL59490,C=CC[N+](C)(C)Cc1cccc(OC)c1,1,CHEMBL59490
CHEMBL294292,C=C(C)C[N+](C)(C)c1ccc(O)cc1,1,CHEMBL294292
CHEMBL5431372,C=CCN(CCc1ccc(O)cc1)Cc1cccc(OC)c1OCc1ccccc1,1,CHEMBL5431372
CHEMBL5420880,CCCN(CCc1ccc(O)cc1)Cc1cccc(OC)c1OCc1ccccc1,1,CHEMBL5420880
CHEMBL5400996,C=CCN(CCc1ccccc1OC)Cc1cccc(OC)c1OCc1ccccc1,1,CHEMBL5400996
CHEMBL5413533,O=C1Nc2ccccc2C12NNC(Nc1cccc(Cl)c1)=C2[N+](=O)[O-],1,CHEMBL5413533
CHEMBL2147460,CN(C)c1ccccc1CNCCCCCCCNc1c2c(nc3ccccc13)CCCC2,0,CHEMBL2147460
CHEMBL4791351,CN1C[C@@H](c2ccc(F)cc2)[C@@]2(CSc3ccccc3C2=O)C12C(=O)c1ccccc1C2=O,1,CHEMBL4791351
CHEMBL1642985,CC(C)(C)c1cc[n+](Cc2ccccc2C[n+]2ccc(C(C)(C)C)cc2)cc1,1,CHEMBL1642985
CHEMBL273051,O=C(CO/N=[N+](\[O-])N1CCCC1)NCCCNc1c2c(nc3ccccc13)CCCC2,0,CHEMBL273051
CHEMBL5219771,CNC(=O)Oc1cccc(CN(C)CCCCCCCOc2cccc(-c3cc(=O)c4ccccc4o3)c2)c1,0,CHEMBL5219771
CHEMBL2047525,CNC(=O)Oc1cccc(CN(C)CCCCCCCOc2ccc(-c3cc4ccccc4oc3=O)cc2)c1,0,CHEMBL2047525
CHEMBL5203291,CC1=C(NC2CCN(Cc3ccccc3)CC2)C(=O)c2ccccc2C1=O,1,CHEMBL5203291
CHEMBL4796461,COc1cc2c(cc1O)CCC(C)(CCNCCCCCCCNc1c3c(nc4cc(Cl)ccc14)CCCC3)O2,0,CHEMBL4796461
CHEMBL1773481,CN(Cc1ccccc1)Cc1ccc(C(=O)c2ccc(NC(=O)CCCCN3CCCCC3)cc2)cc1,0,CHEMBL1773481
CHEMBL4072258,COc1cc(/C=C/C(=O)Nc2ccccc2)ccc1OCCCCCCN1CCCC1,1,CHEMBL4072258
CHEMBL418712,CN(C)Cc1ccc(CSCCCCCCCCCSCc2ccc(CN(C)C)o2)o1,0,CHEMBL418712
CHEMBL544395,CN(C(=O)Oc1ccc2c(c1)C(N)CC2)C1CCCCC1,1,CHEMBL544395
CHEMBL151236,CCN(C)C(=O)Oc1cccc(CCN)c1,1,CHEMBL151236
CHEMBL343673,C#CCN(C)C(C)Cc1cccc(OC(=O)N(C)CCC)c1,1,CHEMBL343673
CHEMBL545801,C#CCNC1CCc2ccc(OC(=O)N(C)c3ccc(OC)cc3)cc21,0,CHEMBL545801
CHEMBL3323062,CCN(CC)CCCOc1ccc2nc3n(c(=O)c2c1)CCCC3,1,CHEMBL3323062
CHEMBL5411397,CCOc1ccc(Cc2nc3cc(OC(=O)N(C)CC)ccc3n2CCC(C)C)cc1,1,CHEMBL5411397
CHEMBL5422050,CCOc1ccc(Cc2nc3cc(OC(=O)N4CCC4)ccc3n2CCC(C)C)cc1,1,CHEMBL5422050
CHEMBL3410955,Cc1c(C)c2c(c(C)c1O)CCC(C)(C(=O)NCCCCCCCNc1c3c(nc4ccccc14)CCCC3)O2,0,CHEMBL3410955
CHEMBL95020,O=C1Cc2c(ccc3c(CCC4CCN(Cc5ccccc5)CC4)noc23)N1,0,CHEMBL95020
CHEMBL188325,COc1cc2cc(C(=O)C3=CC[N+](C)(Cc4ccccc4)CC3)sc2cc1OC,0,CHEMBL188325
CHEMBL610242,COc1cc2c(cc1OC)SC(C(=O)CCc1cc[n+](Cc3coc([N+](=O)[O-])c3)cc1)C2,0,CHEMBL610242
CHEMBL131210,Cc1cc(C)cc(NC(=O)Oc2ccc3c(c2)[C@]2(C)CCN(C)[C@@H]2N3C)c1,0,CHEMBL131210
CHEMBL99581,CNC(=O)Oc1ccc2c(c1)[C@]1(C)CCN(C)C1N2C=O,0,CHEMBL99581
CHEMBL4542112,C#CCOc1ccc(/C=N/Nc2c3c(nc4ccccc24)CCCC3)cc1,1,CHEMBL4542112
CHEMBL4458648,S=C(NCc1ccccc1)NNc1c2c(nc3ccccc13)CCCC2,0,CHEMBL4458648
CHEMBL173935,CC[N+](C)(CCCCCC(=O)N(C)CCCCCCCCN(C)C(=O)CCCCC[N+](C)(CC)Cc1ccccc1Cl)Cc1ccccc1Cl,0,CHEMBL173935
CHEMBL176521,CC[N+](C)(CCCCCC(=O)N(CCCCCCCCN(C(=O)CCCCC[N+](C)(CC)Cc1ccccc1OC)C(C)C)C(C)C)Cc1ccccc1OC,0,CHEMBL176521
CHEMBL34002,CCN1CC[C@@]2(C)c3cc(OC(=O)NC(C)(C)C)ccc3CC12,1,CHEMBL34002
CHEMBL3339003,CCCN(CCC)CCCCCCOc1ccc(C(=O)/C=C/c2ccccc2)cc1,1,CHEMBL3339003
CHEMBL1243329,CNC(=O)Oc1ccc2c(c1)SC[C@@H]1CCN(C)[C@H]21,0,CHEMBL1243329
CHEMBL337675,Cc1ccc(C)c(NC(=O)Oc2ccc3c(c2)[C@]2(C)CCN(C)[C@@H]2N3C)c1,0,CHEMBL337675
CHEMBL1243170,CNC(=O)Oc1ccc2c(c1)[C@]1(C)CCN(C)[C@@H]1N2C=O,1,CHEMBL1243170
CHEMBL357551,CN(C)c1ccc(CC(=O)NCCCCCCCCNC23CC4CC(CC(C4)C2)C3)cc1,1,CHEMBL357551
CHEMBL60874,C[N+](C)(Cc1ccccc1)c1cccc(O)c1,1,CHEMBL60874
CHEMBL4443988,Clc1ccc(-n2cc(COc3ccc(/C=N/Nc4c5c(nc6ccccc46)CCCC5)cc3)nn2)cc1,1,CHEMBL4443988
CHEMBL4639749,Cc1ccc(C2C([N+](=O)[O-])C(Cc3c[nH]cn3)NC23c2ccccc2-c2nc4ccccc4nc23)cc1,1,CHEMBL4639749
CHEMBL3233935,O=C(NCC1CCN(Cc2ccccc2)CC1)c1c(O)c2cc(O)c(O)cc2[nH]c1=O,0,CHEMBL3233935
CHEMBL190322,CNC(=O)Oc1cccc2c1SCC1CCN(C)C21,0,CHEMBL190322
CHEMBL596112,Cn1ccc2nc3ccccc3c-2c1,1,CHEMBL596112
CHEMBL612100,CN1CC[C@@]2(C)c3cc(OC(=O)NCc4ccccc4)ccc3N(C)C12,0,CHEMBL612100
CHEMBL4209420,CCNCC(=O)Nc1ccc2nc3n(c(=O)c2c1)CCC3,0,CHEMBL4209420
CHEMBL191315,COc1ccc(CCN2CC(=O)N(CCc3ccccn3)CC2=O)cc1OC,1,CHEMBL191315
CHEMBL4453856,Cc1c(C)c2ccc(OCC3CCCN(CCCO)C3)cc2oc1=O,1,CHEMBL4453856
CHEMBL507903,CCN(CCCCCCn1c(=O)c2cc3c(=O)n(CCCCCCN(CC)Cc4ccccc4OC)c(=O)c3cc2c1=O)Cc1ccccc1OC,0,CHEMBL507903
CHEMBL4070092,C[n+]1c2ccccc2c(-c2cccs2)c2ccccc21,1,CHEMBL4070092
CHEMBL4165100,CN(C)C(=O)Oc1cccc2c1cc(C(=O)NCCOCCO)c[n+]2C,0,CHEMBL4165100
CHEMBL4173000,CN(C)C(=O)Oc1cccc2c1CC(C(=O)NCCOCCOCCN1C(=O)c3ccccc3C1=O)=CN2C,1,CHEMBL4173000
CHEMBL243057,CCN(CCCCCCNC1=CC(=O)C(NCCCCCCN(CC)Cc2ccccc2Cl)=CC1=O)Cc1ccccc1Cl,0,CHEMBL243057
CHEMBL3642048,CC(=O)NCCc1c[nH]c2ccc(OC(=O)NCCCCCNc3c4c(nc5ccccc35)CCCC4)cc12,0,CHEMBL3642048
CHEMBL4173190,CN1CCc2cc3c(cc2C12OCc1c(ccc4c1OCO4)C2=O)OCO3,1,CHEMBL4173190
CHEMBL465678,CN1Cc2c(ccc3c2OCO3)-c2ccc3cc4c(cc3c21)OCO4,1,CHEMBL465678
CHEMBL555247,CC[N+](CC)(CC)CCOc1cc(OCC[N+](CC)(CC)CC)c(C(=O)NCCCCCC(=O)NNc2c3c(nc4cc(Cl)ccc24)CCCC3)cc1OCC[N+](CC)(CC)CC,0,CHEMBL555247
CHEMBL540132,CC[N+](CC)(CC)CCOc1cc(OCC[N+](CC)(CC)CC)cc(C(=O)NCCCCCC(=O)NNc2c3c(nc4cc(Cl)ccc24)CCCC3)c1,0,CHEMBL540132
CHEMBL4526050,COc1c(C(=O)CCC2CCN(Cc3ccccc3)CC2)cc(Cl)c2[nH]ccc12,0,CHEMBL4526050
CHEMBL4218997,CN(Cc1ccccc1)Cc1ccc(NC(=O)Cc2ccccc2)cc1,1,CHEMBL4218997
CHEMBL3763482,Cc1ccc2c(c1)C1(C(=O)N2)C(C#N)=C(N)N(Cc2ccccc2)C(NCc2ccccc2)=C1[N+](=O)[O-],1,CHEMBL3763482
CHEMBL294152,C=C(C)C[N+](C)(C)c1ccccc1OC,1,CHEMBL294152
CHEMBL4558335,CCOc1ccc(Cc2nc3cc(C(=O)NCCCCCCNc4c5c(nc6ccccc46)CCCC5)ccc3n2CCC(C)C)cc1,0,CHEMBL4558335
CHEMBL155322,CC1CCCCN1Cc1ccc(CNCCN2CCNC2=C(C#N)C#N)o1,0,CHEMBL155322
CHEMBL315013,COc1cc2cc(C(=O)CC(O)C3CC[N+](C)(Cc4ccccc4)CC3)sc2cc1OC,0,CHEMBL315013
CHEMBL343344,CC(=O)Oc1cccc([N+](C)(C)C)c1,1,CHEMBL343344
CHEMBL4168588,CN(C)C(=O)Oc1cccc2c1cc(C(=O)Nc1ccccc1)c[n+]2C,0,CHEMBL4168588
CHEMBL4168520,CN(C)C(=O)Oc1cccc2c1cc(C(=O)NCCOCCOCCN1C(=O)c3ccccc3C1=O)c[n+]2C,0,CHEMBL4168520
CHEMBL4213591,COc1ccc(Cn2cc(C(=O)NCCCCCCCNc3c4c(nc5cc(Cl)ccc35)CCCC4)c(=O)c3ccccc32)cc1,0,CHEMBL4213591
CHEMBL4210729,COc1ccc(Cn2cc(C(=O)NCCCNc3c4c(nc5cc(Cl)ccc35)CCCC4)c(=O)c3ccccc32)cc1,0,CHEMBL4210729
CHEMBL319541,CN1CC[C@@]2(C)c3cc(OC(=O)Nc4ccccc4)ccc3N(Cc3ccccc3)C12,0,CHEMBL319541
CHEMBL244838,COc1cc2occ(-c3ccc(CN(C)Cc4ccccc4)cc3)c(=O)c2cc1OC,1,CHEMBL244838
CHEMBL244624,CN(Cc1ccccc1)Cc1ccc(-c2cc3cc(N)ccc3oc2=O)cc1,0,CHEMBL244624
CHEMBL245047,COc1cccc(CN(C)Cc2ccc(-c3cc4cc(OC)c(OC)cc4oc3=O)cc2)c1,0,CHEMBL245047
CHEMBL5426641,CN(CCc1ccc(O)cc1)Cc1cc2c(cc1-c1cccc3c1N(C)CC3)OCO2,1,CHEMBL5426641
CHEMBL5408610,CCCCCCN(CCCCc1ccccc1)Cc1cccc(OC)c1OCc1ccccc1,1,CHEMBL5408610
CHEMBL363557,CCNC(=O)Oc1cccc2c1CCC1CCN(C)C21,0,CHEMBL363557
CHEMBL154433,N#CC(C#N)=C1NCCN1CCNCc1ccc(CN2CCOCC2)o1,1,CHEMBL154433
CHEMBL1940738,COc1cc2oc(=O)c(OCCCCOc3cc(O)cc(N(C)C)c3)c(C)c2cc1OC,0,CHEMBL1940738
CHEMBL4870746,O=C(NCC1CCN(Cc2ccccc2F)CC1)c1cncc(NC(=O)c2ccnc(NC(=O)C3CC3)c2)c1,1,CHEMBL4870746
CHEMBL4872690,Cc1ccccc1CN1CCC(CNC(=O)c2cncc(NC(=O)c3ccnc(NC(=O)C4CC4)c3)c2)CC1,1,CHEMBL4872690
CHEMBL4865061,O=C(Nc1cncc(OCC2CCN(Cc3ccccc3F)CC2)c1)c1ccnc(NC(=O)C2CC2)c1,0,CHEMBL4865061
CHEMBL4862811,O=C(NC1CCN(Cc2ccccc2)CC1)c1cncc(NC(=O)c2ccnc3[nH]ccc23)c1,0,CHEMBL4862811
CHEMBL4877175,O=C(Nc1cncc(OCC2CCN(Cc3ccccc3)CC2)c1)c1ccnc2[nH]ccc12,0,CHEMBL4877175
CHEMBL4863754,COc1ccc(CN2CCC(c3cc4ccccc4o3)CC2)cc1OC,1,CHEMBL4863754
CHEMBL609977,CC[N+](C)(CCCCCC(=O)N(C)CCCCCCCCN(C)C(=O)CCCCC[N+](C)(CC)Cc1ccccc1[N+](=O)[O-])Cc1ccccc1[N+](=O)[O-],0,CHEMBL609977
CHEMBL156763,CC1CCN(CC2Cc3ccccc3C2=O)CC1,0,CHEMBL156763
CHEMBL189517,COc1cc2c(cc1OC)SC(C(=O)CCc1cc[n+](CC3CC3)cc1)C2,0,CHEMBL189517
CHEMBL1916929,N#Cc1c(-c2ccc(Cl)cc2)oc2nc3c(c(N)c12)CCCC3,1,CHEMBL1916929
CHEMBL1917825,C=CCCCNc1c2c(nc3ccc(OC)cc13)CCCC2,1,CHEMBL1917825
CHEMBL1915760,C/C(=C\CC[C@@H](C)[C@H]1CC[C@@]2(C)C3=CC[C@H]4C(C)(C)[C@@H](O)CC[C@]4(C)C3=CC[C@]12C)C(=O)O,1,CHEMBL1915760
CHEMBL136669,CCC(=O)Oc1ccc(C)c([N+](C)(C)C)c1,1,CHEMBL136669
CHEMBL612099,CN(C(=O)NCc1ccccc1)C(=O)Oc1ccc2c(c1)[C@]1(C)CCN(C)C1N2C,1,CHEMBL612099
CHEMBL32585,CC(OC[n+]1ccn(C)c1/C=N/O)C(C)(C)C,1,CHEMBL32585
CHEMBL3901082,C#CCN(Cc1ccc2cccc(O)c2n1)C(C#N)C1CCN(Cc2ccccc2)CC1,1,CHEMBL3901082
CHEMBL3310705,COC(=O)C(CC1=C(c2ccccc2)CC(C)(C)ON1C(C)=O)C(=O)OC,1,CHEMBL3310705
CHEMBL13166,CN(C)Cc1ccc(CSCCCCCSCc2ccc(CN(C)C)o2)o1,0,CHEMBL13166
CHEMBL106344,CN(C)Cc1ccc(CSCCNc2cc(NCc3ccccn3)c([N+](=O)[O-])cc2[N+](=O)[O-])o1,1,CHEMBL106344
CHEMBL347023,COc1ccc2c(c1)C(=O)C(C)C2,0,CHEMBL347023
CHEMBL3322159,O=C(Cc1cc(=O)oc2cc(O)ccc12)NCCCNc1c2c(nc3ccccc13)CCCC2,0,CHEMBL3322159
CHEMBL1082979,c1ccc(CCNc2ccnc(N3CCSCC3)n2)cc1,1,CHEMBL1082979
CHEMBL1082977,CC1CCN(c2nccc(NCc3ccccc3)n2)CC1,1,CHEMBL1082977
CHEMBL3353042,CC1=C[C@H]2Cc3nc4cc(Cl)ccc4c(NCCCCCCCCCCCCNc4c5c(nc6cc(Cl)ccc46)C[C@@H]4C=C(C)C[C@H]5C4)c3[C@@H](C1)C2,0,CHEMBL3353042
CHEMBL5631356,Brc1ccc(Cn2cc(CNC34CC5CC(CC(C5)C3)C4)nn2)cc1,0,CHEMBL5631356
CHEMBL5633239,Clc1ccc(Cn2cc(CNC34CC5CC(CC(C5)C3)C4)nn2)cc1,0,CHEMBL5633239
CHEMBL344656,CC(C)c1ccc(NC(=O)N2CCC[C@H]2C(=O)N2CC[C@H]3[C@H]2[C@H](C)C(=O)N3c2nc3ccccc3s2)cc1,1,CHEMBL344656
CHEMBL423397,C#CCCCC[n+]1ccn(COC)c1/C=N/O,1,CHEMBL423397
CHEMBL1289045,COc1cc2c(cc1OC)C(=O)C1(C2)C(c2ccc(F)cc2)CN(C)C12C(=O)Nc1ccccc12,1,CHEMBL1289045
CHEMBL1288824,COc1ccc(C2C(c3ccccc3)NC3(C(=O)Nc4ccc(Cl)cc43)C23Cc2cc(OC)c(OC)cc2C3=O)cc1OC,1,CHEMBL1288824
CHEMBL1288825,COc1cc2c(cc1OC)C(=O)C1(C2)C(c2ccccc2Cl)C(c2ccccc2)NC12C(=O)Nc1ccc(Cl)cc12,1,CHEMBL1288825
CHEMBL3764065,N#CC1=C(N)N2CCNC2=C([N+](=O)[O-])C12C(=O)c1ccc(Br)c3c(Br)ccc2c13,1,CHEMBL3764065
CHEMBL538109,CCc1ccccc1NC(=O)Oc1ccc2c(c1)[C@]1(C)CC[N@@+](C)([O-])[C@@H]1N2C,0,CHEMBL538109
CHEMBL5192958,OCCCCCCCCc1ccc(CN2CCCC2)c(O)c1,1,CHEMBL5192958
CHEMBL4171520,COc1cccc(C2NC(=S)Nc3nc4c(c(N)c32)CCCC4)c1,1,CHEMBL4171520
CHEMBL67397,O/N=C/c1nc(-c2ccncc2)no1,1,CHEMBL67397
CHEMBL5178885,O=C(Nc1ccc(OC(F)(F)F)cc1)NC1CCN(C(=O)CCCCNc2c3c(nc4cc(Cl)ccc24)CCCC3)CC1,0,CHEMBL5178885
CHEMBL4167753,Nc1c2c(nc3c1C(c1ccc(Cl)cc1)NC(=S)N3)CCCC2,1,CHEMBL4167753
CHEMBL445130,Clc1ccc2c(c1)N=C1CCCCCN1C2,0,CHEMBL445130
CHEMBL378763,CCC[C@H](CC1(C(=O)Nc2nnc(CC)s2)CCCC1)C(=O)O,1,CHEMBL378763
CHEMBL209493,CCCC(CC1(C(=O)Nc2nnc(C)s2)CCCC1)C(=O)O,1,CHEMBL209493
CHEMBL1257886,CCCCCNc1c2c(nc3ccc(OC)cc13)CCCC2,1,CHEMBL1257886
CHEMBL338492,CC(=O)Oc1ccc(C)c([N+](C)(C)C)c1,1,CHEMBL338492
CHEMBL3926911,COc1cc2c(cc1OC)C(=O)C(CC1CCN(Cc3ccc(Cl)cc3)CC1)C2,1,CHEMBL3926911
CHEMBL2047230,COc1ccc(CNc2ccnc(NC3CCN(Cc4ccccc4)CC3)n2)cc1OC,1,CHEMBL2047230
CHEMBL2047229,COc1ccc(CNc2ccnc(NC3CCN(Cc4ccccc4)CC3)n2)cc1,1,CHEMBL2047229
CHEMBL3323051,O=c1c2cc(OCCCn3ccnc3)ccc2nc2n1CCCc1ccccc1-2,1,CHEMBL3323051
CHEMBL3323046,O=c1c2cc(OCCCN3CCCCC3)ccc2nc2n1CCCc1ccccc1-2,0,CHEMBL3323046
CHEMBL3356538,COc1ccc2nc3c(c(NCCNC4=CC(=O)c5c(O)cccc5C4=O)c2c1)CCCC3,0,CHEMBL3356538
CHEMBL3338388,C/C=C1\[C@H]2C=C(C)C[C@]1(NC1OCC3=C4CC(C)(C)C[C@H]4[C@@H](C)[C@H](O)CC31O)c1ccc(=O)[nH]c1C2,0,CHEMBL3338388
CHEMBL3335023,CCN(C)C(=O)Oc1cc(C(C)N(C)C)cc2oc(=O)c3ccccc3c12,1,CHEMBL3335023;CHEMBL3545713
CHEMBL3335022,CC(c1cc(O)cc2oc(=O)c3ccccc3c12)N(C)C,1,CHEMBL3335022;CHEMBL3545712
CHEMBL3402713,CN(CCCCCCN1C(=O)c2ccccc2C1=O)Cc1ccccc1F,1,CHEMBL3402713
CHEMBL2064469,CCN(CCCN1CCN(CCNc2c3c(nc4ccccc24)CCCC3)CC1)C1CCCCC1,0,CHEMBL2064469
CHEMBL396050,CCN(CCCCCCNC1=C(c2ccccc2)C(=O)C(NCCCCCCN(CC)Cc2ccccc2OC)=C(c2ccccc2)C1=O)Cc1ccccc1OC,0,CHEMBL396050
CHEMBL65585,CN1CC[C@@]2(C)c3cc(OC(=O)NCCCCCCCCCCCCN4CCOCC4)ccc3N(C)[C@@H]12,0,CHEMBL65585
CHEMBL4648322,COc1cc2cc(NC(=O)[C@@H]3CCC[C@H](NCc4ccccc4)C3)c(=O)oc2cc1OC,0,CHEMBL4648322
CHEMBL1762833,COc1ccc(C2c3c(nc4c(c3N)CCCC4)Oc3ccc4ccccc4c32)cc1OC,0,CHEMBL1762833
CHEMBL1194487,O=C(CCc1ccc2nc(-c3ccccc3)c3c(c2c1)OCCC3)NCCCCCCCCNc1c2c(nc3cc(Cl)ccc13)CCCC2,0,CHEMBL1194487;CHEMBL3215574
CHEMBL5275941,COc1cc(O)c(C(=O)/C=C/c2ccc(F)cc2)cc1I,0,CHEMBL5275941
CHEMBL5272243,COc1ccc(-c2oc3cc(Br)c(I)cc3c(=O)c2O)cc1,0,CHEMBL5272243
CHEMBL4640750,O=C1CN(/N=C/c2ccc(-c3ccc([N+](=O)[O-])cc3)o2)C(=O)N1CCN1CCN(Cc2ccccc2)CC1,0,CHEMBL4640750
CHEMBL4641865,COc1ccccc1-c1ccc(/C=N/N2CC(=O)N(CCC3CCN(Cc4ccccc4)CC3)C2=O)o1,0,CHEMBL4641865
CHEMBL4792299,C#CCN1CCC(O)CC1,1,CHEMBL4792299
CHEMBL4782857,C#CCN1CCCC(O)C1,1,CHEMBL4782857
CHEMBL4785400,COc1cccc(N2CCN(C(=O)/C=C/c3ccc(O)c(OC)c3)CC2)c1,1,CHEMBL4785400
CHEMBL4790642,COc1cc2c(cc1OC)C(=O)/C(=C/c1ccc(N3CC[N+](C)(CCO)CC3)cc1)C2,1,CHEMBL4790642
CHEMBL4782180,Oc1ccccc1-c1nnc(N2CCN(c3ccccn3)CC2)o1,1,CHEMBL4782180
CHEMBL4754487,COc1cc(CNC(=O)CCCCCCNc2c3c(nc4cc(Cl)ccc24)CC2C=C(C)CC3C2)ccc1O,0,CHEMBL4754487
CHEMBL4748114,COc1cc(CNC(=O)CCCCCCCNc2c3c(nc4cc(Cl)ccc24)CC2C=C(C)CC3C2)ccc1O,0,CHEMBL4748114
CHEMBL4782921,COc1cc(CNC(=O)CCCCCCCCNc2c3c(nc4cc(Cl)ccc24)CC2C=C(C)CC3C2)ccc1O,0,CHEMBL4782921
CHEMBL4745534,COc1cc(-c2nnc(N3CCN(c4ccccn4)CC3)o2)cc(OC)c1OC,0,CHEMBL4745534
CHEMBL3621413,COc1ccc2cc3[n+](cc2c1OCc1ccccc1)CCc1cc2c(cc1-3)OCO2,1,CHEMBL3621413
CHEMBL4762533,COc1ccc(COc2c(OC)ccc3cc4[n+](cc23)CCc2cc3c(cc2-4)OCO3)cc1,1,CHEMBL4762533
CHEMBL4580216,S=C(NNc1c2c(nc3ccccc13)CCCC2)Nc1ccccc1,0,CHEMBL4580216
CHEMBL3099500,CN(CCCCNc1c2c(nc3c(NC(=O)CNC(=O)CC[C@H](NC(=O)CNC(=O)OCc4ccccc4)C(=O)N[C@@H](Cc4ccccc4)C(=O)OCc4ccccc4)cccc13)CCCC2)CCCNc1c2c(nc3ccccc13)CCCC2,1,CHEMBL3099500
CHEMBL3233993,N#CC(c1ccc2c(c1)OCO2)N1CCCC1,1,CHEMBL3233993
CHEMBL1192998,COc1cc(C(C#N)N2CCOCC2)cc(OC)c1OC,1,CHEMBL1192998
CHEMBL573102,C[C@@H]1CCC[C@H](C)N1S(=O)(=O)c1ccc(Cl)cc1,0,CHEMBL573102
CHEMBL2413742,Clc1ccc2[nH]c(-c3ccc(OCCN4CCCC4)cc3)nc2c1,1,CHEMBL2413742
CHEMBL377740,Oc1ccc(-c2nc3ccccc3[nH]2)cc1,1,CHEMBL377740
CHEMBL12858,CN(C)Cc1ccc(CSCCNC(=NC#N)NCCSCc2ccc(CN(C)C)o2)o1,0,CHEMBL12858
CHEMBL183813,COc1ccc(-c2cc3c(c(=O)o2)C[C@@]2(O)[C@@]4(C)CCC(=O)C(C)(C)[C@@]4(O)CC[C@@]2(C)O3)cc1,0,CHEMBL183813
CHEMBL362704,CCNC(=O)Oc1ccc2c(c1)C1(C)COC(C1)O2,0,CHEMBL362704
CHEMBL362049,Cc1ccccc1NC(=O)Oc1ccc2c(c1)[C@]1(C)CCOC1N2C,0,CHEMBL362049
CHEMBL4532770,COc1ccc2[nH]cc(CCNC(=O)CCCCCCCNc3c4c(nc5ccccc35)CCCC4)c2c1,0,CHEMBL4532770
CHEMBL1161674,NC1=C2CCCCC2=NC2CCCCC12,0,CHEMBL1161674
CHEMBL128292,O=C1CCN(Cc2ccccc2)C/C1=C\c1cn(C(=O)c2ccc([N+](=O)[O-])cc2)c2ccccc12,1,CHEMBL128292
CHEMBL219406,CCOC(=O)C1=C(C)Nc2nc3c(c(N)c2C1c1ccc(C)cc1)CCCC3,0,CHEMBL219406
CHEMBL468002,CC1(C)CC(=O)C2=C(C1)Nc1nc3c(c(N)c1C2c1ccncc1)CCCC3,1,CHEMBL468002
CHEMBL1081613,C(=C\C[n+]1ccccc1)/C[n+]1ccccc1,1,CHEMBL1081613
CHEMBL352247,Cc1cccc2c1CC(C)C2=O,0,CHEMBL352247
CHEMBL3632849,COc1ccc2nc3c(c(NCCCCCCNC(=O)C4(C)CCc5c(C)c(O)c(C)c(C)c5O4)c2c1)CCCC3,1,CHEMBL3632849
CHEMBL597795,COc1ccc2c(c1)C(=O)/C(=C/c1ccc(CN(C)Cc3ccccc3)cc1)CC2,1,CHEMBL597795
CHEMBL597794,COc1ccc2c(c1)CC/C(=C\c1ccc(CN(C)Cc3ccccc3)cc1)C2=O,0,CHEMBL597794
CHEMBL597821,CN(Cc1ccccc1)Cc1ccc(/C=C2\Cc3ccc(OCCCCN4CCOCC4)cc3C2=O)cc1,0,CHEMBL597821
CHEMBL3884988,O=S(=O)(c1ccccc1)n1ccc2c(N3CCN(CCNc4c5c(nc6ccccc46)CCCC5)CC3)cccc21,0,CHEMBL3884988
CHEMBL32653,CCCNC(=O)Oc1ccc2c(c1)[C@@H]1CCN(CC)C1C2,1,CHEMBL32653
CHEMBL294525,CCCCCCCNc1c2c(nc3cc([N+](=O)[O-])ccc13)CCCC2,0,CHEMBL294525
CHEMBL142491,CCC1=CC2Cc3nc4cccc(F)c4c(N)c3C(C1)C2,0,CHEMBL142491
CHEMBL5431791,C#CCN(C)C(=O)Oc1cccc2c(CN(C)CCC3CCCCCC3)c[nH]c12,0,CHEMBL5431791
CHEMBL3235503,c1ccc2c(NCCSSCCNc3c4c(nc5ccccc35)CCCC4)c3c(nc2c1)CCCC3,0,CHEMBL3235503
CHEMBL4207876,CCN(Cc1ccccc1)Cc1ccc(NC(=O)Cc2ccc(O)cc2)cc1,1,CHEMBL4207876
CHEMBL4208961,Cc1cc(=O)oc2cc(OCc3cc[n+](Cc4ccccc4Br)cc3)ccc12,0,CHEMBL4208961
CHEMBL4216807,Cc1cc(=O)oc2cc(OCc3cc[n+](Cc4ccc([N+](=O)[O-])cc4)cc3)ccc12,1,CHEMBL4216807
CHEMBL314989,COc1cc2c(cc1OC)C(=O)C(CC1CC[N+](C)(Cc3ccccc3)CC1)C2,0,CHEMBL314989
CHEMBL106348,CN(C)CCNc1cc(NCCSCc2ccc(CN(C)C)o2)c([N+](=O)[O-])cc1[N+](=O)[O-],0,CHEMBL106348
CHEMBL5397813,C#CCOc1ccc(CCN(CC=C)Cc2cccc(OC)c2OCc2ccccc2)cc1,1,CHEMBL5397813
CHEMBL5434763,COc1ccc(CCNCc2cccc(OC)c2OCc2ccccc2)cc1,1,CHEMBL5434763
CHEMBL5434796,CCCN(CCc1cccc(OC)c1)Cc1cccc(OC)c1OCc1ccccc1,1,CHEMBL5434796
CHEMBL5422875,COc1ccc(CCN(C)Cc2cccc(OC)c2OCc2ccccc2)cc1,1,CHEMBL5422875
CHEMBL5433937,COc1cccc(CNCCCCc2ccccc2)c1OCc1ccccc1,1,CHEMBL5433937
CHEMBL4455690,Cc1ccc2oc(-c3ccc(OCCCCCCN4CCCCCC4)cc3)cc(=O)c2c1,0,CHEMBL4455690
CHEMBL3628058,O=C(NCCc1c[nH]c2ccccc12)c1cc[n+](Cc2ccc(F)cc2)cc1,1,CHEMBL3628058
CHEMBL131536,CSc1nc(-c2ccc(Cl)cc2)nn1C(=O)N(C)c1ccccc1,1,CHEMBL131536
CHEMBL2093015,C#CCN[C@H]1CCc2ccc(OC(=O)N(C)C)cc21,1,CHEMBL2093015
CHEMBL450931,C#CCNCCc1cccc(OC(=O)N(C)CCC)c1,1,CHEMBL450931
CHEMBL358026,C#CCNC(C)Cc1cccc(OC(=O)N(C)C)c1,0,CHEMBL358026
CHEMBL3233831,CC1=C[C@H]2Cc3nc4cc(Cl)ccc4c(NCCCCCCCCCNC(=O)c4cc(O)c5c(c4)C(=O)c4cccc(O)c4C5=O)c3[C@@H](C1)C2,1,CHEMBL3233831;CHEMBL4109726
CHEMBL24844,COc1ccc(-c2cc3c(c(=O)o2)C(=O)C2[C@@]4(C)CC[C@H](O)[C@@](C)(CO)C4C[C@H](O)[C@@]2(C)O3)cc1OC,1,CHEMBL24844
CHEMBL3769537,COc1cccc(C(=O)N2c3ccccc3[Se]c3ccc(Cl)cc32)c1,1,CHEMBL3769537
CHEMBL3770516,O=C(Cc1ccccc1)N1c2ccccc2Sc2ccc(Cl)cc21,1,CHEMBL3770516
CHEMBL239618,COc1ccc(C(=O)N2c3ccccc3Sc3ccccc32)cc1,1,CHEMBL239618
CHEMBL327209,O=c1cc(-c2ccc(O)cc2)oc2ccccc12,1,CHEMBL327209
CHEMBL75919,CN1CC[C@]2(C)c3cc(OC(=O)Nc4ccccc4)ccc3N(C)C12,1,CHEMBL75919
CHEMBL59782,CCCCCCCNc1c2c(nc3cc(Cl)ccc13)CCCC2,0,CHEMBL59782
CHEMBL3765098,N#CC1=C(N)N(Cc2ccccc2)C(NCc2ccccc2)=C([N+](=O)[O-])C12C(=O)c1ccc(Br)c3c(Br)ccc2c13,1,CHEMBL3765098
CHEMBL3765496,N#CC1=C(N)N(Cc2ccccc2)C(NCc2ccccc2)=C([N+](=O)[O-])C12C(=O)Nc1ccccc12,1,CHEMBL3765496
CHEMBL335158,CCCCCCSc1nc(-c2ccc(Cl)cc2)nn1C(=O)N1CCCCC1,0,CHEMBL335158
CHEMBL145928,C#CC(CCC)OC[n+]1ccn(C)c1/C=N/O,1,CHEMBL145928
CHEMBL4853093,COc1ccc(CN2CCC(c3oc4ccccc4c3C(=O)c3ccccc3)CC2)cc1,1,CHEMBL4853093
CHEMBL4207386,CC(C)=CCNCC(=O)Nc1ccc2nc3n(c(=O)c2c1)CCC3,0,CHEMBL4207386
CHEMBL368196,Nc1c2c(nc3cccc(Cl)c13)C1CCC2C1,0,CHEMBL368196
CHEMBL157410,CN1CCC(CC2=Cc3ccccc3C2)CC1,1,CHEMBL157410
CHEMBL4535585,Oc1ccc(CNc2c3c(nc4ccccc24)CCCC3)cc1O,0,CHEMBL4535585
CHEMBL4521755,Oc1cc(/C=N/c2c3c(nc4ccccc24)CCCC3)cc(O)c1O,1,CHEMBL4521755
CHEMBL4572757,Oc1ccc(CNCCCCCCNc2c3c(nc4ccccc24)CCCC3)cc1O,0,CHEMBL4572757
CHEMBL4588525,c1ccc(COc2ccc(CCOCCCCCNc3c4c(nc5ccccc35)CCCC4)cc2)cc1,0,CHEMBL4588525
CHEMBL3335066,O=c1oc2cc(OCCCN3CCN(Cc4ccccc4)CC3)ccc2c2ccccc12,0,CHEMBL3335066
CHEMBL3335064,O=c1oc2cc(OCCCN3CCC(Cc4ccccc4)CC3)ccc2c2ccccc12,1,CHEMBL3335064
CHEMBL3335027,O=c1oc2cc(OCCN3CCC(Cc4ccccc4)CC3)ccc2c2c1CCCC2,1,CHEMBL3335027
CHEMBL3335032,COc1cccc(CN(C)CCCOc2ccc3c4c(c(=O)oc3c2)CCCC4)c1,1,CHEMBL3335032
CHEMBL1784958,C[C@H](Cc1ccccc1)N(C)C(=O)Oc1cccc([C@H](C)N(C)C)c1,0,CHEMBL1784958
CHEMBL244837,COc1cc2oc3cc(CN(C)Cc4ccccc4)ccc3c(=O)c2cc1OC,1,CHEMBL244837
CHEMBL396247,COc1cc2cc(-c3ccc(CN(CCO)Cc4ccccc4)cc3)c(=O)oc2cc1OC,0,CHEMBL396247
CHEMBL191084,Cc1c(N2CCN(C)CC2)nc2ccccc2c1C(=O)N(C)Cc1ccccc1,1,CHEMBL191084
CHEMBL4763376,Cc1cccc(/C=N/NC(=O)N2CCN(c3ccccn3)CC2)c1,1,CHEMBL4763376
CHEMBL5270046,O=c1c(/C=N/Nc2ccc(C(F)(F)F)cc2)coc2c1ccc1oc(-c3ccc(Cl)cc3)cc12,1,CHEMBL5270046
CHEMBL371006,COc1cc2ccnc3c2c(c1OC)COC3(CC(O)CO)OC,1,CHEMBL371006
CHEMBL196177,COc1cc2ccnc3c2c(c1OC)COC3(CCCO)OC,1,CHEMBL196177
CHEMBL2380672,O=C1/C(=C/c2ccccc2F)CN(C(=O)[C@H]2C[C@H]3CCCN3[C@]23C(=O)Nc2cc(Cl)ccc23)C/C1=C\c1ccccc1F,1,CHEMBL2380672
CHEMBL111309,Cc1c(C)c2ccc(OCc3ccccc3)cc2oc1=O,1,CHEMBL111309
CHEMBL111310,COc1cccc(COc2ccc3c(C)c(C)c(=O)oc3c2)c1,1,CHEMBL111310
CHEMBL109085,Cc1cccc(COc2ccc3c(C)c(C)c(=O)oc3c2)c1,1,CHEMBL109085
CHEMBL4170940,COc1cc2c(cc1OC)C(=O)C(Cc1cc[n+](Cc3cccc(C)n3)cc1C(N)=O)C2,1,CHEMBL4170940
CHEMBL5285784,COc1ccc(-c2cc(=O)c3ccc(OCCN4CCCC4)cc3o2)cc1,0,CHEMBL5285784
CHEMBL155111,N#CC(C#N)=C1NCCN1CCNCc1ccc(CN2CCCC2)o1,0,CHEMBL155111
CHEMBL569978,COc1ccc2c3c1O[C@H]1C[C@@H](O)C=C[C@@]31CCN(CCCN1CCCCC1)C2,0,CHEMBL569978
CHEMBL5207442,CCN(CC)Cc1ccc(/C=C2\Cc3cc(OC)ccc3C2=O)cc1,0,CHEMBL5207442
CHEMBL5204407,CCN(CC)Cc1ccc(C=C2Cc3ccc(OC)cc3C2=O)cc1,1,CHEMBL5204407
CHEMBL4214932,O=C(CNCc1ccccc1)Nc1ccc2nc3n(c(=O)c2c1)CCC3,0,CHEMBL4214932
CHEMBL512569,O=C1C2=C(CCCC2)S(=O)(=O)N1c1ccncc1,1,CHEMBL512569
CHEMBL461945,O=C1C2=C(CCCC2)S(=O)(=O)N1c1c(F)c(F)nc(F)c1F,1,CHEMBL461945
CHEMBL5200956,CCOC1(c2cc(O)ccc2O)C=C(CC/C=C(\C)CCC=C(C)C)C(=O)O1,1,CHEMBL5200956
CHEMBL4765084,C[C@@H]1CC[C@H]2[C@H](C(=O)c3c4c(cn(O)c3=O)[C@@]3(O)CC[C@H](O)[C@H](O4)[C@@H]3O)[C@H](C)C=C[C@@H]2C1,1,CHEMBL4765084
CHEMBL4759107,C/C=C1\C2C=C(C)CC1(NCC(=O)OC)c1ccc(=O)[nH]c1C2,1,CHEMBL4759107
CHEMBL4794629,CCCCCCCCCCCCCCCCc1c(C(=O)[O-])ccc[n+]1C,1,CHEMBL4794629
CHEMBL582883,C[C@@H]1CCC[C@H](C)N1S(=O)(=O)c1cc(Cl)ccc1Cl,0,CHEMBL582883
CHEMBL3754585,BrCC1CN=C(Nc2ccccn2)S1,1,CHEMBL3754585
CHEMBL106126,Cc1c(C(C)C)c(=O)on1C(=O)N1CCC[C@H](C)C1,1,CHEMBL106126
CHEMBL339995,CSc1nc(/C=C/c2ccccc2)nn1C(=O)N(C)C,0,CHEMBL339995
CHEMBL153311,CNC(NCCNCc1ccc(CN(C(C)C)C(C)C)o1)=C(C#N)C#N,1,CHEMBL153311
CHEMBL173607,CC[N+](C)(CCCCCC(=O)N(C)CCCCCCCCN(C)C(=O)CCCCC[N+](C)(CC)Cc1ccccc1C)Cc1ccccc1C,0,CHEMBL173607
CHEMBL3403315,CCN(CC)C(=O)[C@H](Cc1ccc(OC)cc1)NC(=O)[C@H](CC(C)C)NC(=O)[C@@H](NC(=O)[C@@H](N)COC(=O)[C@@H]1CCCN1C(C)=O)C(C)C,1,CHEMBL3403315
CHEMBL4443695,Fc1ccc(CNC2CCN(Cc3ccccc3)CC2)c(F)c1,0,CHEMBL4443695
CHEMBL3323039,CCN(CC)CCCOc1ccc2nc3n(c(=O)c2c1)Cc1ccccc1-3,0,CHEMBL3323039
CHEMBL1081031,CN1c2ccc(OC(=O)NC3CCCCC3)cc2[C@]2(C)CCN(CCc3ccccc3)[C@H]12,0,CHEMBL1081031
CHEMBL45069,C#CCNCc1cc2cc(OCc3ccccc3)ccc2[nH]1,1,CHEMBL45069
CHEMBL557405,CNC(=O)Oc1cccc(CN(C)CCCCCCCCOc2ccc3c(=O)c4ccccc4oc3c2)c1,0,CHEMBL1085278;CHEMBL557405
CHEMBL4076207,CCCCCCOC(=O)[C@H](CCC(=O)NCCC1CCN(Cc2ccccc2)CC1)NC(=O)c1c[nH]c2ccccc12,1,CHEMBL4076207
CHEMBL4209803,Cc1cccc(C(=O)Nc2ccc3c(c2)CN(C(=O)c2cccc(C)c2)C(=O)C3)c1,0,CHEMBL4209803
CHEMBL4205144,COc1ccccc1C(=O)Nc1ccc2c(c1)CN(C(=O)c1cccc(C)c1)C(=O)C2,0,CHEMBL4205144
CHEMBL2181433,COc1cc2c(cc1OC)C(c1ccccc1)N(CCCCCCc1ccc(O)c(/C=N/O)n1)CC2,1,CHEMBL2181433
CHEMBL4473127,Fc1ccc2[nH]c3c(c2c1)C[PH](Cc1cccc2ccccc12)(c1ccccc1)CC3,1,CHEMBL4473127
CHEMBL1782730,CCN(CC)C(C)C(=O)N1c2ccccc2Sc2ccccc21,1,CHEMBL1782730
CHEMBL278826,Cc1noc(/C=N/O)n1,1,CHEMBL278826
CHEMBL161880,Clc1cccc2c1CN1CCCCCC1=N2,1,CHEMBL161880
CHEMBL153848,COc1cc2c(cc1OC(C)C)CC(C)C2=O,0,CHEMBL153848
CHEMBL1834877,COc1cc(CCCOC(=O)Nc2ccccc2)cc2cc(-c3ccc4c(c3)OCO4)oc12,1,CHEMBL1834877
CHEMBL123831,CN1CC[C@@]2(C)c3cc(OC(=O)Nc4ccccc4)ccc3N(C)[C@H]2O1,0,CHEMBL123831
CHEMBL4070769,N#CC1=C(N)N2CCCNC2=C([N+](=O)[O-])C12c1ccccc1-c1nc3ccccc3nc12,1,CHEMBL4070769
CHEMBL149026,C#CCCOC[n+]1ccn(C)c1/C=N/O,1,CHEMBL149026
CHEMBL60119,Cc1ccc2c(N)c3c(nc2c1)CCCC3,0,CHEMBL4858901;CHEMBL60119
CHEMBL4562938,COc1ccc(CN2CCC(Nc3nc(-c4ccc(OC)cc4)c(-c4ccc(OC)cc4)s3)CC2)cc1,0,CHEMBL4562938
CHEMBL4593917,N#Cc1ccc(CN2CCC(Nc3nc(-c4ccc(Cl)cc4)c(-c4ccc(Cl)cc4)s3)CC2)cc1,1,CHEMBL4593917
CHEMBL4592283,O=C(Nc1nc(-c2ccc(Cl)cc2)c(-c2ccc(Cl)cc2)s1)C1CCN(Cc2ccccc2C(F)(F)F)CC1,1,CHEMBL4592283
CHEMBL5647144,Nc1n[nH]c2nc(-c3ccccc3)cc(-c3ccc(Br)cc3)c12,1,CHEMBL5647144
CHEMBL5646721,COc1ccc(-c2cc(-c3ccc(Br)cc3)nc3[nH]nc(N)c23)cc1OC,0,CHEMBL5646721
CHEMBL545331,C#CCN(C)C1CCc2cccc(OC(=O)N(C)C)c21,1,CHEMBL1193856;CHEMBL545331
CHEMBL151922,C#CCNC(C)Cc1cccc(OC(=O)N(C)CCC)c1,1,CHEMBL151922
CHEMBL4857554,Nc1c2c(nc3ccc(Cl)cc13)CCC2,1,CHEMBL4857554
CHEMBL343237,CC1CCN(CCc2ccccc2)CC1,0,CHEMBL343237
CHEMBL4867284,Nc1c2c(nc3ccc(Br)cc13)CCCCC2,1,CHEMBL4867284
CHEMBL4872815,Nc1c2c(nc3c(Cl)cc(Cl)cc13)CCCCC2,1,CHEMBL4872815
CHEMBL4857870,Nc1c2c(nc3c(Br)cc(Br)cc13)CCCC2,1,CHEMBL4857870
CHEMBL4859173,Nc1c2c(nc3cccc(Cl)c13)CCCCC2,1,CHEMBL4859173
CHEMBL4845734,Cc1ccc2c(N)c3c(nc2c1)CCCCC3,0,CHEMBL4845734
CHEMBL364125,COCC[N+]1(C)CCCC(C(=O)c2cc3cc(OC)c(OC)cc3s2)CC1,0,CHEMBL364125
CHEMBL61486,Nc1ccc2nc3c(c(N)c2c1)CCCC3,1,CHEMBL61486
CHEMBL5597315,CCOC(=O)C1=C(Nc2cccc(F)c2)CC(c2ccc(F)cc2)N(c2cccc(F)c2)C1c1ccc(F)cc1,1,CHEMBL5597315
CHEMBL422338,COc1cccc2c1CC(C)C2=O,0,CHEMBL422338
CHEMBL19060,COc1ccccc1CNCCCCCCNCCSSCCNCCCCCCNCc1ccccc1OC,1,CHEMBL19060
CHEMBL12547,CN(C)Cc1ccc(CSCCCCCCCCCCSCc2ccc(CN(C)C)o2)o1,1,CHEMBL12547
CHEMBL5268704,COc1ccc2c(c1)c(C=O)cn2CCCCCCCN(C)Cc1ccc(O)cc1,1,CHEMBL5268704
CHEMBL542016,C#CCN(C)C1CCc2c(OC(=O)N(C)CC)cccc21,1,CHEMBL1190983;CHEMBL542016
CHEMBL2093017,C#CCN(C)[C@@H](C)Cc1cccc(OC(=O)N(C)C2CCCCC2)c1,1,CHEMBL2093017
CHEMBL609149,CN(C)C(=O)Oc1ccc2c(c1)[C@]1(C)CCN(C)C1N2C,0,CHEMBL609149
CHEMBL155768,CC1CCN(C(=O)c2ccccc2)CC1,1,CHEMBL155768
CHEMBL3910142,C#CCN(Cc1ccc2cccc(O)c2n1)C(C#N)CCC1CCN(Cc2ccccc2)CC1,0,CHEMBL3910142
CHEMBL5633243,CC(=O)c1cccc(N/C=C/C(=O)c2cc3ccccc3o2)c1,0,CHEMBL5633243
CHEMBL5632755,NS(=O)(=O)c1ccc(N/C=C/C(=O)c2cc3ccccc3o2)cc1,0,CHEMBL5632755
CHEMBL1202929,COc1ccc(C2SCC(=O)N2CCCN(C)C)cc1,1,CHEMBL1202929
CHEMBL5404393,CN(C)CCCN1C(=O)CSC1c1ccccc1F,1,CHEMBL5404393
CHEMBL5427383,CN(C)CCCN1C(=O)CSC1c1ccc(F)cc1Cl,1,CHEMBL5427383
CHEMBL5421973,CN(C)CCCN1C(=O)CSC1c1ccc(Cl)cc1Cl,1,CHEMBL5421973
CHEMBL5291438,O=C1CC2CCc3ccsc3C2=NN1CCCCN1CCCCC1,1,CHEMBL5291438
CHEMBL5279473,O=C1CC2CCc3ccsc3C2=NN1CCCCN1CCCC1,1,CHEMBL5279473
CHEMBL5283896,O=C1CC2CCc3ccsc3C2=NN1CCCCCCN1CCN(Cc2cccc3c2ccn3S(=O)(=O)c2ccccc2)CC1,1,CHEMBL5283896
CHEMBL5633705,Cc1ccc(N/C=C/C(=O)c2cc3ccccc3o2)cc1,0,CHEMBL5633705
CHEMBL57003,C=CC[N+](C)(C)c1ccc(OC(C)=O)cc1,1,CHEMBL57003
CHEMBL337453,Nc1c2c(nc3cccc(Cl)c13)OCCC2,0,CHEMBL337453
CHEMBL5191224,COc1ccc(OC)c(C2=NN(C(C)=O)C(c3ccc(-c4ccccc4)cc3)C2)c1,1,CHEMBL5191224
CHEMBL5185580,CC(=O)N1N=C(c2cccc3ccccc23)CC1c1ccc(-c2ccccc2)cc1,1,CHEMBL5185580
CHEMBL5633253,Fc1cccc(-c2cnc3cccnc3n2)c1,0,CHEMBL5633253
CHEMBL1084211,c1ccc2c(CNc3ccnc(N4CCOCC4)n3)cccc2c1,1,CHEMBL1084211
CHEMBL5180612,CCCCC1OC(=O)c2cc(OCc3ccc(CN4CCCC4)c(O)c3)ccc21,1,CHEMBL5180612
CHEMBL2011495,CC1=CC2Cc3nc4cc(Cl)ccc4c(NCCCN(C)CCCNc4c5c(nc6cc(Cl)ccc46)CCCC5)c3C(C1)C2,0,CHEMBL2011495
CHEMBL3961494,COc1cc2c(cc1OC)C(=O)C(CC1CCN(Cc3cccc(C(F)(F)F)c3)CC1)C2,1,CHEMBL3961494
CHEMBL2160225,CN(CCCCCCCOc1ccc(-c2oc3ccccc3c2C(=O)c2ccc(OCCN3CCOCC3)cc2)cc1)Cc1ccccc1,1,CHEMBL2160225
CHEMBL2160217,CN(CCCCCCCOc1ccc(-c2oc3ccccc3c2C(=O)c2cccc3ccccc23)cc1)Cc1ccccc1,1,CHEMBL2160217
CHEMBL3632987,Cc1c(C)c2c(c(C)c1O)CCC(C)(C(=O)NCCCNc1c3c(nc4ccccc14)CCCC3)O2,0,CHEMBL3632987
CHEMBL3632988,Cc1c(C)c2c(c(C)c1O)CCC(C)(C(=O)NCCNc1c3c(nc4cc(Cl)ccc14)CCCC3)O2,0,CHEMBL3632988
CHEMBL3632991,Cc1c(C)c2c(c(C)c1O)CCC(C)(C(=O)NCCCCCNc1c3c(nc4cc(Cl)ccc14)CCCC3)O2,0,CHEMBL3632991
CHEMBL543546,CC(C)N(CCS/C(=N\O)C(=O)c1ccc(Cl)cc1)C(C)C,1,CHEMBL543546
CHEMBL3353039,CC1=C[C@H]2Cc3nc4cc(Cl)ccc4c(NCCCCCCNc4c5c(nc6cc(Cl)ccc46)C[C@@H]4C=C(C)C[C@H]5C4)c3[C@@H](C1)C2,0,CHEMBL3353039
CHEMBL3952144,Fc1ccc(C[n+]2ccc(CCNc3nc4ccc(F)cc4s3)cc2)cc1,0,CHEMBL3952144
CHEMBL4453954,Cc1cc(C)c(S(=O)(=O)Nc2ccc(C3C4=C(CC(C)(C)CC4=O)N(c4ccc(Br)cc4)C4=C3C(=O)CC(C)(C)C4)cc2)c(C)c1,0,CHEMBL4453954
CHEMBL3597946,CCOC(=O)Cc1csc(NC(=O)C[n+]2ccc(/C=N/O)cc2)n1,1,CHEMBL3597946
CHEMBL340542,COc1ccc(C(=O)n2cc(/C=C3\CN(Cc4ccccc4)CCC3=O)c3ccccc32)cc1,1,CHEMBL340542
CHEMBL314502,COc1cc2cc(C(=O)CCC3CC[N+](C)(CC#N)CC3)sc2cc1OC,1,CHEMBL314502
CHEMBL4166003,Cc1cccc(C2NC(=S)Nc3nc4c(c(N)c32)CCCC4)c1,1,CHEMBL4166003
CHEMBL4535748,Cc1ccc(-c2nc(NC(=O)C3CCN(Cc4ccc(C#N)cc4)CC3)sc2-c2ccc(C)cc2)cc1,1,CHEMBL4535748
CHEMBL4573793,Cc1ccc(-c2nc(NC(=O)C3CCN(Cc4c(F)cccc4Cl)CC3)sc2-c2ccc(C)cc2)cc1,1,CHEMBL4573793
CHEMBL1348834,Clc1ccc(CNC2CCN(Cc3ccccc3)CC2)cc1,0,CHEMBL1348834
CHEMBL4444968,Cc1ccc(CNC2CCN(Cc3ccccc3)CC2)cc1,1,CHEMBL4444968
CHEMBL3947803,CCOC(=O)C1=C(C)Nc2nc3c(c(N)c2C1c1ccc(C(F)(F)F)cc1)CC(C)CC3,0,CHEMBL3947803
CHEMBL3939015,CC1=C(C(=O)OC(C)C)C(c2ccccc2F)c2c(nc3c(c2N)CC(C)(C)CC3)N1,1,CHEMBL3939015
CHEMBL4295165,CCN1CCN(CCCNC(=O)COc2ccc(-c3ccccc3)cc2)CC1,1,CHEMBL4295165
CHEMBL4638958,CC(C)=CC[C@H]1C[C@]2(CC=C(C)C)C(=O)[C@]3(CC=C(C)C)O[C@@]1(C(=O)C(C)C)[C@@]2(O)C(C)(C)C3=O,1,CHEMBL4638958
CHEMBL4075571,CCN(CC)Cc1ccc(/C=C2\Oc3cc(OC)c(OC)cc3C2=O)cc1O,0,CHEMBL4075571
CHEMBL4098196,CCN1CCN(Cc2ccc(/C=C3\Oc4cc(OC)c(OC)cc4C3=O)cc2O)CC1,1,CHEMBL4098196
CHEMBL2237996,COc1ccc(-c2cc(N)c3c(C(F)(F)F)cc(-c4ccccc4)nc3n2)cc1,1,CHEMBL2237996
CHEMBL344196,C[N+](C)(C)CCCCCBr,1,CHEMBL344196
CHEMBL375976,CN(CCCCCCCOc1ccc2c(=O)c3ccccc3oc2c1)Cc1cccc(Cl)c1,1,CHEMBL375976
CHEMBL128452,CCCCNC(=O)Oc1cccc(CN(CCC)CCCOc2ccc3c(=O)c4ccccc4oc3c2)c1,0,CHEMBL128452
CHEMBL4168617,O=C1CC[C@@]2(C=CNC3=C2C2=NCCc4c[nH]c(c42)C3=O)C=C1Br,1,CHEMBL4168617
CHEMBL2234843,CCOC(=O)C1=C(C)Oc2nc3c(c(N)c2[C@H]1c1ccc(C)cc1)CCCC3,1,CHEMBL2234843
CHEMBL2234841,CCOC(=O)C1=C(C)Oc2nc3c(c(N)c2[C@H]1c1ccc(OC)c(OC)c1)CCCCC3,1,CHEMBL2234841
CHEMBL2234839,CCOC(=O)C1=C(C)Oc2nc3c(c(N)c2[C@H]1c1cccc(OC)c1)CCCCC3,1,CHEMBL2234839
CHEMBL2234831,CCOC(=O)C1=C(C)Oc2nc3c(c(N)c2[C@H]1c1ccco1)CCCC3,1,CHEMBL2234831
CHEMBL2234542,CCOC(=O)c1c(C)nc2nc3c(c(N)c2c1-c1ccccc1)CCCCCC3,1,CHEMBL2234542
CHEMBL4160694,O=C1C2=C(C3=NCCc4c[nH]c1c43)C1(C=CN2)C=C(Br)C(O)C(Br)=C1,1,CHEMBL4160694
CHEMBL4516296,O=c1ccc2cc(/N=C/c3ccc(Br)cc3)ccc2o1,0,CHEMBL4516296
CHEMBL2441688,COc1ccc(C(F)(F)F)c[n+]1C,1,CHEMBL2441688
CHEMBL4074655,Cc1ccc2c(c1)C(=O)C(=O)N2Cc1ccccc1[N+](=O)[O-],0,CHEMBL4074655
CHEMBL511921,Cc1ccc2c(c1)C(=O)C(=O)N2Cc1ccc(Br)cc1,0,CHEMBL511921
CHEMBL4062800,COc1ccc(NCc2ccc3c(c2)C(=O)C(=O)N3C(=O)c2ccccc2)cc1,0,CHEMBL4062800
CHEMBL4063877,CN1CCN(Cc2ccc3c(c2)C(=O)C(=O)N3C(=O)c2ccccc2)CC1,0,CHEMBL4063877
CHEMBL4095445,COc1ccc(CCNc2nc(NC(C)C)nc3ccccc23)cc1OC,1,CHEMBL4095445
CHEMBL5412278,COC(=O)c1cc(C(=O)c2ccc(OC)cc2)n2ccc(CCCc3cc[n+](C)cc3)cc12,1,CHEMBL5412278
CHEMBL155121,CC1CCN(Cc2cccc3ccccc23)CC1,0,CHEMBL155121
CHEMBL3417008,COc1cc(N)c(Cl)cc1C(=O)OCC1CCN(CC2CCCCC2)CC1,1,CHEMBL3417008
CHEMBL3822790,COc1ccc2[nH]cc(CCNC(=O)CC3CCN(Cc4ccc(C)cc4)CC3)c2c1,1,CHEMBL3822790
CHEMBL3753360,c1ccc2oc(CN(CCCCCCCNc3c4c(nc5ccccc35)CCCC4)Cc3cc4ccccc4o3)cc2c1,0,CHEMBL3753360
CHEMBL4162999,Cc1c(C(=O)N(C)C)cc2c(OC(=O)N(C)C)cccc2[n+]1C,1,CHEMBL4162999
CHEMBL4216066,COc1cc(/C=C/C(=O)NCCCCCCNc2c3c(nc4ccccc24)CCCC3)cc(OC)c1O,0,CHEMBL4216066
CHEMBL4745688,CCCCN[C@@H](Cc1c[nH]c2ccccc12)C(=O)NCCC1CCN(CC2CCN(C)CC2)CC1,1,CHEMBL4745688
CHEMBL5286328,CC1(C)O[C@@H]2[C@@H](O)[C@H]3NC(=O)O[C@H]3C[C@@H]2O1,1,CHEMBL5286328
CHEMBL4876038,COc1cccc(C2CC(c3cc(F)ccc3F)=NN2c2ccc(S(N)(=O)=O)cc2)c1OC,0,CHEMBL4876038
CHEMBL4097266,CSP(C)(=O)OC(C)C(C)(C)C,1,CHEMBL4097266
CHEMBL4104459,CN1CC2C(=O)N(c3ccc([N+](=O)[O-])cc3)C(=O)C2C12C(=O)c1ccccc1C2=O,1,CHEMBL4104459
CHEMBL4071803,CN1CC2C(=O)N(c3ccc(F)cc3)C(=O)C2C12C(=O)c1ccccc1C2=O,1,CHEMBL4071803
CHEMBL5414511,COC(=O)/C=C/C(=O)Nc1ccc(OCCCCSC(=S)N2CCCCC2C)cc1,0,CHEMBL5414511
CHEMBL539109,CNC(=O)Oc1ccc2c(c1)[C@]1(C)CC[N+](C)(C)C1N2C,0,CHEMBL1173604;CHEMBL136526;CHEMBL539109
CHEMBL61986,CCCCCCCNc1c2c(nc3cc(OC)ccc13)CCCC2,0,CHEMBL61986
CHEMBL66309,CN1CC[C@@]2(C)c3cc(OC(=O)NCCCCCCCN4CCOCC4)ccc3N(C)[C@@H]12,0,CHEMBL66309
CHEMBL99414,CNC(=O)Oc1ccc2c(c1)[C@@]1(C)CCN(C)C1N2,1,CHEMBL99414
CHEMBL3765293,O=c1cc(Cl)c2ccc(OCCNC3CCN(Cc4ccccc4)CC3)cc2o1,1,CHEMBL3765293
CHEMBL491528,COc1ccc(C(=O)c2ccc(CN3CCc4ccccc4C3)cc2)cc1OC,1,CHEMBL491528
CHEMBL5090683,CCNC(=O)Oc1ccc2c(c1)[C@]1(C)CCOC1O2,0,CHEMBL5090683
CHEMBL1242981,CC(C)c1ccc(NC(=O)Oc2ccc3c(c2)[C@]2(C)CCOC2O3)cc1,0,CHEMBL1242981
CHEMBL4741070,COc1cc(/C=C/C(=O)N2CCc3ccccc3C2)ccc1OC(=O)N(C)OC,1,CHEMBL4741070
CHEMBL4779514,CCN(CC)C(=O)Oc1ccc(/C=C/C(=O)N2CCc3ccccc3C2)cc1OC,1,CHEMBL4779514
CHEMBL4289104,CN(C)CCCOc1cccc(/C=C2\COc3ccccc3C2=O)c1,1,CHEMBL4289104
CHEMBL1085758,CN(C)C(=O)Oc1ccc(-c2cn3c(Cl)cccc3[n+]2C)cc1,1,CHEMBL1085758
CHEMBL1085027,CN(C)C(=O)Oc1ccc(-c2cn3c(NC=O)cccc3[n+]2C)cc1,1,CHEMBL1085027
CHEMBL1083373,CNC(=O)Oc1cccc(-c2cn3c(NC(C)=O)cccc3[n+]2C)c1,1,CHEMBL1083373
CHEMBL75110,O=C(CCC1CCN(Cc2ccccc2)CC1)c1ccc2c(c1)CCN2,0,CHEMBL75110
CHEMBL307693,O=C(CCC1CCN(Cc2ccccc2)CC1)c1ccc2c(c1)N(Cc1ccccc1)CC2,0,CHEMBL307693
CHEMBL73593,O=C(CCC1CCN(Cc2ccccc2)CC1)c1ccc2c(c1)NCCC2,0,CHEMBL73593
CHEMBL74747,CN1CCCCc2ccc(C(=O)CCC3CCN(Cc4ccccc4)CC3)cc21,0,CHEMBL74747
CHEMBL307513,CCCN1CCCCc2ccc(C(=O)CCC3CCN(Cc4ccccc4)CC3)cc21,1,CHEMBL307513
CHEMBL74533,COc1ccc(CN2CCC(CCC(=O)c3ccc4c(c3)NCCCC4)CC2)cc1,1,CHEMBL74533
CHEMBL308093,O=C(CCC1CCN(Cc2cccc(F)c2)CC1)c1ccc2c(c1)NCCCC2,0,CHEMBL308093
CHEMBL1085126,CCN1CC[C@@]2(C)c3cc(OC(=O)NC(C)(C)C)ccc3C[C@@H]12,1,CHEMBL1085126
CHEMBL141801,COc1ccc(N(CCC2CCN(Cc3ccccc3)CC2)C(C)=O)cc1,0,CHEMBL141801
CHEMBL333909,O=C1c2ccccc2CN1CCC1CCN(Cc2ccccc2)CC1,0,CHEMBL333909
CHEMBL141203,O=c1c2ccccc2ccn1CCC1CCN(Cc2ccccc2)CC1,1,CHEMBL141203
CHEMBL342413,O=c1[nH]c2ccccc2c(=O)n1CCC1CCN(Cc2ccccc2)CC1,0,CHEMBL342413
CHEMBL1083069,O=C1CNc2cc3onc(CCC4CCN(Cc5ccccc5)CC4)c3cc2C1,0,CHEMBL1083069
CHEMBL129753,CNC(=O)Oc1cccc(CN(C)CCCCOc2ccc3c(=O)c4ccccc4oc3c2)c1,0,CHEMBL129753
CHEMBL1083070,CCCCCCNC(=O)Oc1cccc(CN(C)CCCCOc2ccc3c(=O)c4ccccc4oc3c2)c1,0,CHEMBL1083070
CHEMBL337999,CNC(=O)Oc1cccc(CN(C)CCCCCOc2ccc3c(=O)c4ccccc4oc3c2)c1,0,CHEMBL337999
CHEMBL3642041,CC(=O)NCCc1c[nH]c2ccc(OC(=O)NCCNc3c4c(nc5ccccc35)CCCC4)cc12,1,CHEMBL3642041
CHEMBL4794000,Brc1ccc(/C=N\C2CCN(Cc3ccccc3)C2)cc1,1,CHEMBL4794000
CHEMBL4744470,Fc1ccc(/C=N\C2CCN(Cc3ccccc3)C2)c(F)c1,0,CHEMBL4744470
CHEMBL3819383,COc1cc(/C=C/C(=O)NCCC2CCN(Cc3ccccc3)CC2)ccc1OC(C)=O,0,CHEMBL3819383
CHEMBL3597067,COC(=O)C1=C(Nc2ccccc2)C[C@@H](c2cccc([N+](=O)[O-])c2)N(c2ccccc2)[C@@H]1c1cccc([N+](=O)[O-])c1,1,CHEMBL3597067
CHEMBL3605424,CN(C)CCC[C@@]1(c2ccc(F)cc2)OCc2cc(-c3nnc(-c4ccccc4F)[nH]3)ccc21,1,CHEMBL3605424
CHEMBL3917990,COc1ccc(/C=C/C(=O)Nc2ccc(CN(C)Cc3ccccc3)cc2)cc1OC,1,CHEMBL3917990
CHEMBL4214643,COc1ccccc1C(=O)Nc1ccc2c(c1)CNC(=O)C2,0,CHEMBL4214643
CHEMBL4176452,COCCNC(=O)c1cc2c(OC(=O)N(C)C)cccc2[n+](C)c1,0,CHEMBL4176452
CHEMBL4166257,CNC(=O)c1cc2c(OC(=O)N(C)C)cccc2[n+](Cc2ccccc2)c1,1,CHEMBL4166257
CHEMBL5080499,CO[C@H]1C[C@H]2C(=C[C@@H]1OC(=O)c1ccc(C)cc1)[C@H]1CN2Cc2cc3c(cc21)OCO3,1,CHEMBL5080499
CHEMBL5075459,CO[C@H]1C[C@H]2C(=C[C@@H]1OC(=O)c1ccc(C)c([N+](=O)[O-])c1)[C@H]1CN2Cc2cc3c(cc21)OCO3,1,CHEMBL5075459
CHEMBL5087001,CO[C@H]1C[C@H]2C(=C[C@@H]1OC(=O)c1ccco1)[C@H]1CN2Cc2cc3c(cc21)OCO3,1,CHEMBL5087001
CHEMBL5090352,CO[C@H]1C=C2[C@H]3CN(Cc4cc5c(cc43)OCO5)[C@H]2C[C@@H]1OC(=O)c1ccc([N+](=O)[O-])cc1Cl,1,CHEMBL5090352
CHEMBL470866,C=C(CC[C@@H](C)[C@H]1CC[C@H]2[C@@H]3CC=C4C(=O)[C@](O)(C(=O)OCC)C[C@]4(C)[C@H]3CC[C@]12C)C(C)C,1,CHEMBL470866
CHEMBL4214951,CN(Cc1ccccc1)Cc1ccc(NC(=O)Cc2ccc(O)c(O)c2)cc1,1,CHEMBL4214951
CHEMBL4203538,COc1ccc(CC(=O)Nc2ccc(CN(C)Cc3ccccc3)cc2)cc1OC,1,CHEMBL4203538
CHEMBL4213874,Cc1ccc(C[n+]2ccc(COc3ccc4c(C)cc(=O)oc4c3)cc2)cc1,0,CHEMBL4213874
CHEMBL4210041,COc1ccccc1C(=O)Nc1ccc2c(c1)CN(C(=O)c1ccccc1OC)C(=O)C2,0,CHEMBL4210041
CHEMBL128172,O=C1CCN(Cc2ccccc2)C/C1=C\c1c[nH]c2ccccc12,1,CHEMBL128172
CHEMBL2377876,Fc1ccc(Cc2nnc3sc(-c4ccoc4)nn23)cc1,1,CHEMBL2377876
CHEMBL2375480,Fc1cccc(Cc2nnc3sc(-c4ccoc4)nn23)c1,1,CHEMBL2375480
CHEMBL2377873,Clc1ccccc1-c1nnc2sc(-c3ccoc3)nn12,1,CHEMBL2377873
CHEMBL4284619,CCN1CCN(C2CCN(C(=O)COc3ccc(-c4ccc(OC)cc4)cc3)CC2)CC1,1,CHEMBL4284619
CHEMBL4292499,CCN1CCN(CCCNC(=O)COc2ccc(-c3ccc(OC)cc3)cc2)CC1,1,CHEMBL4292499
CHEMBL4526049,COc1cc(N)c(Cl)cc1C(=O)CCC1CCN(Cc2ccc(O)c(O)c2)CC1,0,CHEMBL4526049
CHEMBL4561792,Oc1ccc(CNC2CCN(Cc3ccccc3)CC2)cc1,1,CHEMBL4561792
CHEMBL4568615,Fc1ccc(/C=N/C2CCN(Cc3ccccc3)CC2)c(F)c1,1,CHEMBL4568615
CHEMBL4575167,FC(F)(F)c1ccc(/C=N/C2CCN(Cc3ccccc3)CC2)cc1,0,CHEMBL4575167
CHEMBL4444849,COc1cccc(/C=N/C2CCN(Cc3ccccc3)CC2)c1OC,1,CHEMBL4444849
CHEMBL307721,C=CCN1CC[C@@]2(C)c3cc(OC(=O)NC)ccc3N(C)[C@@H]12,0,CHEMBL307721
CHEMBL58194,C=CC[N+](C)(C)c1ccccc1OC,1,CHEMBL58194
CHEMBL4750731,CCCCN[C@@H](Cc1c[nH]c2ccccc12)C(=O)NCCC1CCCN(Cc2ccccc2)CC1,1,CHEMBL4750731
CHEMBL5202541,COc1cc(/C=C/c2cc(=O)oc3c2ccc2oc(-c4cccc(F)c4)cc23)cc(OC)c1,1,CHEMBL5202541
CHEMBL5200035,COc1ccc(-c2cc3c(ccc4c(/C=C/c5cc(OC)cc(OC)c5)cc(=O)oc43)o2)cc1,1,CHEMBL5200035
CHEMBL4210192,O=c1[nH]c(CCCO)nc2ccccc12,1,CHEMBL4210192
CHEMBL5208529,c1ccc2c(c1)CN1Cc3cc(OCCCN4CCCCC4)ccc3N=C21,0,CHEMBL5208529
CHEMBL418068,O=C(O)c1cc(O)c2c(c1)C(=O)c1cccc(O)c1C2=O,1,CHEMBL418068
CHEMBL572480,CCN(CCCCCCNC1=CC(=O)C(NCCCCCCNC(=O)CCCCC2CCSS2)=CC1=O)Cc1ccccc1OC,0,CHEMBL572480
CHEMBL1783532,CC(C)C1=N[C@H]2CC[C@]34C[C@]35C(=O)C[C@]3(C)[C@@H]([C@H](C)N(C)C)[C@H](O)C[C@@]3(C)[C@@H]5CC[C@H]4[C@]2(C)CN1C,1,CHEMBL1783532
CHEMBL1783523,CC(C)C1=N[C@H]2CC[C@]34C[C@]35C(=O)C[C@]3(C)[C@@H]([C@H](C)N(C)C(=O)c6ccccc6)[C@H](O)C[C@@]3(C)[C@@H]5CC[C@H]4[C@]2(C)CS1,0,CHEMBL1783523
CHEMBL1783519,CC(C)C1=N[C@H]2CC[C@]34C[C@]35C(=O)C[C@]3(C)[C@@H]([C@H](C)N(C)CCN6C(=O)c7ccccc7C6=O)[C@H](O)C[C@@]3(C)[C@@H]5CC[C@H]4[C@]2(C)CS1,0,CHEMBL1783519
CHEMBL374981,COc1cc(C(=O)NCCCCCCCCC(=O)NNc2c3c(cc4ccccc24)CCCC3)cc(OC)c1OC,0,CHEMBL374981
CHEMBL225689,c1cc[n+](CCCCCCCCCC[n+]2ccccc2)cc1,0,CHEMBL225689
CHEMBL1076550,C(=C/C[n+]1ccccc1)/C[n+]1ccccc1,1,CHEMBL1076550
CHEMBL4514270,C#CCOc1ccc(-c2cc(-c3ccc(OCC#C)cc3)nc(N)n2)cc1,1,CHEMBL4514270
CHEMBL3116296,O=[N+]([O-])c1ccc2c(c1)c(OCc1ccc3ccccc3c1)nn2Cc1ccccc1,1,CHEMBL3116296
CHEMBL5633087,Clc1ccc(Cn2cc(CNC3CCCCCC3)nn2)cc1,0,CHEMBL5633087
CHEMBL2441695,COc1c(F)c[n+](CCC[n+]2cc(F)c(OC)c(F)c2)cc1F,1,CHEMBL2441695
CHEMBL2441684,COc1c(F)c[n+](CCCCCOc2ccc3c(C)cc(=O)oc3c2)cc1F,0,CHEMBL2441684
CHEMBL2441673,COc1cc2c(cc1OC)C[N+](C)(CCCCCCCc1cccc(OC)[n+]1C)CC2,0,CHEMBL2441673
CHEMBL2441668,COc1cccc(CCCCCCCc2cccc(OC)[n+]2C)[n+]1C,0,CHEMBL2441668
CHEMBL1916768,Nc1c2c(nc3c1cc(-c1ccccc1)n3-c1ccccc1)CCCC2,1,CHEMBL1916768
CHEMBL3093796,c1cc[n+](CCCCCCCCC[n+]2ccc3ccccc3c2)cc1,0,CHEMBL3093796
CHEMBL3623548,CC(C)n1cc(C(=O)C(F)(F)F)cn1,0,CHEMBL3623548
CHEMBL592624,COC(=O)C1=C(C)OP(=O)(OC)CCC1,1,CHEMBL592624
CHEMBL556172,CCN(CC)CCS/C(=N\O)C(=O)c1ccccc1,1,CHEMBL556172
CHEMBL3600553,CC1=CC2Cc3nc4ccccc4c(NCCCCCCCCCCNc4c5c(nc6ccccc46)CCCC5)c3C(C1)C2,0,CHEMBL3600553
CHEMBL3623554,CC(C)(C)c1cccc(C(=O)C(F)F)c1,0,CHEMBL3623554
CHEMBL3623559,O=C(c1cnn(C2CCCC2)c1)C(F)F,0,CHEMBL3623559
CHEMBL3623557,CCCC(C)n1cc(C(=O)C(F)F)cn1,0,CHEMBL3623557
CHEMBL3623562,CC(C)n1cc(C(=O)CF)cn1,1,CHEMBL3623562
CHEMBL2380677,O=C1/C(=C/c2ccc(F)cc2)CN(C(=O)[C@H]2C[C@H]3CCCN3[C@]23C(=O)Nc2cc(Cl)ccc23)C/C1=C\c1ccc(F)cc1,1,CHEMBL2380677
CHEMBL2380669,Cc1ccccc1/C=C1\CN(C(=O)[C@H]2C[C@H]3CCCN3[C@]23C(=O)Nc2cc(Cl)ccc23)C/C(=C\c2ccccc2C)C1=O,1,CHEMBL2380669
CHEMBL4863598,c1ccc2oc(C3CCNCC3)cc2c1,1,CHEMBL4863598
CHEMBL4875660,COc1ccc(OC)c(CN2CCC(c3cc4ccccc4o3)CC2)c1,1,CHEMBL4875660
CHEMBL4858801,COc1ccc(OC)c(CN2CCC(c3oc4ccccc4c3C(=O)c3ccccc3)CC2)c1,1,CHEMBL4858801
CHEMBL130628,O=C(N1CCCCC1)n1nc(-c2ccc(Cl)cc2)nc1SCC(F)(F)F,0,CHEMBL130628
CHEMBL416644,CC[N+](C)(CC)CCS/C(=N\O)C(=O)c1ccc(F)cc1,1,CHEMBL416644
CHEMBL5182803,O=C(COc1ccc(CCc2ccccc2)cc1)NCC1CCN(Cc2ccccc2)CC1,0,CHEMBL5182803
CHEMBL5204532,O=C(COc1ccc(-c2ccccc2)cc1)NCCN1CCN(Cc2ccccc2)CC1,0,CHEMBL5204532
CHEMBL3632856,COc1ccc(-c2cc3c(c(=O)o2)C[C@@H]2[C@@]4(C)CCC(=O)C(C)(C)[C@@H]4CC[C@@]2(C)O3)cc1,1,CHEMBL3632856
CHEMBL3632855,COc1ccc(-c2cc3c(c(=O)o2)C[C@@H]2[C@@]4(C)CC[C@H](O)C(C)(C)[C@@H]4CC[C@@]2(C)O3)cc1,1,CHEMBL3632855
CHEMBL4094833,CCOC(=O)CC[C@@H](NC(=O)OCc1ccccc1)C(=O)OCC,1,CHEMBL4094833
CHEMBL4101018,COc1cc2c(cc1OC)C(=O)/C(=C/c1cc[n+](Cc3cccc([N+](=O)[O-])c3)cc1)C2,0,CHEMBL4101018
CHEMBL1084275,Cc1nc2ccc(C(=O)CCC3CCN(Cc4ccccc4)CC3)cc2s1,0,CHEMBL1084275;CHEMBL542543
CHEMBL1651248,O=C(CCC1CCN(Cc2ccc(F)cc2)CC1)c1cc2c3c(ccn3C(=O)CC2)c1,0,CHEMBL1651248
CHEMBL3735042,CCOP1(=O)CCCC(C(=O)OC)=C(C)O1,1,CHEMBL3735042
CHEMBL603622,CO[P@]1(=O)OC[C@H]2COC(=O)C2=C(C)O1,0,CHEMBL603622
CHEMBL3754631,COc1cc(/C=C/C(=O)N(Cc2cccc3[nH]c4ccccc4c23)C(C)C)ccc1O,1,CHEMBL3754631
CHEMBL4853244,Cn1cc2cc(-c3ccc(N[C@H]4C[C@@H]5CN(CC6CCOCC6)C[C@@H]5C4)nn3)ccc2n1,1,CHEMBL4853244
CHEMBL4438650,COc1ccc(-c2cc(=O)c3cc(OC)c(O)c([C@H]4CCC(=O)N4)c3o2)cc1,1,CHEMBL4438650
CHEMBL3087674,CC(C)Cc1ccc(C(C)C(=O)NCCCNCCCNC2=CC(=O)C(NCCCNCCCNC(=O)C(C)c3ccc(CC(C)C)cc3)=CC2=O)cc1,0,CHEMBL3087674
CHEMBL393417,COc1cc2c(cc1OC)[C@@H]1C(=O)c3ccc4c(c3O[C@@H]1CO2)C=CC(C)(C)O4,1,CHEMBL393417
CHEMBL3311038,COc1cc(OC)c(-c2coc3c4c(ccc3c2=O)OC(C)(C)C=C4)cc1OC,1,CHEMBL3311038
CHEMBL4591167,NC12CC3CC(F)(CC(C1)c1cc(NC(=O)CCCCNc4c5c(nc6cc(Cl)ccc46)CCCC5)ccc13)C2,0,CHEMBL4591167
CHEMBL5396394,CN(CCC1CCCCCC1)Cc1c[nH]c2c(OC(=O)N(C)Cc3ccccc3)cccc12,0,CHEMBL5396394
CHEMBL5407856,CC(C)N(C(=O)Oc1cccc2c(CN(C)CCC3CCCCCC3)c[nH]c12)C(C)C,1,CHEMBL5407856
CHEMBL3916769,COc1ccc(/C=C/C(=O)NCCC2CCN(Cc3ccccc3)CC2)c(OC)c1,0,CHEMBL3916769
CHEMBL4639357,COc1cccc(C2C([N+](=O)[O-])C(Cc3c[nH]cn3)NC23c2ccccc2-c2nc4ccccc4nc23)c1,1,CHEMBL4639357
CHEMBL99655,CN1CC[C@]2(C)c3cc(OC(=O)Nc4ccccc4)ccc3N(Cc3ccccc3)C12,1,CHEMBL99655
CHEMBL79012,COc1ccc(CN(C)CCCCCC(=O)N(C)CCCCCCCCN(C)C(=O)CCCCCN(C)Cc2ccc(OC)cc2)cc1,1,CHEMBL79012
CHEMBL3628054,O=C(NCCc1c[nH]c2ccccc12)c1ccc[n+](Cc2ccccc2F)c1,1,CHEMBL3628054
CHEMBL3355581,COc1cc(CCC(=O)/C=C/c2ccc(CNc3c4c(nc5cc(Cl)ccc35)CC3CC(C)=CC4C3)cc2)cc(CN(C)C)c1O,0,CHEMBL3355581
CHEMBL2413744,Clc1ccc2[nH]c(-c3ccc(OCCN4CCOCC4)cc3)nc2c1,1,CHEMBL2413744
CHEMBL2413739,CN(C)CCOc1ccc(-c2nc3cc(Cl)ccc3[nH]2)cc1,1,CHEMBL2413739
CHEMBL3353566,CNc1ccccc1-c1nc(C(=O)OC)cs1,1,CHEMBL3353566
CHEMBL3356528,COc1ccc2nc3c(c(NCCNC4=CC(=O)c5ccccc5C4=O)c2c1)CCCC3,1,CHEMBL3356528
CHEMBL3356532,O=C1C=C(NCCNc2c3c(nc4cc(Cl)ccc24)CCCC3)C(=O)c2ccccc21,0,CHEMBL3356532
CHEMBL3115030,COc1ccccc1/C=C1\CN(C(=O)[C@@H]2CCN(C)[C@]23C(=O)Nc2ccccc23)C[C@]2(C1=O)[C@H](c1ccccc1OC)CN(C)[C@]21C(=O)Nc2ccccc21,1,CHEMBL3115030
CHEMBL3115048,C=CC(=O)N1C/C(=C\c2ccc(F)cc2)C(=O)[C@@]2(C1)[C@H](c1ccc(F)cc1)CN(C)[C@]21C(=O)Nc2ccccc21,1,CHEMBL3115048
CHEMBL3115047,C=CC(=O)N1C/C(=C\c2ccc(Cl)cc2)C(=O)[C@@]2(C1)[C@H](c1ccc(Cl)cc1)CN(C)[C@]21C(=O)Nc2ccccc21,1,CHEMBL3115047
CHEMBL3115046,C=CC(=O)N1C/C(=C\c2ccc(C)cc2)C(=O)[C@@]2(C1)[C@H](c1ccc(C)cc1)CN(C)[C@]21C(=O)Nc2ccccc21,1,CHEMBL3115046
CHEMBL5185503,CC(=O)Nc1ccc2nc3c(c(N4CCOCC4)c2c1)CCCC3,1,CHEMBL5185503
CHEMBL3126996,CCN(CCCCOc1ccc(-c2coc3cc(O)cc(O)c3c2=O)cc1)Cc1ccccc1OC,1,CHEMBL3126996
CHEMBL4647106,COc1ccc([C@H](O)[C@H](N)C(=O)O)cc1OC,0,CHEMBL4647106
CHEMBL3415558,O=C1c2ccccc2C(=O)N1CCCCCNCc1ccccc1,0,CHEMBL3415558
CHEMBL3415563,O=C1c2ccccc2C(=O)N1CCCCCNCc1ccccc1F,0,CHEMBL3415563
CHEMBL3415569,O=C1c2ccccc2C(=O)N1CCCCCCNCc1ccc(F)cc1,1,CHEMBL3415569
CHEMBL448359,O=C1CCC(O)c2cccc(O)c21,1,CHEMBL448359
CHEMBL4069096,CCc1ccc(N2C(=O)C3CN(C)C4(C(=O)c5ccccc5C4=O)C3C2=O)cc1,1,CHEMBL4069096
CHEMBL394865,CCN(CCCCCCNC1=CC(=O)C(NCCCCCCN(CC)Cc2cccc(OC)c2)=CC1=O)Cc1cccc(OC)c1,0,CHEMBL394865
CHEMBL242836,COc1ccccc1CN(CCCCCCNC1=CC(=O)C(NCCCCCCN(Cc2ccccc2OC)C(C)C)=CC1=O)C(C)C,0,CHEMBL242836
CHEMBL292421,CCCCCCCNC(=O)Oc1ccc2c(c1)C1CCN(CC)C2C1,0,CHEMBL292421
CHEMBL431519,CN1CC[C@@]2(C)c3cc(OC(=O)NCCCCCCCCCCN4CCOCC4)ccc3N(C)[C@@H]12,0,CHEMBL431519
CHEMBL335033,CSc1nc(-c2ccc3ccccc3c2)nn1C(=O)N(C)C,0,CHEMBL335033
CHEMBL3087679,C[C@@H](C(=O)NCCCNCCCNC1=CC(=O)C(NCCCNCCCNC(=O)[C@H](C)c2ccc(-c3ccccc3)c(F)c2)=CC1=O)c1ccc(-c2ccccc2)c(F)c1,1,CHEMBL3087679
CHEMBL3770203,COc1ccc(C(=O)N2c3ccccc3[Se]c3ccc(Cl)cc32)cc1,1,CHEMBL3770203
CHEMBL3769862,Clc1ccc2c(c1)Nc1ccccc1[Se]2,1,CHEMBL3769862
CHEMBL3771233,O=C(CCc1ccccc1)N1c2ccccc2[Se]c2ccccc21,1,CHEMBL3771233
CHEMBL828,c1ccc2c(c1)Nc1ccccc1S2,1,CHEMBL828
CHEMBL13122,CN(C)Cc1ccc(CSCCNc2cc(NCCSCc3ccc(CN(C)C)o3)c([N+](=O)[O-])cc2[N+](=O)[O-])o1,0,CHEMBL13122
CHEMBL343054,C/C=C(\C)C(=O)N[C@@H]1[C@H](OC(C)=O)[C@@H]2CC[C@H]3C4=CC[C@H]([C@H](C)N(C)C)[C@@]4(C)CC[C@@H]3[C@@]2(C)C[C@@H]1O,1,CHEMBL343054
CHEMBL5183866,OCCCCCCCCc1ccc(CN2CCCCC2)c(O)c1,1,CHEMBL5183866
CHEMBL3116293,CCCCCn1nc(OCc2ccc3ccccc3c2)c2cc([N+](=O)[O-])ccc21,1,CHEMBL3116293
CHEMBL3116290,COc1ccc(COc2nn(CCN(C(C)C)C(C)C)c3ccc([N+](=O)[O-])cc23)cc1,1,CHEMBL3116290
CHEMBL449947,O=C(OC[C@H]1O[C@@H](OC(=O)c2cc(O)c(O)c(O)c2)[C@H](OC(=O)c2cc(O)c(O)c(O)c2)[C@@H](OC(=O)c2cc(O)c(O)c(O)c2)[C@@H]1O)c1cc(O)c(O)c(O)c1,1,CHEMBL449947
CHEMBL2271411,CC1(C)CCCC2(C)OC(=O)C=C12,0,CHEMBL2271411
CHEMBL512475,Clc1ccc2c(NCCCNCC34CC5CC(CC(C5)C3)C4)ccnc2c1,0,CHEMBL512475
CHEMBL4783438,Cc1cc(/C=N/O)c(O)c(CN2CCC(n3c(=O)[nH]c4cc(Cl)ccc43)CC2)c1,1,CHEMBL4783438
CHEMBL13045,COc1ccc2c(c[n+](C)c3c4cc5c(cc4ccc23)OCO5)c1OC,1,CHEMBL13045;CHEMBL258893
CHEMBL3623564,CCCC(C)n1cc(C(=O)CF)cn1,1,CHEMBL3623564
CHEMBL3623566,O=C(CF)c1cnn(C2CCCC2)c1,1,CHEMBL3623566
CHEMBL583855,CCc1c(C(=O)NN2CCCCC2)nc(-c2ccccc2Cl)n1-c1ccc(Cl)cc1,1,CHEMBL583855
CHEMBL3093791,COc1cc2[se]n(CCCCCCNc3c4c(nc5ccccc35)CCCC4)c(=O)c2cc1OC,0,CHEMBL3093791
CHEMBL459825,CC(C)(O[C@@H]1O[C@H](CO)[C@@H](O)[C@H](O)[C@H]1O)[C@H]1Cc2cc3ccc(=O)oc3cc2O1,1,CHEMBL459825
CHEMBL218940,CCOC(=O)C1=C(C)Nc2nc3c(c(N)c2C1c1cccc(OC)c1)CCCC3,0,CHEMBL218940
CHEMBL5190179,OCCCCCCCCc1ccc(CN2CCCCCC2)c(O)c1,1,CHEMBL5190179
CHEMBL223652,CN(CCCCCCCOc1ccc2c(=O)c3ccccc3oc2c1)Cc1ccc(Cl)cc1,1,CHEMBL223652
CHEMBL384563,CC1=CC2Cc3nc4cc(Cl)ccc4c(N)c3C(C1)C2NC=O,0,CHEMBL384563
CHEMBL386541,CC1=CC2Cc3nc4cc(Cl)ccc4c(N)c3C(C1)C2NS(C)(=O)=O,0,CHEMBL386541
CHEMBL147025,C#CC1(OC[n+]2ccn(C)c2/C=N/O)CCCC1,1,CHEMBL147025
CHEMBL5559321,O=C(Cn1nc(-c2ccccc2)c(-c2ccccc2)nc1=O)Nc1ccc(Cl)cc1,1,CHEMBL5559321
CHEMBL5409303,CCN(C)C(=O)Oc1ccc(Cc2nc3cc(C(=O)N(CC)CC)ccc3n2CCC(C)C)cc1,1,CHEMBL5409303
CHEMBL5430169,CCOc1ccc(Cc2nc3cc(OC(=O)N(C)C)ccc3n2CCC(C)C)cc1,1,CHEMBL5430169
CHEMBL136933,C[C@@H]([C@H]1CC[C@H]2[C@@H]3CC[C@H]4C[C@@H](NC(=O)c5ccccc5)CC[C@]4(C)[C@H]3CC[C@]12C)N(C)C,1,CHEMBL136933
CHEMBL13426,CN(C)Cc1ccc(CSCCCCCCCSCc2ccc(CN(C)C)o2)o1,0,CHEMBL13426
CHEMBL3597054,CCOC(=O)C1=C(Nc2ccc(C)cc2)C[C@@H](c2ccccc2)N(c2ccc(C)cc2)[C@@H]1c1ccccc1,1,CHEMBL3597054
CHEMBL3597006,COC(=O)C1=C(Nc2ccc(Cl)cc2)C[C@@H](c2ccc(C)cc2)N(c2ccc(Cl)cc2)[C@@H]1c1ccc(C)cc1,1,CHEMBL3597006
CHEMBL3597007,COC(=O)C1=C(Nc2ccc(OC)cc2)C[C@@H](c2ccc(C)cc2)N(c2ccc(OC)cc2)[C@@H]1c1ccc(C)cc1,1,CHEMBL3597007
CHEMBL5285633,O=C1CC2CCCc3ccsc3C2=NN1CCCCN1CCN(Cc2ccccc2)CC1,1,CHEMBL5285633
CHEMBL177052,CCN(CCCCCC(=O)N(C)CCCCCCCCN(C)C(=O)CCCCCN(CC)Cc1ccccc1Cl)Cc1ccccc1Cl,0,CHEMBL177052
CHEMBL335922,Nc1c2c(nc3c1CCCO3)CCC2,1,CHEMBL335922
CHEMBL313271,COc1cc2cc(C(=O)CCC3CC[N+](C)(Cc4ccc([N+](=O)[O-])o4)CC3)sc2cc1OC,0,CHEMBL313271
CHEMBL329012,O=C1Cc2cc3c(CCC4CCN(Cc5ccccc5)CC4)noc3cc2N1,0,CHEMBL329012;CHEMBL359570
CHEMBL445846,COc1cc(CCC(=O)NCC(=O)NNc2c3c(nc4ccccc24)CCCC3)cc(OC)c1OC,0,CHEMBL445846
CHEMBL11514,CNC(=O)Oc1ccc2c(c1)[C@@H]1[C@@H](CCN1C)CO2,1,CHEMBL11514
CHEMBL292121,Nc1c2c(nc3ccccc13)-c1ccc(F)cc1C2,0,CHEMBL292121
CHEMBL4077952,COC(=O)c1cc2c(OC(=O)N(C)C)cccc2[n+](C)c1,0,CHEMBL4077952;CHEMBL4176868
CHEMBL1085505,c1ccc(CCNc2ccnc(N3CCOCC3)n2)cc1,1,CHEMBL1085505
CHEMBL3769811,O=C(Cc1ccccc1)N1c2ccccc2[Se]c2ccccc21,1,CHEMBL3769811
CHEMBL4278287,COc1ccc2nc3c(c(NCCCNC(=O)c4sc(-c5ccnc(NC(=O)C6CC6)c5)nc4OC)c2c1)CCCC3,0,CHEMBL4278287
CHEMBL356000,C#CC1CCCCC1OC[n+]1ccn(C)c1/C=N/O,1,CHEMBL356000
CHEMBL3827044,CCCCCCCNC(=O)Oc1cccc(CN(C)CCCCCOc2ccc3c(c2)Oc2ncccc2C3)c1,0,CHEMBL3827044
CHEMBL3826998,CCCCCCCNC(=O)Oc1ccc(-n2cc(COc3ccc4ccc(=O)oc4c3)nn2)cc1,1,CHEMBL3826998
CHEMBL314398,COc1cc2cc(C(=O)CC(OC)C3CC[N+](C)(Cc4ccccc4)CC3)sc2cc1OC,0,CHEMBL314398
CHEMBL3215573,O=C(CCc1ccc2nc(-c3ccccc3)c3c(c2c1)OCCC3)NCCCCCCNc1c2c(nc3cc(Cl)ccc13)CCCC2,0,CHEMBL1195130;CHEMBL3215573
CHEMBL3215769,O=C(NCCCCCCCCCNc1c2c(nc3cc(Cl)ccc13)CCCC2)c1ccc2nc(-c3ccc(Cl)cc3)c3c(c2c1)OCCC3,0,CHEMBL3215769
CHEMBL156157,CN1CCN(CC2Cc3ccccc3C2=O)CC1,0,CHEMBL156157
CHEMBL3948367,COc1ccc(/C=C/C(=O)c2cccc(OC(=O)N(C)C)c2)cc1,1,CHEMBL3948367
CHEMBL3927363,COc1cc2c(cc1OC)C(=O)C(CC1CCN(Cc3cccc(F)c3)CC1)C2,0,CHEMBL3927363
CHEMBL3950063,COc1cc2c(cc1OC)C(=O)C(CC1CCN(Cc3ccc(O)c4ncccc34)CC1)C2,1,CHEMBL3950063
CHEMBL132365,COc1cccc2nc3c(c(N)c12)CCCC3,0,CHEMBL132365
CHEMBL105017,c1ccc2c(c1)ccc[n+]2CCCCCCCCC[n+]1cccc2ccccc21,0,CHEMBL105017
CHEMBL1784956,C[C@H](Cc1ccccc1)NC(=O)Oc1cccc([C@H](C)N(C)C)c1,0,CHEMBL1784956
CHEMBL1642979,CC(C)(C)c1cc[n+](CCCCCCCCCC[n+]2ccc(C(C)(C)C)cc2)cc1,0,CHEMBL1642979
CHEMBL1642976,CC(C)(C)c1cc[n+](CCCCCCC[n+]2ccc(C(C)(C)C)cc2)cc1,0,CHEMBL1642976
CHEMBL1642975,CC(C)(C)c1cc[n+](CCCCCC[n+]2ccc(C(C)(C)C)cc2)cc1,0,CHEMBL1642975
CHEMBL1642978,CC(C)(C)c1cc[n+](CCCCCCCCC[n+]2ccc(C(C)(C)C)cc2)cc1,0,CHEMBL1642978
CHEMBL595115,C/C=C1\[C@H]2C=C(C)C[C@]1(/N=C/c1ccc(N(C)C)cc1)c1ccc(=O)[nH]c1C2,0,CHEMBL595115
CHEMBL593933,C/C=C1\[C@H]2C=C(C)C[C@]1(/N=C/c1ccc(OC)cc1OC)c1ccc(=O)[nH]c1C2,0,CHEMBL593933
CHEMBL596457,C/C=C1\[C@H]2C=C(C)C[C@]1(/N=C/c1ccccc1OS(=O)(=O)O)c1ccc(=O)[nH]c1C2,0,CHEMBL596457
CHEMBL243271,CCN(CCCNC1=CC(=O)C(NCCCN(CC)Cc2ccccc2OC)=CC1=O)Cc1ccccc1OC,0,CHEMBL243271
CHEMBL4632461,COc1ccc([C@H]2OC[C@H]3[C@@H]2C(=O)O[C@@H]3c2ccc3c(c2)OCO3)cc1OC,1,CHEMBL4632461
CHEMBL4083445,CC(=O)C1=CN(Cc2ccccc2C)C=CC1CC1Cc2cc(C)ccc2C1=O,1,CHEMBL4083445
CHEMBL4071377,COc1cc2c(cc1OC)C(=O)C(Cc1cc[n+](Cc3ccccc3)cc1C#N)C2,0,CHEMBL4071377
CHEMBL4098418,COc1cc2c(cc1OC)C(=O)C(Cc1cc[n+](Cc3ccccc3)cc1)C2,0,CHEMBL4098418
CHEMBL1770552,O=C1C=C(NCCCNCc2nc3ccccc3s2)C(=O)C=C1NCCCNCc1nc2ccccc2s1,1,CHEMBL1770552
CHEMBL355821,c1ccc2c(c1)CN1CCCC1=N2,1,CHEMBL355821
CHEMBL109869,CC1=CC2Cc3nc4cccc(F)c4c(N)c3C(C1)C2,0,CHEMBL109869
CHEMBL4476639,COc1ccc(C2=NN(C(C)=O)C(c3ccc(-n4ccnc4)cc3)C2)cc1OC,1,CHEMBL4476639
CHEMBL1783526,CC(C)C1=N[C@H]2CC[C@]34C[C@]35C(=O)C[C@]3(C)[C@@H]([C@H](C)N(C)CCc6ccccc6)[C@H](O)C[C@@]3(C)[C@@H]5CC[C@H]4[C@]2(C)CS1,0,CHEMBL1783526
CHEMBL341956,C[N+](C)(C)CCCl,1,CHEMBL341956
CHEMBL3945872,COc1cc(/C=C/C(=O)Nc2cccc(CN(C)Cc3ccccc3)c2)ccc1O,1,CHEMBL3945872
CHEMBL513161,Cc1ccc(C2C3=C(CC(C)(C)CC3=O)Nc3nc4c(c(N)c32)CCCC4)cc1,0,CHEMBL513161
CHEMBL5183248,Cc1cccc2sc(NC(=O)CCN3CCN(C(C)C)CC3)nc12,1,CHEMBL5183248
CHEMBL5171428,Cc1cccc2sc(NC(=O)CCN3CCN(C(C)(C)C)CC3)nc12,0,CHEMBL5171428
CHEMBL5207906,Cc1cccc2sc(NC(=O)CCN3CCN(CCN(C)C)CC3)nc12,0,CHEMBL5207906
CHEMBL3827064,CN(CCCOc1ccc2c(c1)oc(=O)c1ccccc12)Cc1cccc(OC(=O)NCCCCCc2ccccc2)c1,0,CHEMBL3827064
CHEMBL3827449,CCCC1OCc2c[n+](C)c(C)c(OC(=O)N(C)C)c2CO1,1,CHEMBL3827449
CHEMBL4205520,Cc1cccc(C[n+]2ccc(COc3ccc4c(C)cc(=O)oc4c3)cc2)c1,0,CHEMBL4205520
CHEMBL4100935,O=C1C(=O)N(Cc2ccc(Br)cc2)c2ccc(Br)cc21,0,CHEMBL4100935
CHEMBL3819024,O=C(CCCCCCCCc1ccc(O)c(O)c1)c1c(O)ccc(C(CCCCCCCCc2ccc(O)cc2)c2c(O)cccc2O)c1O,1,CHEMBL3819024
CHEMBL5086626,CO[C@H]1C=C2[C@H]3CN(Cc4cc5c(cc43)OCO5)[C@H]2C[C@@H]1OC(=O)c1cc([N+](=O)[O-])ccc1Cl,1,CHEMBL5086626
CHEMBL4458929,CCOc1ccc(Cc2nc3cc(C(=O)N(CC)CC)ccc3n2CCCNc2c3c(nc4ccccc24)CCCC3)cc1,0,CHEMBL4458929
CHEMBL4276921,CN(C)Cc1cc(N)ccc1O,1,CHEMBL4276921
CHEMBL3818089,COc1cc(/C=C/C(=O)NCCC2CCN(Cc3ccccc3)CC2)ccc1O,0,CHEMBL3818089
CHEMBL3817981,O=C(/C=C/c1ccccc1O)NCCC1CCN(Cc2ccccc2)CC1,1,CHEMBL3817981
CHEMBL4279488,CC(C)(C)c1cc(C(=O)CNCCC2CCN(Cc3ccccc3)CC2)cc(C(C)(C)C)c1O,1,CHEMBL4279488
CHEMBL4295126,CC(C)(C)c1cc(/C=C/C(=O)NCCC2CCN(Cc3cccc(F)c3)CC2)cc(C(C)(C)C)c1O,1,CHEMBL4295126
CHEMBL4464883,CCOc1ccc(Cc2nc3cc(C(=O)NCCCCNc4c5c(nc6ccccc46)CCCC5)ccc3n2CCC(C)C)cc1,0,CHEMBL4464883
CHEMBL570159,CCc1c(C(=O)NCCCCNc2c3c(nc4ccccc24)CCCC3)nc(-c2ccccc2Cl)n1-c1ccc(Cl)cc1,0,CHEMBL570159
CHEMBL3752384,c1ccc2oc(CN(CCCCCCCNc3c4c(nc5ccccc35)CCC4)Cc3cc4ccccc4o3)cc2c1,0,CHEMBL3752384
CHEMBL3754672,c1ccc2oc(CN(CCCCCCCNc3c4c(nc5ccccc35)CCCCC4)Cc3cc4ccccc4o3)cc2c1,0,CHEMBL3754672
CHEMBL3764762,Cc1c(Cl)c(=O)oc2cc(OCCNC3CCN(Cc4ccccc4)CC3)ccc12,1,CHEMBL3764762
CHEMBL3304357,CC1=CC2Cc3nc4cc(Cl)ccc4c(NCCCCCCCCNC(=O)c4cc(O)c5c(c4)C(=O)c4cccc(O)c4C5=O)c3C(C1)C2,0,CHEMBL3233829;CHEMBL3304357
CHEMBL3304306,CC1=CC2Cc3nc4cc(Cl)ccc4c(NCCCCCCCCCNC(=O)c4cc(O)c5c(c4)C(=O)c4cccc(O)c4C5=O)c3C(C1)C2,0,CHEMBL3233830;CHEMBL3304306
CHEMBL150365,N#Cc1cc(-c2ccccc2)nnc1NCCN1CCOCC1,1,CHEMBL150365
CHEMBL356224,c1ccc(-c2cc(-c3ccccc3)c(NCCN3CCOCC3)nn2)cc1,1,CHEMBL356224
CHEMBL1084255,c1ccc(-c2ccc(NCCCN3CCc4ccccc4C3)nn2)cc1,1,CHEMBL1084255
CHEMBL101809,CN(CCOCCNC(=S)NC(=O)c1ccc(-c2ccccc2)cc1)Cc1ccccc1,0,CHEMBL101809
CHEMBL1085031,CN(CCOCCNC(=S)NC(=O)c1ccc2c(c1)C(=O)c1ccccc1C2=O)Cc1ccccc1,0,CHEMBL1085031
CHEMBL4453331,COc1ccc(NCc2ccc(Oc3c(N)cccc3Cl)cc2)cc1,1,CHEMBL4453331
CHEMBL1243359,CNC(=O)Oc1ccc2c(c1)CC[C@@H]1CCN(C)[C@H]21,0,CHEMBL1243359
CHEMBL155499,CC1Cc2ccc(F)cc2C1=O,0,CHEMBL155499
CHEMBL136916,CC(=O)CCC[N+](C)(C)C,1,CHEMBL136916
CHEMBL136670,CCC(=O)Oc1cccc([N+](C)(C)C)c1C,1,CHEMBL136670
CHEMBL440185,COc1cc2c(c(OC)c1OC)C(=O)C(C)C2,0,CHEMBL440185
CHEMBL1669480,c1ccc2c[n+](C[n+]3ccc4ccccc4c3)ccc2c1,1,CHEMBL1669480
CHEMBL105537,c1ccc2c[n+](CCCCCCCCCCCC[n+]3ccc4ccccc4c3)ccc2c1,1,CHEMBL105537
CHEMBL1669488,c1ccc2c[n+](CCOCC[n+]3ccc4ccccc4c3)ccc2c1,1,CHEMBL1669488
CHEMBL4105085,CC(=O)C1=CN(Cc2ccccc2C)C=CC1CC1Cc2cc(C)c(C)cc2C1=O,0,CHEMBL4105085
CHEMBL4799661,CNC(=O)c1sc(-c2ccnc(NC(=O)C3CC3)c2)nc1OCCOCc1cn(CCNc2c3c(nc4ccc(OC)cc24)CCCC3)nn1,1,CHEMBL4799661
CHEMBL4749077,COc1cc2c(cc1O)CCC(C)(CC(=O)NCCCCCCNc1c3c(nc4ccccc14)CCCC3)O2,0,CHEMBL4749077
CHEMBL2113719,O=C(CCCCCCC(=O)NCCCCCCN1CC[C@H]2COc3ccccc3[C@H]21)NCCCCCCN1CC[C@H]2COc3ccccc3[C@H]21,1,CHEMBL2113719
CHEMBL292480,COc1ccc2c(c1)Cc1c-2nc2ccccc2c1N,1,CHEMBL292480
CHEMBL4777427,COc1ccc(-c2nnc(Nc3ncccn3)o2)cc1OC,1,CHEMBL4777427
CHEMBL172118,Nc1c2c(nc3ccc(Cl)cc13)C1CCC2C1,1,CHEMBL172118
CHEMBL4854209,O=C(Nc1cncc(C(=O)NC2CCN(Cc3cccc(Cl)c3)CC2)c1)c1ccnc(NC(=O)C2CC2)c1,1,CHEMBL4854209
CHEMBL64815,Cc1ccc2nc3c(c(NCc4ccccc4)c2c1)CCCC3,1,CHEMBL64815
CHEMBL4556281,N[C@@H](Cc1c[nH]c2ccccc12)C(=O)NCCCCCCNc1c2c(nc3cc(Cl)ccc13)CCCC2,0,CHEMBL4556281
CHEMBL124054,Cc1ccccc1NC(=O)Oc1ccc2c(c1)[C@]1(C)CCN(C)O[C@@H]1N2C,0,CHEMBL124054
CHEMBL87649,COc1cc2cc(C(=O)CCc3cc[n+](Cc4ccsc4)cc3)sc2cc1OC,0,CHEMBL87649
CHEMBL288549,CCCCCCCNC(=O)Oc1ccc2c(c1)[C@]1(C)CCN(Cc3ccccc3)C1C2,0,CHEMBL288549
CHEMBL34222,CCCCCCNC(=O)Oc1ccc2c(c1)[C@]1(C)CCN(CC)C1C2,0,CHEMBL34222
CHEMBL4244803,COc1ccc(-c2ccccc2/C=C2/Cc3cc(OC)ccc3C2=O)cc1,0,CHEMBL4244803
CHEMBL138072,CCC(=O)Oc1cc([N+](C)(C)C)ccc1C,1,CHEMBL138072
CHEMBL2206898,Nc1c2c(nc3c1C(c1ccc([N+](=O)[O-])cc1)c1ccc4ccccc4c1O3)CCCC2,1,CHEMBL2206898
CHEMBL3335060,O=c1oc2cc(OCCN3CCN(Cc4ccccc4)CC3)ccc2c2ccccc12,0,CHEMBL3335060
CHEMBL4217666,C=CCCNCC(=O)Nc1ccc2nc3n(c(=O)c2c1)CCC3,0,CHEMBL4217666
CHEMBL2171309,COc1cc(/C=C/C(=O)NCCCCCCNc2c3c(nc4ccccc24)CCCC3)ccc1O,0,CHEMBL2171309
CHEMBL3586198,COc1ccc(C(=O)O[C@H]2CC[C@@]3(C)[C@@H](CC[C@@]4(C)C[C@@]5(O)[C@H](CC[C@@H]43)[C@@]3(C)CC[C@@H](O)C(C)(C)[C@@H]3C[C@@H]5O)[C@@]2(C)C(=O)O)cc1O,1,CHEMBL3586198
CHEMBL3586207,CCCC[C@@H](O)/C=C/C=C/C(=O)O,0,CHEMBL3586207
CHEMBL4294109,O=C(CCCc1c[nH]c2ccccc12)NCCC1CCN(Cc2ccccc2)CC1,1,CHEMBL4294109
CHEMBL4293015,Cn1cc(CC(=O)NCCC2CCN(Cc3ccccc3)CC2)c2ccccc21,1,CHEMBL4293015
CHEMBL1912061,COc1cc2nc(Cl)nc(NCCCNC(=O)CCCCC3CCSS3)c2cc1OC,1,CHEMBL1912061
CHEMBL1912058,O=C(CCCC[C@H]1CCSS1)NCCCNc1c2c(nc3cc(Cl)ccc13)CCCC2,0,CHEMBL1912058
CHEMBL2380676,O=C1/C(=C/c2ccc(Cl)cc2)CN(C(=O)[C@H]2C[C@H]3CCCN3[C@]23C(=O)Nc2cc(Cl)ccc23)C/C1=C\c1ccc(Cl)cc1,1,CHEMBL2380676
CHEMBL1086927,COC(=O)C(C)CC(=O)C[C@@H](C)[C@H]1C[C@H](O)[C@@]2(C)C3=C(C(=O)C[C@]12C)[C@@]1(C)CCC(=O)C(C)(C)[C@@H]1C[C@@H]3O,1,CHEMBL1086927
CHEMBL1087180,CC(CC(=O)C[C@@H](C)[C@H]1CC(=O)[C@@]2(C)C3=C(C(=O)C[C@]12C)[C@@]1(C)CC[C@H](O)C(C)(C)[C@@H]1C[C@@H]3O)C(=O)O,1,CHEMBL1087180
CHEMBL1098479,C[C@H](CC[C@@H](O)C(C)(C)O)[C@H]1CC[C@@]2(C)C3=CC[C@H]4C(C)(C)C(=O)CC[C@]4(C)C3=CC[C@]12C,1,CHEMBL1098479
CHEMBL1915763,C[C@H](CC[C@H](O)[C@](C)(O)CO)[C@H]1CC[C@@]2(C)C3=CC[C@H]4C(C)(C)C(=O)CC[C@]4(C)C3=CC[C@]12C,1,CHEMBL1915763
CHEMBL1915764,C/C(=C\CC[C@@H](C)[C@H]1CC[C@@]2(C)C3=C(CC[C@]12C)[C@@]1(C)CC[C@H](O)C(C)(C)[C@@H]1CC3=O)CO,1,CHEMBL1915764
CHEMBL3585776,COc1ccc(C(C)NS(=O)(=O)NC(=O)OCc2ccccc2)cc1,0,CHEMBL3585776
CHEMBL1952063,O/N=C/C1=NCCCN1Cc1ccccc1,1,CHEMBL1952063
CHEMBL1952054,CN(C)C(/C=N/O)=N\C1CCC1,1,CHEMBL1952054
CHEMBL3343927,O=C(NCCCCCCNc1c2c(nc3ccccc13)CCCC2)[C@@H]1Cc2c([nH]c3ccccc23)CN1,0,CHEMBL3343927
CHEMBL134251,CNC(=O)Oc1cc2c(cc1C)N(C)[C@H]1N(C)CC[C@@]21C,1,CHEMBL134251
CHEMBL1916927,Nc1c2c(nc3oc(-c4ccc(Cl)cc4)cc13)CCCC2,1,CHEMBL1916927
CHEMBL3965431,CC1=C(C(=O)OC2CCC2)C(c2ccccc2F)c2c(nc3c(c2N)CC(C)(C)CC3)N1,0,CHEMBL3965431
CHEMBL3949770,CCOC(=O)C1=C(C)Nc2nc3c(c(N)c2C1c1cccc([N+](=O)[O-])c1)CC(Cl)(Cl)CC3,0,CHEMBL3949770
CHEMBL3895528,CCOC(=O)C1=C(C)Nc2nc3c(c(N)c2C1c1ccccc1OC)CC(C)CC3,0,CHEMBL3895528
CHEMBL92142,c1ccc(CN2CCC(CCc3nccc4ccccc34)CC2)cc1,0,CHEMBL92142
CHEMBL1915758,COC(=O)[C@H](C)CC(=O)C[C@@H](C)[C@H]1C[C@@H]2OC(C)(C)O[C@H]3C[C@H]4C(C)(C)C(=O)CC[C@]4(C)C4=C3[C@@]2(C)[C@]1(C)CC4=O,1,CHEMBL1915758
CHEMBL240972,C/C(=C\CC[C@@H](C)[C@H]1CC[C@@]2(C)C3=CC[C@H]4C(C)(C)[C@@H](O)CC[C@]4(C)C3=CC[C@]12C)CO,1,CHEMBL240972
CHEMBL104,Clc1ccccc1C(c1ccccc1)(c1ccccc1)n1ccnc1,1,CHEMBL104
CHEMBL4093419,COc1cc(CCc2ccc(Nc3c4c(nc5ccccc35)CCCC4)cc2)cc(OC)c1,1,CHEMBL4093419
CHEMBL599058,CCN(CC)CCCCCCOc1ccc2c(c1)C(=O)/C(=C/c1ccc(CN(C)Cc3ccccc3)cc1)C2,0,CHEMBL599058
CHEMBL538071,CN(C)C(=O)Oc1cccc2c1C(N)CC2,0,CHEMBL538071
CHEMBL592433,CO[P@]1(=O)CC[C@H]2COC(=O)C2=C(C)O1,1,CHEMBL592433
CHEMBL604255,COC(=O)C1=C(C)O[P@](=O)(OC)CC[C@H]1COCc1ccccc1,1,CHEMBL604255
CHEMBL5555216,N#Cc1ccccc1NC(=O)Cn1nc(-c2ccccc2)c(-c2ccccc2)nc1=O,1,CHEMBL5555216
CHEMBL1922541,C#CCOP(C)(=O)OC(C(=O)OC)C(F)(F)F,1,CHEMBL1922541
CHEMBL284938,CCCCCCNC(=O)Oc1ccc2c(c1)[C@]1(C)CCN(C)C1C2,0,CHEMBL284938
CHEMBL5435163,c1cc2[nH]c3nc(NCCCCCCN4CCCC4)nnc3c2cc1N1CCCCC1,0,CHEMBL5435163
CHEMBL409854,C[C@@H]([C@H]1CC[C@H]2[C@@H]3CC[C@H]4C[C@@H](N(C)C(=O)/C=C/c5ccccc5)CC[C@]4(C)[C@H]3CC[C@]12C)N(C)C,1,CHEMBL409854
CHEMBL211652,CCCCc1ccnc(NC(=O)C2(CC(CCC)C(=O)O)CCCC2)c1,1,CHEMBL211652
CHEMBL211596,CCCC(CC1(C(=O)Nc2ccccn2)CCCC1)C(=O)O,1,CHEMBL211596
CHEMBL211943,CCCC(CC1(C(=O)Nc2ccc(OC)nn2)CCCC1)C(=O)O,1,CHEMBL211943
CHEMBL208888,CCCC(CC1(C(=O)Nc2cn(CC)nn2)CCCC1)C(=O)O,1,CHEMBL208888
CHEMBL379935,CCCC(CC1(C(=O)Nc2nnc(Cc3ccccc3)s2)CCCC1)C(=O)O,1,CHEMBL379935
CHEMBL389668,COc1cccc(CN(C)CCCCCCCOc2ccc3c(=O)c4ccccc4oc3c2)c1OC,1,CHEMBL389668
CHEMBL5563454,CCOc1cc2c(cc1OCC)-c1c(-c3ccc(Cl)cc3)c(/C=N/c3ccc(/N=C/c4c(-c5ccc(Cl)cc5)c5n(c4-c4ccccc4)CCc4cc(OC)c(OC)cc4-5)cc3)c(-c3ccccc3)n1CC2,1,CHEMBL5563454
CHEMBL219550,COc1cc(C(=O)NCCCCC(=O)NNc2c3c(nc4ccccc24)CCCC3)cc(OC)c1OC,0,CHEMBL219550
CHEMBL266045,COc1cc(C(=O)NCCC(=O)NNc2c3c(nc4ccccc24)CCCC3)cc(OC)c1OC,0,CHEMBL266045
CHEMBL61561,CCCCCCCNc1c2c(nc3cc(F)ccc13)CCCC2,0,CHEMBL61561
CHEMBL173018,CC[N+](C)(CCCCCC(=O)N(C)CCCCCCCCN(C)C(=O)CCCCC[N+](C)(CC)Cc1ccccc1OC)Cc1ccccc1OC,0,CHEMBL173018
CHEMBL5398991,Cc1cc(/C=N/O)c(O)c(CN2CCN(c3ccccn3)CC2)c1,1,CHEMBL5398991
CHEMBL539045,CNC(=O)Oc1cccc(CN(C)CCCOc2ccccc2)c1,0,CHEMBL1086248;CHEMBL539045
CHEMBL1084250,COC(=O)c1cc2c(N)c3c(nc2nc1C)CCCCC3,1,CHEMBL1084250
CHEMBL5182136,COc1cc(/C=C/c2cc(=O)oc3c2ccc2oc(-c4cc(OC)cc(OC)c4)cc23)cc(OC)c1,1,CHEMBL5182136
CHEMBL5176910,COc1cc(/C=C/c2cc(=O)oc3c2ccc2oc(-c4ccccc4)cc23)cc(OC)c1,1,CHEMBL5176910
CHEMBL5092094,COC(=O)c1c(O)cccc1CCCCCCCCNc1c2c(nc3ccccc13)CCCC2,0,CHEMBL5092094
CHEMBL2332533,O=C(C[C@H]1C[C@H]2CCCN2[C@]12C(=O)Nc1ccccc12)N1C/C(=C\c2ccccc2F)C(=O)[C@]2(C[C@H]3CCCN3[C@@]23C(=O)Nc2ccccc23)C1,1,CHEMBL2332533
CHEMBL4548293,COc1cc2c(cc1O)C(Cc1ccc(O)c(Oc3cc(CC4c5cc(O)c(OC)cc5CCN4C)ccc3OC)c1)N(C)CC2,1,CHEMBL4548293
CHEMBL11531,COc1ccc2cc3n(c(=O)c2c1OC)CCc1cc2c(cc1-3)OCO2,1,CHEMBL11531
CHEMBL1940736,COc1ccccc1NCc1cc(=O)oc2cc3oc4ccccc4c3cc12,0,CHEMBL1940736
CHEMBL1276594,O=P(NN1CCOCC1)(NN1CCOCC1)Oc1ccccc1,1,CHEMBL1276594
CHEMBL271710,CCN(Cc1ccccc1)Cc1ccc(-c2cc3ccc(OCCNC(=O)CCc4ccc(F)c(F)c4)cc3oc2=O)cc1,0,CHEMBL271710
CHEMBL4857955,O=C(Nc1cncc(C(=O)NC2CCN(Cc3ccccc3)CC2)c1)c1ccnc(NC(=O)C2CC2)c1,0,CHEMBL4857955
CHEMBL4853675,O=C(NCCC1CCN(Cc2cccc(Cl)c2)CC1)c1cncc(NC(=O)c2cccc(NC(=O)C3CC3)c2)c1,1,CHEMBL4853675
CHEMBL4867249,O=C(Nc1cncc(OCC2CCN(Cc3ccccc3Cl)CC2)c1)c1ccnc(NC(=O)C2CC2)c1,0,CHEMBL4867249
CHEMBL4855201,O=C(Nc1cccc(OCC2CCN(Cc3ccccc3)CC2)c1)c1ccnc(NC(=O)C2CC2)c1,1,CHEMBL4855201
CHEMBL4877556,CC(=O)Nc1cc(C(=O)Nc2cccc(OCC3CCN(Cc4ccccc4)CC3)c2)ccn1,1,CHEMBL4877556
CHEMBL4849828,O=C(NC1CCN(Cc2ccc(F)cc2)CC1)c1cncc(NC(=O)c2ccnc3[nH]ccc23)c1,0,CHEMBL4849828
CHEMBL93241,c1ccc(CN2CCC(CCCc3noc4ccccc34)CC2)cc1,0,CHEMBL93241
CHEMBL328715,c1ccc(CN2CCC(CCNc3noc4ccccc34)CC2)cc1,0,CHEMBL328715
CHEMBL4442213,COc1ccc2[nH]c3nc4c(c(N)c3c2c1)CCCC4,1,CHEMBL4442213
CHEMBL3936989,COc1ccc(/C=C/C(=O)Nc2ccc(CN(C)Cc3ccccc3)cc2)c(OC)c1,1,CHEMBL3936989
CHEMBL3892044,O=C(/C=C/c1cccc(O)c1)NCCC1CCN(Cc2ccccc2)CC1,1,CHEMBL3892044
CHEMBL3926757,COc1ccc(CN2CC=C(c3ccc(F)cc3)CC2)cc1OCc1ccccc1,1,CHEMBL3926757
CHEMBL4744490,CCN(C)C(=O)Oc1cccc(CNCCc2c[nH]c3cc(F)ccc23)c1,1,CHEMBL4744490;CHEMBL4761198
CHEMBL4783762,COc1cccc2cc[n+](-c3ccccc3C(F)(F)F)cc12,1,CHEMBL4783762
CHEMBL4800092,COc1ccc(C(=O)N2CCN(CC(=O)N3CCN(CCCc4c[nH]c5ccc(F)cc45)CC3)CC2)cc1,1,CHEMBL4800092
CHEMBL4796213,O=S(=O)(Nc1nccs1)c1ccc(NCc2cc(Cl)cc(/C=N/O)c2O)cc1,1,CHEMBL4796213
CHEMBL4777023,CCOC(=O)c1c(C)nc(N2CCN(S(=O)(=O)c3ccc(NC(C)=O)c(OC)c3)CC2)nc1-c1ccccc1,0,CHEMBL4777023
CHEMBL4746943,CCOC(=O)c1c(C)nc(N2CCN(S(=O)(=O)c3ccc(N)c(OC)c3)CC2)nc1-c1ccc(OC)c(OC)c1,0,CHEMBL4746943
CHEMBL3127002,CCN(CCCCOc1ccc(-c2coc3cc(OCCCCN(CC)Cc4ccccc4)cc(O)c3c2=O)cc1)Cc1ccccc1,1,CHEMBL3127002
CHEMBL4793096,O=C(/C=C/c1ccc(OCCCCN2CCC(Cc3ccccc3)CC2)cc1)c1c(O)cc(OCCCCN2CCC(Cc3ccccc3)CC2)cc1O,1,CHEMBL4793096
CHEMBL465514,C[C@H](CC(=O)C[C@@H](C)[C@H]1CC(=O)[C@@]2(C)C3=C(C(=O)C[C@]12C)[C@@]1(C)CCC(=O)C(C)(C)[C@@H]1CC3=O)C(=O)O,1,CHEMBL465514
CHEMBL1915766,CCCCOC(=O)CC[C@@H](C)[C@H]1CC[C@@]2(C)C3=C(C(=O)C[C@]12C)[C@@]1(C)CCC(=O)C(C)(C)[C@@H]1C[C@@H]3O,1,CHEMBL1915766
CHEMBL31184,c1ccc2c(c1)cc1ccc3cccc4ccc2c1c34,1,CHEMBL31184
CHEMBL5185065,COc1cccc(C(=O)Cc2ncc(C(=O)N(C)CCCOc3ccc([N+](=O)[O-])cc3)cn2)c1,1,CHEMBL5185065
CHEMBL5209013,O=C(COc1ccccc1C(F)(F)F)NCCN1CCN(Cc2ccccc2)CC1,0,CHEMBL5209013
CHEMBL5206245,O=C(COc1ccc(Cc2ccccc2)cc1)NCCN1CCN(Cc2ccccc2)CC1,0,CHEMBL5206245
CHEMBL4556097,Nc1cccc(Cl)c1Oc1ccc(CNc2cccc(O)c2)cc1,1,CHEMBL4556097
CHEMBL4448745,Nc1cccc(Cl)c1Oc1ccc(CNc2cccc(Br)c2)cc1,1,CHEMBL4448745
CHEMBL5283494,O=C1CC2CCc3ccsc3C2=NN1CCN1CCN(Cc2ccccc2)CC1,0,CHEMBL5283494
CHEMBL5272119,CCN(CC)CCCCN1N=C2c3sccc3CCC2CC1=O,1,CHEMBL5272119
CHEMBL4246032,C=Cc1oc2ccccc2c(=O)c1CN(/C=C/C(C)=O)Cc1ccccc1,1,CHEMBL4246032
CHEMBL4250950,O=c1c2c(oc3ccc(Br)cc13)CCN(Cc1ccccc1)C2,1,CHEMBL4250950
CHEMBL359198,CCCCCCNC(=O)Oc1ccc2c(c1)[C@@]1(C)CCN(CC)[C@H]1C2,0,CHEMBL359198
CHEMBL5437711,O/N=C/c1cc(Br)cc(CN2CCN(c3ccncc3)CC2)c1O,1,CHEMBL5437711
CHEMBL5287809,O=C1CC2Cc3ccsc3C2=NN1CCCCCN1CCN(Cc2cccc3c2ccn3S(=O)(=O)c2ccccc2)CC1,1,CHEMBL5287809
CHEMBL4778914,COc1cccc2cc[n+](-c3ccccc3I)cc12,1,CHEMBL4778914
CHEMBL4791833,COc1cccc2cc[n+](-c3cccc(Br)c3)cc12,1,CHEMBL4791833
CHEMBL4788638,COc1cccc2cc[n+](-c3c(F)cccc3F)cc12,1,CHEMBL4788638
CHEMBL3934295,COc1cccc2c1C=[N+](c1ccc(I)cc1)CC2,1,CHEMBL3934295
CHEMBL3901518,COc1cccc2c1C=[N+](c1ccc(C#N)cc1)CC2,1,CHEMBL3901518
CHEMBL3981622,COc1cccc2c1C=[N+](c1c(F)cccc1F)CC2,1,CHEMBL3981622
CHEMBL361869,COc1cc2cc(C(=O)C3CC[N+](C)(Cc4ccccc4)CCC3O)sc2cc1OC,0,CHEMBL361869
CHEMBL372491,COc1cc2cc(C(=O)C3CCC[N+](C)(CC4CCCCO4)CC3)sc2cc1OC,0,CHEMBL372491
CHEMBL5440445,COc1ccc2sc3c(C)ccc(NCCC4CCN(C)CC4)c3c(=O)c2c1,1,CHEMBL5440445
CHEMBL5069796,OC[C@H]1O[C@@H](OCCCCc2cn(CCCc3ccc(O)c(/C=N/O)n3)nn2)[C@H](O)[C@@H](O)[C@@H]1O,1,CHEMBL5069796
CHEMBL1916766,Nc1c2c(nc3oc(-c4ccccc4)cc13)CCCC2,1,CHEMBL1916766
CHEMBL4285581,COc1ccc2nc3c(c(NCCNC(=O)c4sc(-c5ccnc(NC(=O)C6CC6)c5)nc4OC)c2c1)CCCC3,0,CHEMBL4285581
CHEMBL4278686,COc1nc(-c2ccnc(NC(=O)C3CC3)c2)sc1C(=O)NCCCNc1c2c(nc3ccccc13)CCCC2,0,CHEMBL4278686
CHEMBL597405,CCN(Cc1ccccc1)Cc1ccc(/C=C2\Cc3ccc(OC)cc3C2=O)cc1,1,CHEMBL597405
CHEMBL3787223,COc1ccc2c(c1)CCC(NS(=O)(=O)N(C)C)C2,0,CHEMBL3787223
CHEMBL1289391,COc1ccc(C2CN(C)C3(C(=O)Nc4ccc(Cl)cc43)C23Cc2cc(OC)c(OC)cc2C3=O)cc1OC,1,CHEMBL1289391
CHEMBL1289392,COc1cc2c(cc1OC)C(=O)C1(C2)C(c2ccccc2)CN(C)C12C(=O)Nc1ccc(Cl)cc12,1,CHEMBL1289392
CHEMBL1289719,COc1cc2c(cc1OC)C(=O)C1(C2)C(c2ccccc2Cl)CN(C)C12C(=O)Nc1ccc([N+](=O)[O-])cc12,1,CHEMBL1289719
CHEMBL4851711,Fc1ccccc1-c1ccc(N[C@H]2C[C@@H]3CN(CC4CCOCC4)C[C@@H]3C2)nn1,0,CHEMBL4851711
CHEMBL2088687,N#Cc1c(N)nc(NC2CCN(Cc3ccccc3)CC2)c(C#N)c1-c1ccccc1,1,CHEMBL2088687
CHEMBL3085398,C=CC(C)(C)c1cc([C@@H]2CC(=O)c3c(O)cc(O)c(CC=C(C)C)c3O2)c(O)cc1O,1,CHEMBL3085398
CHEMBL4787855,COc1cc2c(cc1OC)C(=O)/C(=C/c1ccc(N3CC[N+](C)(Cc4ccccc4Cl)CC3)cc1)C2,0,CHEMBL4787855
CHEMBL4792310,CCN(C)C(=O)OCC1CCCN(C2Cc3ccccc3C2)C1,1,CHEMBL4792310
CHEMBL4795569,CC(C)c1ccc(NC(=O)OCC2CCN(Cc3ccccc3)CC2)cc1,1,CHEMBL4795569
CHEMBL4794030,O=C(Nc1ccccc1)OC1CCN(Cc2ccccc2)CC1,1,CHEMBL4794030
CHEMBL4796026,OC1CCCN(C2Cc3ccccc3C2)C1,1,CHEMBL4796026
CHEMBL4788729,OCC1CCCN(C2Cc3ccccc3C2)C1,1,CHEMBL4788729
CHEMBL4516356,O=C(Nc1cc(COCc2cn(CCNc3c4c(nc5ccccc35)CCCC4)nn2)ccn1)Nc1cccc2c1C1CCCCN1C2=O,0,CHEMBL4516356
CHEMBL2019049,O=C(NCCCCCCCCCCNc1c2c(nc3cc(Cl)ccc13)CCCC2)c1cc(=O)c2c(O)cc(O)cc2o1,0,CHEMBL2019049
CHEMBL1914495,C=CC(CBr)Nc1c2c(nc3ccc(OC)cc13)CCCC2,1,CHEMBL1914495
CHEMBL3216777,CC1=C[C@@H]2Cc3nc4cc(Cl)ccc4c(NCCCCCCCNc4c5c(nc6ccccc46)CCCC5)c3[C@H](C1)C2,0,CHEMBL3216777
CHEMBL4068410,CC(C)c1ccc(NC(=O)Oc2ccc3c(c2)[C@]2(C)CCC(C)[C@@H]2C3C)cc1,0,CHEMBL4068410
CHEMBL2332546,C=CC(=O)N1C/C(=C\c2ccc(Cl)cc2Cl)C(=O)/C(=C/c2ccc(Cl)cc2Cl)C1,1,CHEMBL2332546
CHEMBL4093947,CCOC(=O)[C@H](CCC(=O)NCCC1CCN(Cc2ccccc2)CC1)NC(=O)c1ccccc1,0,CHEMBL4093947
CHEMBL296786,CC[N+](C)(CC)CCS/C(=N\O)C(=O)c1ccc(Cl)cc1,1,CHEMBL296786
CHEMBL1203537,CNC(NCCNCc1ccc(CN2CCCCC2)o1)=C(C#N)C#N,0,CHEMBL1203537
CHEMBL5088541,COc1cc(CCCCCCCCNc2c3c(nc4ccccc24)CCCC3)cc(OC)c1,0,CHEMBL5088541
CHEMBL468001,COc1ccc(C2C3=C(CC(C)(C)CC3=O)Nc3nc4c(c(N)c32)CCCC4)cc1,0,CHEMBL468001
CHEMBL491526,COc1ccc(C(=O)c2ccc(CN(C)CCN(C)C)cc2)cc1OC,1,CHEMBL491526
CHEMBL4757415,O=[N+]([O-])c1ccc(/C=N\C2CCN(Cc3ccccc3)C2)cc1,1,CHEMBL4757415
CHEMBL46151,CCN(CC)CCS/C(=N\O)C(=O)c1ccc(OC)cc1,1,CHEMBL46151
CHEMBL1766150,CC(=O)N1CCN(c2nccc(NCCc3ccccc3)n2)CC1,1,CHEMBL1766150
CHEMBL1766139,CCCN1CCN(c2nccc(NCc3ccccc3)n2)CC1,1,CHEMBL1766139
CHEMBL1766017,CC(C)(C)OC(=O)N1CCN(c2nccc(NCc3ccccc3)n2)CC1,1,CHEMBL1766017
CHEMBL1783521,CN[C@@H](C)[C@H]1[C@H](O)C[C@@]2(C)[C@@H]3CC[C@H]4[C@]5(C)CSC(C(C)C)=N[C@H]5CC[C@@]45C[C@@]35C(=O)C[C@]12C,0,CHEMBL1783521
CHEMBL131588,CN(C(=O)n1nc(-c2ccc(Cl)cc2)nc1SCC(F)(F)F)c1ccccc1,1,CHEMBL131588
CHEMBL325505,CCCCCCCCCN(Cc1ccccc1OC)C(=O)CCCCCN(C)Cc1ccc(-c2ccc(CN(C)CCCCCC(=O)NCc3ccccc3OC)cc2)cc1,1,CHEMBL325505
CHEMBL556939,C[C@]1(CO)CCC[C@]2(C)[C@H]1C[C@H](O)[C@@]13C[C@@H](CC[C@@H]21)[C@]1(C)O[C@@H]13,1,CHEMBL556939
CHEMBL299898,CC(=O)Oc1ccccc1[N+](C)(C)Cc1ccccc1,1,CHEMBL299898
CHEMBL297316,C[N+](C)(C)CCS/C(=N\O)C(=O)c1ccc(F)cc1,1,CHEMBL297316
CHEMBL89012,Nc1c2c(nc3ccccc13)-c1ccccc1CC2,1,CHEMBL89012
CHEMBL3402710,CN(CCCCCCCCN1C(=O)c2ccccc2C1=O)Cc1ccccc1,0,CHEMBL3402710
CHEMBL2234527,CCOC(=O)C1=C(C)Nc2nc3c(c(N)c2[C@H]1c1ccccc1[N+](=O)[O-])CCCC3,0,CHEMBL2234527
CHEMBL2234521,Cc1ccc([C@H]2C3=C(CC(C)(C)CC3=O)Oc3nc4c(c(N)c32)CCCC4)cc1,1,CHEMBL2234521
CHEMBL2234835,CCOC(=O)C1=C(C)Oc2nc3c(c(N)c2[C@H]1c1cccc(OC)c1)CCC3,1,CHEMBL2234835
CHEMBL2234834,CCOC(=O)C1=C(C)Oc2nc3c(c(N)c2[C@H]1c1cccs1)CCCCC3,1,CHEMBL2234834
CHEMBL2234833,CCOC(=O)C1=C(C)Oc2nc3c(c(N)c2[C@H]1c1cccnc1)CCCCC3,1,CHEMBL2234833
CHEMBL219400,CCOC(=O)C1=C(C)Nc2nc3c(c(N)c2C1c1ccccc1[N+](=O)[O-])CCCC3,0,CHEMBL219400
CHEMBL539072,CC1=CC2CC(C1)Cc1nc3ccccc3c(N)c12,0,CHEMBL539072
CHEMBL3115028,O=c1c2ccccc2[se]n1-c1ccc(CCN2CCCC2)cc1,1,CHEMBL3115028
CHEMBL478666,Clc1ccc2c(NCCCNCCCOc3cccc4[nH]c5ccccc5c34)c3c(nc2c1)CCCC3,0,CHEMBL478666
CHEMBL3115034,CN1CC[C@@H](C(=O)N2C/C(=C\c3ccc(Cl)cc3Cl)C(=O)[C@@]3(C2)[C@H](c2ccc(Cl)cc2Cl)CN(C)[C@]32C(=O)Nc3ccccc32)[C@@]12C(=O)Nc1ccccc12,1,CHEMBL3115034
CHEMBL3115197,CN1CC[C@@H](C(=O)N2C/C(=C\c3ccccc3)C(=O)[C@@]3(C2)[C@H](c2ccccc2)CN(C)[C@]32C(=O)Nc3ccccc32)[C@@]12C(=O)Nc1ccccc12,1,CHEMBL3115197
CHEMBL3115196,C=CC(=O)N1C/C(=C\c2cccc3ccccc23)C(=O)[C@@]2(C1)[C@H](c1cccc3ccccc13)CN(C)[C@]21C(=O)Nc2ccccc21,1,CHEMBL3115196
CHEMBL1761991,c1ccc2c(c1)ccc[n+]2CCC[n+]1cccc2ccccc21,1,CHEMBL1761991
CHEMBL1761992,c1ccc2c(c1)ccc[n+]2CCCC[n+]1cccc2ccccc21,1,CHEMBL1761992
CHEMBL2413738,Oc1ccc(-c2nc3cc(Cl)ccc3[nH]2)cc1,1,CHEMBL2413738
CHEMBL1243203,CN1CC[C@@]2(C)c3cc(OC(=O)Nc4ccccc4)ccc3N(C=O)[C@@H]12,0,CHEMBL1243203
CHEMBL1243298,CN1CC[C@@]2(C)c3cc(OC(=O)N4CCc5ccccc5C4)ccc3N(C)[C@@H]12,0,CHEMBL1243298
CHEMBL4164186,O=C(Nc1cc(Cl)nc(Cl)c1)OCCCCCNCc1c[nH]c2ccccc12,0,CHEMBL4164186
CHEMBL1173624,CC(C)c1ccc(NC(=O)Oc2ccc3c(c2)[C@]2(C)CC[N+](C)(C)C2N3C)cc1,0,CHEMBL1173624
CHEMBL32453,CCCCCCCNC(=O)Oc1ccc2c(c1)[C@@H]1CCN(CC)C1C2,0,CHEMBL32453
CHEMBL221992,CC[N+](C)(CCCCCC(=O)N1CCC(CCCC2CCN(C(=O)CCCCC[N+](C)(CC)Cc3ccccc3OC)CC2)CC1)Cc1ccccc1OC,0,CHEMBL221992
CHEMBL71851,COc1cc2ccc(=O)oc2cc1O,1,CHEMBL71851
CHEMBL574267,COc1cc2nc3c(c(N)c2cc1OC)C1CC(C)=CC(C3)C1,1,CHEMBL574267
CHEMBL575614,CCC1=CC2Cc3nc4cnccc4c(N)c3C(C1)C2,0,CHEMBL575614
CHEMBL576189,CC1=CC2Cc3nc4oc(C5CCC5)nc4c(N)c3C(C1)C2,1,CHEMBL576189
CHEMBL3628059,Cc1cccc(C[n+]2ccc(C(=O)NCCc3c[nH]c4ccccc34)cc2)c1,1,CHEMBL3628059
CHEMBL3628064,COc1ccc2[nH]cc(CCNC(=O)c3cc[n+](Cc4ccc(F)cc4)cc3)c2c1,1,CHEMBL3628064
CHEMBL3623551,CCC(CC)n1cc(C(=O)C(F)(F)F)cn1,0,CHEMBL3623551
CHEMBL3623550,CCCC(C)n1cc(C(=O)C(F)(F)F)cn1,0,CHEMBL3623550
CHEMBL5405755,CCOC(=O)C1=C(C)N(CCC2CCN(Cc3ccccc3)CC2)C(=O)NC1c1coc2c(Cl)cc(Cl)cc2c1=O,0,CHEMBL5405755
CHEMBL131051,CSc1nc(-c2ccc(OC(F)(F)F)cc2)nn1C(=O)N(C)c1ccccc1,1,CHEMBL131051
CHEMBL507304,CCN(CCCCCCN1C(=O)c2ccc(-c3ccc4c(c3)C(=O)N(CCCCCCN(CC)Cc3ccccc3OC)C4=O)cc2C1=O)Cc1ccccc1OC,0,CHEMBL507304
CHEMBL34000,Cn1cc[n+](COCCCc2ccccc2)c1/C=N/O,1,CHEMBL34000
CHEMBL589390,Cc1ccc2c(c1)c1c(n2CCc2ccc(C)nc2)CCN(C)C1,1,CHEMBL589390
CHEMBL139424,C/C=C(\C)C(=O)N[C@@H]1C=C2CC[C@H]3[C@@H]4CC[C@H]([C@H](C)N(C)C)[C@@]4(C)CC[C@@H]3[C@@]2(C)C[C@@H]1O,1,CHEMBL139424
CHEMBL5282158,O=C1CC2CCc3ccsc3C2=NN1CCCCCCCN1CCN(Cc2cccc3c2ccn3S(=O)(=O)c2ccccc2)CC1,1,CHEMBL5282158
CHEMBL5275394,O=C1CC2Cc3ccsc3C2=NN1CCCCN1CCN(Cc2cccc3c2ccn3S(=O)(=O)c2ccccc2)CC1,1,CHEMBL5275394
CHEMBL237870,CN[C@@H](C)[C@H]1[C@H](O)C[C@@]2(C)[C@@H]3CC[C@@H]4C(=CC[C@@H]5N=C(C(C)C)OC[C@]54C)C[C@H]3C(=O)C[C@]12C,0,CHEMBL237870
CHEMBL2019048,COc1cc(O)c2c(=O)cc(C(=O)NCCCCCCCCCCNc3c4c(nc5cc(Cl)ccc35)CCCC4)oc2c1,0,CHEMBL2019048
CHEMBL2019037,COc1cc(OC)c2c(=O)cc(C(=O)NCCCCCCCCCCNc3c4c(nc5ccccc35)CCCC4)oc2c1,0,CHEMBL2019037
CHEMBL1761998,C(=C\C[n+]1cccc2ccccc21)/C[n+]1cccc2ccccc21,1,CHEMBL1761998
CHEMBL229334,CC1=C[C@H]2[C@H](O)C(=O)[C@H]3CCCN4CCC[C@H]2[C@]34C1,1,CHEMBL229334
CHEMBL373651,Cn1c2ccc(O)cc2c2cc[n+](C)cc21,1,CHEMBL373651
CHEMBL385778,COc1ccc2c(c1)c1cc[n+](C)cc1n2C,1,CHEMBL385778
CHEMBL238785,CC1CCN(C(=O)Oc2ccc(Oc3ccc(C(F)(F)F)cn3)cc2)CC1,1,CHEMBL238785
CHEMBL393149,CCN(Cc1ccccc1)C(=O)Oc1ccc(Oc2ccc(C(F)(F)F)cn2)cc1,1,CHEMBL393149
CHEMBL238257,CC(C)N(C)C(=O)Oc1ccc(Oc2ccc(C(F)(F)F)cn2)cc1,1,CHEMBL238257
CHEMBL3216779,CC1=CC2Cc3nc4cc(Cl)ccc4c(NCCCCCCCCCCNc4c5c(nc6cc(Cl)ccc46)CCCC5)c3C(C1)C2,0,CHEMBL3216779
CHEMBL213964,CCCC(CC1(C(=O)Nc2nnc(CC(C)C)s2)CCCC1)C(=O)O,1,CHEMBL213964
CHEMBL1202874,c1ccc(CN2CCC(CCSc3ccc(-c4ccccc4)nn3)CC2)cc1,0,CHEMBL1202874
CHEMBL211500,CCC[C@@H](CC1(C(=O)Nc2nnc(CC)s2)CCCC1)C(=O)O,1,CHEMBL211500
CHEMBL5078555,COC(=O)c1c(CCCCCCCCNc2c3c(nc4cc(Cl)ccc24)CCCC3)cccc1OC,0,CHEMBL5078555
CHEMBL594870,C/C=C1\[C@H]2C=C(C)C[C@]1(/N=C/c1ccc(OC)cc1)c1ccc(=O)[nH]c1C2,0,CHEMBL594870
CHEMBL1618217,CCCCCCNc1c2c(nc3ccc(OC)cc13)CCCC2,0,CHEMBL1257885;CHEMBL1618217
CHEMBL575621,C[C@@H]1CCC[C@H](C)N1S(=O)(=O)c1ccc(C(C)(C)C)cc1,0,CHEMBL575621
CHEMBL1940616,COc1ccccc1CNCCCCCCNC1=CC(=O)c2ccccc2C1=O,1,CHEMBL1940616
CHEMBL1940617,NCCCCCCNC1=CC(=O)c2ccccc2C1=O,1,CHEMBL1940617
CHEMBL3785207,CN(C)C(=O)N[C@H]1CCc2ccc(O)cc2C1,0,CHEMBL3785207
CHEMBL3883432,O=S(=O)(c1ccccc1)n1ccc2c(N3CCN(CCCCCCCCNc4c5c(nc6ccccc46)CCCC5)CC3)cccc21,0,CHEMBL3883432
CHEMBL3919289,O=C1NCCCc2c1c1ccccc1n2CCc1ccc(F)cc1,1,CHEMBL3919289
CHEMBL1081126,c1cc[n+](Cc2ccc(C[n+]3ccccc3)cc2)cc1,1,CHEMBL1081126
CHEMBL378050,CCCC(CC1(C(=O)N[C@H](C)c2ccccc2)CCCC1)C(=O)O,1,CHEMBL378050
CHEMBL1922540,C#CCOP(C)(=O)OC(C(F)(F)F)C(F)(F)F,1,CHEMBL1922540
CHEMBL491346,COc1ccc(C(=O)c2ccc(CN3CCOCC3)cc2)cc1OC,1,CHEMBL491346
CHEMBL430886,c1cc[n+](CCCCCCCCCCC[n+]2ccccc2)cc1,0,CHEMBL430886
CHEMBL573094,CCC1=CC2Cc3nc4cc(OC)c(OC)cc4c(N)c3C(C1)C2,1,CHEMBL573094
CHEMBL574973,CC1=CC2Cc3nc4cc(Cl)ccc4c(NCCN=[N+]=[N-])c3C(C1)C2,0,CHEMBL574973
CHEMBL575167,C#CCCCCCCN1CCc2cc(OC)c(OC)cc2C1c1ccc([N+](=O)[O-])cc1,1,CHEMBL575167
CHEMBL1952048,CCCC/N=C(/C=N/O)N(C)C,1,CHEMBL1952048
CHEMBL4443426,O=C(CCCCNc1c2c(nc3ccccc13)CCCC2)NCCc1c[nH]c2ccccc12,0,CHEMBL4443426
CHEMBL4579904,C#CCNC1CCCc2ccc(OC(=O)N(C)CC)cc21,1,CHEMBL4579904
CHEMBL1643944,c1ccc2c[n+](CCCCCCCCCC[n+]3ccc4ccccc4c3)ccc2c1,0,CHEMBL1643944
CHEMBL464538,C=CC[N+](C)(C)c1ccc(CCC(=O)CCc2ccc([N+](C)(C)CC=C)cc2)cc1,0,CHEMBL140020;CHEMBL464538
CHEMBL208599,CCC1=CC2Cc3nc4cc(Cl)ccc4c(N)c3[C@@H](C1)C2,0,CHEMBL208599
CHEMBL4059766,CCOC(=O)[C@@H](CCC(=O)NCCC1CCN(Cc2ccccc2)CC1)NC(=O)c1ccccc1,0,CHEMBL4059766
CHEMBL274107,CNC(=O)Oc1cccc2c1OC[C@@H]1CCN(C)[C@H]21,0,CHEMBL274107
CHEMBL349127,CN1CCN(Cc2ccc(CNCCN3CCNC3=C(C#N)C#N)o2)CC1,1,CHEMBL349127
CHEMBL1240668,C[C@H](c1cccc(OC(=O)N(C)C)c1)N1CCCCC1,0,CHEMBL1240668
CHEMBL1243297,C[C@@]12CCN(Cc3ccccc3)[C@@H]1N(Cc1ccccc1)c1ccc(OC(=O)Nc3ccccc3)cc12,1,CHEMBL1243297
CHEMBL1243012,Cc1ccccc1NC(=O)Oc1ccc2c(c1)[C@]1(C)CCN(C)[C@@H]1N2,0,CHEMBL1243012
CHEMBL3335071,O=c1oc2cc(OCCCCN3CCN(Cc4ccccc4)CC3)ccc2c2ccccc12,1,CHEMBL3335071
CHEMBL87373,COc1cc2cc(C(=O)CCc3cc[n+](CC4CC4)cc3)sc2cc1OC,0,CHEMBL87373
CHEMBL340409,O=C1CCN(Cc2ccccc2)C/C1=C\c1ccc[nH]1,1,CHEMBL340409
CHEMBL128894,O=C1CCN(Cc2ccccc2)C/C1=C\c1cccn1C(=O)c1ccccc1,1,CHEMBL128894
CHEMBL194372,CN[C@@H](CCOc1ccc([N+](=O)[O-])cc1)c1ccc(OC(=O)N(C)C)cc1,0,CHEMBL194372
CHEMBL4164540,Cc1cc(=O)oc2cc(OCCSC(=S)N3CCCC3)ccc12,0,CHEMBL4164540
CHEMBL4099340,CCN(CC)CCCCCCOc1ccc(/C=C/C(=O)O)cc1OC,1,CHEMBL4099340
CHEMBL4066908,CCN(CCCN1C(=O)c2ccccc2C1=O)Cc1ccccc1OC,1,CHEMBL4066908
CHEMBL389283,c1cc[n+](CCCCCC[n+]2ccccc2)cc1,1,CHEMBL389283
CHEMBL1081449,c1cc[n+](CCOCC[n+]2ccccc2)cc1,1,CHEMBL1081449
CHEMBL225611,CN(CCCCOc1ccc2c(=O)c3ccccc3oc2c1)Cc1ccccc1,1,CHEMBL225611
CHEMBL64529,CCCCCCCNC(=O)Oc1ccc2c(c1)C1CCN(C)C2C1,0,CHEMBL64529
CHEMBL3786843,CN1Cc2cc(O)ccc2N(C)C1c1cccs1,1,CHEMBL3786843
CHEMBL3785229,COc1ccccc1C1N(C)Cc2cc(O)ccc2N1C,1,CHEMBL3785229
CHEMBL3785187,COc1ccc(C2N(C)Cc3cc(O)ccc3N2C)cc1,1,CHEMBL3785187
CHEMBL3785803,Cc1ccccc1C1N(C)Cc2cc(O)ccc2N1C,1,CHEMBL3785803
CHEMBL3786323,Cc1cccc(C2N(C)Cc3cc(O)ccc3N2C)c1,1,CHEMBL3786323
CHEMBL4165327,COc1cc2c(cc1OC)C(=O)C(Cc1cc[n+](Cc3ccccc3)cc1Br)C2,0,CHEMBL4165327
CHEMBL3115043,C=CC(=O)N1C/C(=C\c2ccccc2F)C(=O)[C@@]2(C1)[C@H](c1ccccc1F)CN(C)[C@]21C(=O)Nc2ccccc21,1,CHEMBL3115043
CHEMBL225451,COc1cccc(CN(C)CCCCCCCOc2ccc3c(=O)c4ccccc4oc3c2)c1,1,CHEMBL225451
CHEMBL427090,CN(CCCCCCCCCOc1ccc2c(=O)c3ccccc3oc2c1)Cc1ccccc1,1,CHEMBL427090
CHEMBL224469,CN(CCCCCCCCOc1ccc2c(=O)c3ccccc3oc2c1)Cc1ccccc1,1,CHEMBL224469
CHEMBL427249,CN(CCCCCOc1ccc2c(=O)c3ccccc3oc2c1)Cc1ccccc1,1,CHEMBL427249
CHEMBL3415578,O=C1c2ccccc2C(=O)N1CCCCCNCc1cccc(Cl)c1,0,CHEMBL3415578
CHEMBL3417009,COc1cc(N)c(Cl)cc1C(=O)CCC1CCN(CC2CCCCC2)CC1,0,CHEMBL3417009
CHEMBL3417001,COc1cc(N)c(Cl)cc1C(=O)CCC1CCN(Cc2ccccc2)CC1,0,CHEMBL3417001
CHEMBL3415574,O=C1c2ccccc2C(=O)N1CCCCCCNCc1ccc(F)cc1F,1,CHEMBL3415574
CHEMBL3415576,O=C1c2ccccc2C(=O)N1CCCCCCCCNCc1ccc(F)cc1F,0,CHEMBL3415576
CHEMBL3407585,C=CCNCc1cc2cc(OCCCC3CCN(Cc4ccccc4)CC3)ccc2[nH]1,1,CHEMBL3407585
CHEMBL4083174,COc1cc(CCc2ccc(Nc3c4c(nc5cc(Cl)ccc35)CCCC4)cc2)cc(OC)c1,0,CHEMBL4083174
CHEMBL539108,O/N=C\c1cccc[n+]1COCCOC[n+]1ccccc1/C=N/O,1,CHEMBL539108
CHEMBL3087682,CC(C(=O)NCCCNC1=CC(=O)C(NCCCNC(=O)C(C)c2ccc(-c3ccccc3)c(F)c2)=CC1=O)c1ccc(-c2ccccc2)c(F)c1,1,CHEMBL3087682
CHEMBL407904,CCN(Cc1ccccc1)Cc1ccc(-c2cc3cc(OCCNC(=O)/C=C/c4ccc(Cl)c(Cl)c4)ccc3oc2=O)cc1,1,CHEMBL407904
CHEMBL376434,COc1ccc2[nH]c3c[n+](C)ccc3c2c1,1,CHEMBL376434
CHEMBL379065,CCc1nnc(NC(=O)C2(CC(CCc3ccccc3)C(=O)O)CCCC2)s1,1,CHEMBL379065
CHEMBL377618,CCCC(CC1(C(=O)NCc2nnc(C)s2)CCCC1)C(=O)O,1,CHEMBL377618
CHEMBL502689,CC(C)=CCc1cc2ccc(=O)oc2cc1O,1,CHEMBL502689
CHEMBL497276,CO[C@@H]1[C@@H](O)[C@H]2c3cc4c(cc3CN3CC=C([C@H]1O)[C@H]23)OCO4,1,CHEMBL497276
CHEMBL3337471,CCN(CC)CCOc1ccc(C(=O)/C=C/c2ccccc2)cc1,1,CHEMBL3337471
CHEMBL3234589,O/N=C/c1ncc(CCCCCNc2c3c(nc4ccccc24)CCCC3)cc1O,0,CHEMBL3234589
CHEMBL283509,COc1ccc(-c2cc3c(c(=O)o2)C[C@]2(O)[C@@]4(C)C(=O)C=CC(C)(C)[C@]4(O)CC[C@@]2(C)O3)cc1OC,0,CHEMBL283509
CHEMBL3289926,CCOC(OCC)c1ccc(/C=C2\CNC/C(=C\c3ccc(C(OCC)OCC)cc3)C2=O)cc1,0,CHEMBL3289926
CHEMBL337002,N#Cc1ccc(C(=O)n2cc(/C=C3\CN(Cc4ccccc4)CCC3=O)c3ccccc32)cc1,1,CHEMBL337002
CHEMBL422971,O=C1/C(=C/c2cc[nH]c2)CN(Cc2ccccc2)C/C1=C\c1cc[nH]c1,1,CHEMBL422971
CHEMBL543655,CNC(=O)Oc1cccc(CN(C)CCCCCCCOc2ccc3c(=O)c4ccccc4oc3c2)c1,0,CHEMBL189957;CHEMBL543655
CHEMBL574746,CC1=CC2Cc3nc4oc(C)c(C)c4c(N)c3C(C1)C2,1,CHEMBL574746
CHEMBL348318,CN1CCC(C2Cc3ccccc3C2=O)CC1,1,CHEMBL348318
CHEMBL2377878,COc1cccc(-c2nnc3sc(-c4ccoc4)nn23)c1,1,CHEMBL2377878
CHEMBL3786873,CN(C)S(=O)(=O)NC1CCc2c(O)cccc2C1,0,CHEMBL3786873
CHEMBL3819155,COc1cc2c(cc1O)C/C(=C\C1CCN(Cc3ccccc3)CC1)C2=O,1,CHEMBL3819155
CHEMBL1669493,c1ccc2c[n+](Cc3ccc(C[n+]4ccc5ccccc5c4)cc3)ccc2c1,1,CHEMBL1669493
CHEMBL1669494,c1ccc2c[n+](Cc3ccc4ccc(C[n+]5ccc6ccccc6c5)cc4c3)ccc2c1,0,CHEMBL1669494
CHEMBL1819180,c1ccc2c(c1)Cc1c-2nc2ccccc2c1NCCCCCCCNc1c2c(nc3ccccc13)-c1ccccc1C2,0,CHEMBL1819180
CHEMBL3597009,CCOC(=O)C1=C(Nc2ccc(OC)cc2)C[C@@H](c2ccccc2)N(c2ccc(OC)cc2)[C@@H]1c1ccccc1,1,CHEMBL3597009
CHEMBL154972,N#CC(C#N)=C1Nc2ccccc2N1CCNCc1ccc(CN2CCCCC2)o1,0,CHEMBL154972
CHEMBL1668334,Cc1ccc([C@@H](C)CC(=O)CC(C)C)cc1,1,CHEMBL1668334
CHEMBL416464,COc1ccc(C(=O)/C(=N/O)SCCN(C)C)cc1,1,CHEMBL416464
CHEMBL336524,CCSc1nc(-c2ccc(Cl)cc2)nn1C(=O)N(C)C,0,CHEMBL336524
CHEMBL1644323,O/N=C/c1cc[n+](CCC[n+]2ccc(-c3ccccc3)cc2)cc1,1,CHEMBL1644323
CHEMBL3355594,C/C=C1/[C@@H]2Cc3[nH]c(=O)ccc3[C@@]1(N)C[C@]1(C)O[C@H]21,1,CHEMBL3355594
CHEMBL3600555,CC1=CC2Cc3nc4ccccc4c(NCCCCCCCCCCNc4c5c(nc6cc(Cl)ccc46)CCCC5)c3C(C1)C2,0,CHEMBL3600555
CHEMBL4636043,O=C1CN(/N=C/c2ccc(-c3ccc([N+](=O)[O-])cc3)o2)C(=O)N1CCC1CCN(Cc2ccccc2)CC1,0,CHEMBL4636043
CHEMBL4643381,O=C1CN(/N=C/c2ccc(-c3ccccc3[N+](=O)[O-])o2)C(=O)N1CCC1CCN(Cc2ccccc2)CC1,0,CHEMBL4643381
CHEMBL3335069,COc1cccc(CN(C)CCCCOc2ccc3c(c2)oc(=O)c2ccccc23)c1,1,CHEMBL3335069
CHEMBL3335068,CN(CCCCOc1ccc2c(c1)oc(=O)c1ccccc12)Cc1ccccc1,1,CHEMBL3335068
CHEMBL3335053,COc1cccc(CC2CCN(CCCCOc3ccc4c5c(c(=O)oc4c3)CCCC5)CC2)c1,1,CHEMBL3335053
CHEMBL3335030,COc1cccc(CN2CCN(CCOc3ccc4c5c(c(=O)oc4c3)CCCC5)CC2)c1,1,CHEMBL3335030
CHEMBL3335024,CCN(C)C(=O)Oc1cc(C(C)N(C)C)c2c(c1)oc(=O)c1ccccc12,1,CHEMBL3335024;CHEMBL3545714
CHEMBL376478,CC[C@H]1C[C@@H]2C[C@H]3c4[nH]c5cc([C@@H]6C[C@H]7C(C(=O)OC)[C@@H](Cc8c6[nH]c6ccccc86)N(C)C[C@H]7CC)ccc5c4CCN(C2)[C@@H]13,0,CHEMBL376478
CHEMBL2018162,CC[C@H]1C[C@@H]2CN3CCc4c([nH]c5cc([C@H]6C[C@H]7C(C(=O)OC)[C@H](Cc8c6[nH]c6ccccc86)N(C)C[C@H]7CC)ccc45)[C@](C(=O)OC)(C2)[C@H]13,0,CHEMBL2018162
CHEMBL388714,CCN(Cc1ccccc1)Cc1cccc(-c2coc3cc(OC)c(OC)cc3c2=O)c1,1,CHEMBL388714
CHEMBL5088077,COc1c2c(cc3c1OCO3)[C@]13C=C[C@H](OC)C[C@H]1N(C2)C[C@H]3OC(=O)c1cccc2ccccc12,1,CHEMBL5088077
CHEMBL4792421,COc1cc2c(cc1OC)/C(=C/c1ccc(O)c(N3CCCCC3)c1)OC2=O,0,CHEMBL4792421
CHEMBL1912060,O=C(CCCCc1cccs1)NCCCNc1c2c(nc3cc(Cl)ccc13)CCCC2,0,CHEMBL1912060
CHEMBL3356534,O=C1C(NCCNc2c3c(nc4ccccc24)CCCC3)=CC(=O)c2c(O)cccc21,0,CHEMBL3356534
CHEMBL3356536,O=C1C(NCCNc2c3c(nc4cc(Cl)ccc24)CCCC3)=CC(=O)c2c(O)cccc21,0,CHEMBL3356536
CHEMBL187266,Cc1coc2c1C(=O)C(=O)c1c-2ccc2c1CCCC2(C)C,1,CHEMBL187266
CHEMBL1204296,CCc1cc(=NCCC2CCN(Cc3ccccc3)CC2)[nH]nc1-c1ccccc1,0,CHEMBL1204296;CHEMBL90264
CHEMBL5404812,COc1ccc2c(c1OC)c1c3c4c(cc5c(c42)OCO5)CCN3C(=O)C1=O,1,CHEMBL5404812
CHEMBL5402370,COc1cc2c(c(O)c1OC)CCN1Cc3c(ccc(O)c3OC)C[C@@H]21,1,CHEMBL5402370
CHEMBL5420095,COc1cc2c(c(O)c1OC)CC[N@+]1(C)Cc3c(ccc(O)c3OC)C[C@@H]21,1,CHEMBL5420095
CHEMBL2441687,COc1ccc(F)c[n+]1C,1,CHEMBL2441687
CHEMBL5409526,CN(C)CCCN1C(=O)CSC1c1ccccn1,1,CHEMBL5409526
CHEMBL5416845,CN(C)CCCN1C(=O)CSC1c1ccc(F)cc1F,1,CHEMBL5416845
CHEMBL5405571,CN(C)CCCN1C(=O)CSC1c1ccc2c(c1)OCO2,1,CHEMBL5405571
CHEMBL5563760,O=C(NCCCCCCNc1c2c(nc3cc(Cl)ccc13)CCCC2)Oc1ccc2cc[nH]c2c1,0,CHEMBL5563760
CHEMBL524100,O=C(CCCCCCCCc1ccc(O)c(O)c1)c1c(O)cccc1O,1,CHEMBL524100
CHEMBL3818782,O=C(/C=C/c1ccc([N+](=O)[O-])cc1)NCCC1CCN(Cc2ccccc2)CC1,0,CHEMBL3818782
CHEMBL1651136,COc1ccccc1CN1CCC(CCC(=O)c2cc3c4c(ccn4C(=O)CC3)c2)CC1,0,CHEMBL1651136
CHEMBL1651138,COc1ccc(CN2CCC(CCC(=O)c3cc4c5c(ccn5C(=O)CC4)c3)CC2)cc1,0,CHEMBL1651138
CHEMBL1952050,CC(C)CC/N=C(/C=N/O)N(C)C,1,CHEMBL1952050
CHEMBL3087683,CC(C(=O)NCCCNCCCNC1=CC(=O)c2ccccc2C1=O)c1ccc(-c2ccccc2)c(F)c1,1,CHEMBL3087683
CHEMBL3087680,C[C@H](C(=O)NCCCNCCCNC1=CC(=O)C(NCCCNCCCNC(=O)[C@@H](C)c2ccc(-c3ccccc3)c(F)c2)=CC1=O)c1ccc(-c2ccccc2)c(F)c1,1,CHEMBL3087680
CHEMBL3086277,COc1cc2[se]n(CCCC3CCN(Cc4ccccc4)CC3)c(=O)c2cc1OC,0,CHEMBL3086277
CHEMBL128618,CNC(=O)Oc1cccc(CN(C)CCCOc2ccc3c(=O)ccoc3c2)c1,0,CHEMBL128618
CHEMBL128471,CNC(=O)Oc1cccc(CN(C)CCCOc2ccc3c(=O)cc(-c4ccccc4)oc3c2)c1,0,CHEMBL128471
CHEMBL128043,CCCCNC(=O)Oc1cccc(CN(C)CCCOc2ccc3c(=O)cc(-c4ccccc4)oc3c2)c1,0,CHEMBL128043
CHEMBL281588,c1ccc(-c2ccc(NCCN3CCCCC3)nn2)cc1,1,CHEMBL281588
CHEMBL1085020,Cc1cc(-c2ccc(Cl)cc2)nnc1NCCN1CCCCC1,1,CHEMBL1085020
CHEMBL5433193,Cc1ccc(S(=O)(=O)NCCCCCNc2c3c(nc4ccccc24)CCCC3)cc1,0,CHEMBL5433193
CHEMBL202844,COc1cc(/C=C/C(=O)NCCc2ccc(O)c(O)c2)ccc1O,1,CHEMBL202844
CHEMBL155350,CC/N=C1/CCc2c1n(C)c1ccc(OC(=O)NC)c(Cl)c21,0,CHEMBL155350
CHEMBL538352,Cn1cc[n+](COC[n+]2ccccc2/C=N/O)c1/C=N/O,1,CHEMBL538352
CHEMBL136294,CCC(=O)Oc1cccc([N+](C)(C)C)c1,1,CHEMBL136294
CHEMBL309667,CNC(=O)Oc1ccc2c(c1)[C@]1(C)CCNC1N2,0,CHEMBL309667
CHEMBL64465,Cc1ccc2c(NCc3ccccc3)c3c(nc2c1)CCCC3,0,CHEMBL64465
CHEMBL102078,CCCCSC(=O)OCC[N+](C)(C)C,1,CHEMBL102078
CHEMBL543220,CCCNC(=O)Oc1ccc2c(c1)C(N)CC2,1,CHEMBL543220
CHEMBL5992630,COc1cc(O)cc2c1Oc1c(Oc3cc(O)cc(O)c3)c(O)cc(O)c1O2,1,CHEMBL5992630
CHEMBL5787130,COc1cc(Oc2c(O)cc(Oc3c(O)cc(O)c4c3Oc3c(O)cc(O)cc3O4)cc2O)cc2c1Oc1c(Oc3cc(O)cc(O)c3)c(O)cc(O)c1O2,1,CHEMBL5787130
CHEMBL147524,CN(C)C(=O)Oc1cccc(CCN)c1,0,CHEMBL147524
CHEMBL609671,CCCCNC(=O)Oc1ccc2c(c1)[C@]1(C)CCN(C)C1N2C,0,CHEMBL609671
CHEMBL325740,COc1ccccc1CN1CCCCCCCCN(Cc2ccccc2OC)C(=O)CCCCCNCc2cccc(c2)Cc2cccc(c2)CNCCCCCC1=O,1,CHEMBL325740
CHEMBL273904,COc1ccc(C)cc1OC,1,CHEMBL273904
CHEMBL4796414,COc1cc(/C=C/C(=O)NCC(=O)Nc2ccccc2F)ccc1O,1,CHEMBL4796414
CHEMBL4799941,COc1cc(/C=C/C(=O)NCC(=O)Nc2ccc3[nH]ccc3c2)ccc1O,1,CHEMBL4799941
CHEMBL4779302,COc1cc(/C=C/C(=O)N2CCN(c3ccc(F)cc3)CC2)ccc1O,1,CHEMBL4779302
CHEMBL4786153,C#CCN1CCCC(COC(=O)N(C)CC)C1,1,CHEMBL4786153
CHEMBL4793387,O=C(Nc1ccccc1)OCC1CCN(C2Cc3ccccc3C2)CC1,1,CHEMBL4793387
CHEMBL3360487,COc1cc2c(cc1OC)C(c1ccccc1)N(CCCCCCn1ccnc1/C=N/O)CC2,1,CHEMBL3360487
CHEMBL157336,CN(C)c1ccc(CC(=O)NCCCCCCCCCCCCNC23CC4CC(CC(C4)C2)C3)cc1,1,CHEMBL157336
CHEMBL1076259,CCCCCCOC(=O)[C@H](CCC(=O)NCCC1CCN(Cc2ccccc2)CC1)NC(=O)c1cc2ccccc2s1,0,CHEMBL1076259
CHEMBL335329,O=C1CCN(Cc2ccccc2)C/C1=C\c1ccn(C(=O)c2ccccc2)c1,1,CHEMBL335329
CHEMBL409610,COc1ccc2c3c1O[C@H]1C[C@@H](O)C=C[C@@]31[C@H](O)CN(C)C2,1,CHEMBL409610
CHEMBL1523,Oc1ccc2c3c1O[C@H]1C[C@@H](O)C=C[C@@]31CCNC2,1,CHEMBL1523
CHEMBL340171,CN(CCCOc1ccc2c(=O)c3ccccc3oc2c1)Cc1cccc(OC(=O)NCCCCCCCN2CCOCC2)c1,0,CHEMBL340171
CHEMBL2019046,COc1cc(O)c2c(=O)cc(C(=O)NCCCCCCCCCCNc3c4c(nc5ccccc35)CCCC4)oc2c1,0,CHEMBL2019046
CHEMBL294745,Nc1ccc2c(N)c3c(nc2c1)-c1ccccc1C3,1,CHEMBL294745
CHEMBL3605422,CN(C)CCC[C@@]1(c2ccc(F)cc2)OCc2cc(-c3nnc(-c4cccc(Cl)c4)[nH]3)ccc21,1,CHEMBL3605422
CHEMBL3605310,CN(C)CCC[C@@]1(c2ccc(F)cc2)OCc2cc(-c3nnc(-c4cccc(N)c4)[nH]3)ccc21,1,CHEMBL3605310
CHEMBL24457,COc1cccc(-c2cc3c(c(=O)o2)C(=O)C2[C@@]4(C)CC[C@H](O)[C@@](C)(CO)C4C[C@H](O)[C@@]2(C)O3)c1,1,CHEMBL24457
CHEMBL498645,C[C@@H]([C@H]1CC[C@H]2[C@@H]3CC[C@H]4C[C@@H](N)CC[C@]4(C)[C@H]3CC[C@]12C)N(C)C,1,CHEMBL498645
CHEMBL4528790,Nc1cccc(Cl)c1Oc1ccc(CNc2cccc(Cl)c2)cc1,1,CHEMBL4528790
CHEMBL4461560,Nc1cccc(Cl)c1Oc1ccc(CNc2cc(Br)cc(Br)c2)cc1,1,CHEMBL4461560
CHEMBL583776,CCC1=CC2Cc3nc4oc(C)c(C)c4c(N)c3C(C1)C2,1,CHEMBL583776
CHEMBL574747,CC1=CC2Cc3nc4oc(C5CC5)nc4c(N)c3C(C1)C2,1,CHEMBL574747
CHEMBL574948,CC1=CC2Cc3nc4[nH]ncc4c(N)c3C(C1)C2,1,CHEMBL574948
CHEMBL575674,CCC1=CC2Cc3nc4cc(Cl)ccc4c(NCCn4cc(CCCCCCN5CCc6cc(OC)c(OC)cc6C5c5cccc([N+](=O)[O-])c5)nn4)c3C(C1)C2,0,CHEMBL575674
CHEMBL575810,C#CCCCCCCN1CCc2cc(OC)c(OC)cc2C1c1cccc([N+](=O)[O-])c1,1,CHEMBL575810
CHEMBL5408625,COc1cc(O)c2c(c1)C[C@H]1NCCc3c(OC)c4c(c-2c31)OCO4,1,CHEMBL5408625
CHEMBL389400,COc1ccc2c(c1)C(=O)c1nccc3cc4c(c-2c13)OCO4,1,CHEMBL389400
CHEMBL304447,Nc1c2c(nc3cc(F)ccc13)-c1ccccc1C2,1,CHEMBL304447
CHEMBL5431573,Brc1ccc(-c2csc(/C=C/c3ccccc3)n2)cc1,1,CHEMBL5431573
CHEMBL5183944,Oc1cc2c(cc1O)-c1cc3ccc(O)c(O)c3c[n+]1CC2,1,CHEMBL5183944
CHEMBL5436185,CCN(CCc1ccccc1)Cc1cccc(OC)c1OCc1ccccc1,1,CHEMBL5436185
CHEMBL5441139,CCCN(CCc1ccccc1)Cc1cccc(OC)c1OCc1ccccc1,1,CHEMBL5441139
CHEMBL5438175,COc1ccccc1CCN(C)Cc1cccc(OC)c1OCc1ccccc1,1,CHEMBL5438175
CHEMBL5409611,CCCN(CCCc1ccc(O)cc1)Cc1cccc(OC)c1OCc1ccccc1,1,CHEMBL5409611
CHEMBL5402537,COc1cccc(CN(CCCc2ccccc2F)C2CCC2)c1OCc1ccccc1,1,CHEMBL5402537
CHEMBL5177419,CC(=O)N1N=C(c2ccc(Br)cc2)CC1c1ccc(-c2ccccc2)cc1,0,CHEMBL5177419
CHEMBL5184984,CC(=O)N1N=C(c2ccc3c(c2)OCO3)CC1c1ccc(-c2ccccc2)cc1,0,CHEMBL5184984
CHEMBL5424185,CN(C)CCCN1C(=O)CSC1c1cccc(F)c1F,1,CHEMBL5424185
CHEMBL5426044,CC(=O)n1c2c(c3ccccc31)Oc1nc(C)[nH]c(=O)c1C2c1cccc(Br)c1,1,CHEMBL5426044
CHEMBL5440753,CC[N+](CC)(CCCCCn1c(=O)cc(C)n(CCCCCn2c(C)cc(=O)n(C)c2=O)c1=O)Cc1ccccc1[N+](=O)[O-],0,CHEMBL5440753
CHEMBL374184,CCOC(=O)C1=C(C)Nc2nc3c(c(N)c2C1c1ccc(OC)cc1)CCCC3,0,CHEMBL374184
CHEMBL1915759,CCCCOC(=O)C(C)CC(=O)C[C@@H](C)[C@H]1CC(=O)[C@@]2(C)C3=C(C(=O)[C@@H](OC(C)=O)[C@]12C)[C@@]1(C)CC[C@H](O)C(C)(C)[C@@H]1CC3=O,1,CHEMBL1915759
CHEMBL1087131,CC(CC(=O)C[C@@H](C)[C@H]1C[C@H](O)[C@@]2(C)C3=C(C(=O)C[C@]12C)[C@@]1(C)CCC(=O)C(C)(C)[C@@H]1CC3)C(=O)O,1,CHEMBL1087131
CHEMBL1651133,O=C(CCC1CCN(Cc2ccccc2Cl)CC1)c1cc2c3c(ccn3C(=O)CC2)c1,0,CHEMBL1651133
CHEMBL1084090,CCCCCCNC(=O)Oc1cccc(CN(C)CCCOc2ccc3c(=O)c4cccnc4oc3c2)c1,0,CHEMBL1084090
CHEMBL1083058,c1ccc(CN2CCC(Nc3ccc(-c4ccccc4)nn3)CC2)cc1,1,CHEMBL1083058
CHEMBL329733,CCN(CCOCCNC(=O)NCc1ccccc1)CC1CCCCC1,1,CHEMBL329733
CHEMBL119634,COc1ccc2c(c1)CCCc1c-2nc2ccccc2c1N,1,CHEMBL119634
CHEMBL115580,CC1Cc2c(nc3ccccc3c2N)C1(C)O,1,CHEMBL115580
CHEMBL1085277,COc1cc2c(cc1OC)CC(CC1CCN(c3ccccc3)CC1)=C2,1,CHEMBL1085277
CHEMBL1086245,CNC(=O)Oc1cccc(CN(C)CCCOc2ccc(C(=O)c3ccccc3)cc2)c1,0,CHEMBL1086245;CHEMBL544592
CHEMBL307004,Clc1ccc2c(NCCCCCCCNc3c4c(nc5cc(Cl)ccc35)CCCC4)c3c(nc2c1)CCCC3,0,CHEMBL307004
CHEMBL307908,c1ccc2c(NCCCCCCCNc3c4c(nc5ccccc35)CCCCC4)c3c(nc2c1)CCCCC3,0,CHEMBL307908
CHEMBL61715,Nc1c2c(nc3cc([N+](=O)[O-])ccc13)CCCC2,0,CHEMBL61715
CHEMBL389192,O=C(CCc1c[nH]c2ccccc12)NCCCCCCCCNc1c2c(nc3cc(Cl)ccc13)CCCC2,0,CHEMBL389192
CHEMBL388551,CN(CCCNC(=O)CCc1c[nH]c2ccccc12)CCCNc1c2c(nc3cc(Cl)ccc13)CCCC2,0,CHEMBL388551
CHEMBL223714,O=C(NCCCCCCCCNc1c2c(nc3cc(Cl)ccc13)CCCC2)c1c[nH]c2ccccc12,0,CHEMBL223714
CHEMBL325109,COc1cc(N)c(Cl)cc1C(=O)NC1CCN(Cc2ccccc2)CC1,0,CHEMBL325109
CHEMBL189870,Cc1ccc(S(=O)(=O)N(Cc2ccccc2)c2ccc(N)cc2O)cc1,1,CHEMBL189870
CHEMBL4752675,CO[C@]1(c2cn(O)c(=O)c(C(=O)[C@H]3[C@@H]4CC[C@@H](C)C[C@H]4C=C[C@H]3C)c2O)CC[C@@H](O)[C@H]2O[C@H]21,0,CHEMBL4752675
CHEMBL186349,Cc1c(/N=C/c2ccccc2O)cc2c(c1N)C(C)(C)CC2(C)C,1,CHEMBL186349
CHEMBL1080814,CCCCCCOC(=O)[C@H](CCC(=O)NCCC1CCN(Cc2ccccc2)CC1)NC(=O)c1cc(Br)cs1,0,CHEMBL1080814
CHEMBL468568,COc1cc(CO)ccc1O[C@@H]1O[C@H](CO)[C@@H](O)[C@H](O)[C@H]1O,1,CHEMBL468568
CHEMBL4067497,Nc1c2c(nc3c1C(c1ccccc1)c1ccc4cccnc4c1O3)CCCC2,1,CHEMBL4067497
CHEMBL1771556,COc1cc2c(cc1OC)CN(c1cc[n+](Cc3ccc(C[n+]4ccc(N5CCCCC5)cc4)cc3)cc1)CC2,0,CHEMBL1771556
CHEMBL2332979,O=C1/C(=C/c2ccc(Cl)cc2)CN(C(=O)C[C@H]2C[C@H]3CCCN3[C@]23C(=O)Nc2ccccc23)C/C1=C\c1ccc(Cl)cc1,1,CHEMBL2332979
CHEMBL2332549,Cc1ccccc1/C=C1\CN(C(=O)C[C@H]2C[C@H]3CCCN3[C@]23C(=O)Nc2ccccc23)C/C(=C\c2ccccc2C)C1=O,1,CHEMBL2332549
CHEMBL2332548,O=C1/C(=C/c2ccccc2)CN(C(=O)C[C@H]2C[C@H]3CCCN3[C@]23C(=O)Nc2ccccc23)C/C1=C\c1ccccc1,1,CHEMBL2332548
CHEMBL454594,C=CC(=O)N1C/C(=C\c2ccc(C)cc2)C(=O)/C(=C/c2ccc(C)cc2)C1,1,CHEMBL454594
CHEMBL131825,CN(C(=O)Oc1ccc2c(c1)[C@]1(C)CCN(C)[C@@H]1N2C)c1ccccc1,0,CHEMBL131825
CHEMBL4166464,COc1ccc2c(c1)CCC(Cc1cc[n+](Cc3ccccc3Cl)cc1C(N)=O)C2=O,0,CHEMBL4166464
CHEMBL4165973,COc1ccc(C(=O)CCc2cc[n+](Cc3cccc(Cl)c3)cc2C(=O)O)cc1OC,0,CHEMBL4165973
CHEMBL4172353,COc1ccc2c(c1)CCC(Cc1cc[n+](Cc3ccc(Cl)cc3)cc1C(C)=O)C2=O,0,CHEMBL4172353
CHEMBL4167954,COc1ccc2c(c1)CCC(CC1C=CN(Cc3ccccc3C)C=C1C(N)=O)C2=O,1,CHEMBL4167954
CHEMBL64615,COc1cccc2c1Cc1c-2nc2ccccc2c1N,1,CHEMBL64615
CHEMBL33173,CCN1CC[C@@]2(C)c3cc(OC(=O)N[C@@H](C)c4ccccc4)ccc3CC12,1,CHEMBL33173
CHEMBL337494,C/C=C(\C)C(=O)N[C@@H]1[C@H](O)C2CC[C@H]3C4=CC[C@H]([C@H](C)N(C)C)[C@@]4(C)CC[C@@H]3[C@@]2(C)C[C@@H]1O,1,CHEMBL337494
CHEMBL4785000,COc1cccc2cc[n+](-c3cccc(C#N)c3)cc12,1,CHEMBL4785000
CHEMBL4785258,COc1ccccc1-[n+]1ccc2cccc(OC)c2c1,1,CHEMBL4785258
CHEMBL4791061,COc1cccc2cc[n+](-c3ccc(I)cc3F)cc12,1,CHEMBL4791061
CHEMBL4796157,COc1cccc2cc[n+](-c3ccccc3Br)cc12,1,CHEMBL4796157
CHEMBL1085029,CNC(=O)Nc1cccc2n1cc(-c1ccc(OC(=O)N(C)C)cc1)[n+]2C,1,CHEMBL1085029
CHEMBL4788885,COc1cccc2cc[n+](-c3cccc(Cl)c3)cc12,1,CHEMBL4788885
CHEMBL1083063,CC(=O)Nc1cccc2n1cc(-c1cccc(OC(=O)N(C)C)c1)[n+]2C,1,CHEMBL1083063
CHEMBL311017,CN1CCc2cc(C(=O)CCC3CCN(Cc4ccccc4)CC3)ccc21,0,CHEMBL311017
CHEMBL308807,O=C(CCC1CCN(Cc2cccc(F)c2)CC1)c1ccc2c(c1)CCN2,0,CHEMBL308807
CHEMBL306179,Cc1cccc(CN2CCC(CCC(=O)c3ccc4c(c3)CCN4)CC2)c1,0,CHEMBL306179
CHEMBL72967,COc1cccc(CN2CCC(CCC(=O)c3ccc4c(c3)NCCCC4)CC2)c1,0,CHEMBL72967
CHEMBL93936,c1ccc(CN2CCC(CCc3noc4cc(N5CCOCC5)ccc34)CC2)cc1,0,CHEMBL93936
CHEMBL1085386,CCCNC(=O)Oc1ccc2c(c1)C1CCN(CC)C1C2,1,CHEMBL1085386
CHEMBL1085630,CCCCCCCNC(=O)Oc1ccc2c(c1)C1CCN(CCC)C1C2,0,CHEMBL1085630
CHEMBL340609,CC(=O)N(CCC1CCN(Cc2ccccc2)CC1)c1ccc(F)cc1,0,CHEMBL340609
CHEMBL141622,O=C(Nc1cccc2c1C(=O)N(CCC1CCN(Cc3ccccc3)CC1)C2=O)c1ccccc1,0,CHEMBL141622
CHEMBL20339,CCN(CC)CCS/C(=N\O)c1nc(-c2ccccc2)no1,1,CHEMBL20339
CHEMBL349977,Clc1cccc2c1N=C1CCCCCN1C2,1,CHEMBL349977
CHEMBL4794354,CCCCCC[N+]1(C)CCN(c2ccc(/C=C3\Cc4cc(OC)c(OC)cc4C3=O)cc2)CC1,1,CHEMBL4794354
CHEMBL4068829,COc1ccc(CN(CC(=O)NC(C)C)C(=O)CCCCCn2cc[n+](C)c2/C=N\O)cc1,1,CHEMBL4068829
CHEMBL61180,C[N+](C)(Cc1ccccc1)Cc1cccc(O)c1,1,CHEMBL61180
CHEMBL1241427,CNC(=O)Oc1ccc2c(c1)[C@]1(C)CCN(C)[C@@H]1N2,0,CHEMBL1241427
CHEMBL555773,CCCCCCN(C)C(=O)Oc1ccc2c(c1)C(N)CC2,0,CHEMBL555773
CHEMBL4639105,COc1cc2cc(NC(=O)CCCNCc3ccccc3)c(=O)oc2cc1OC,0,CHEMBL4639105
CHEMBL1834070,CC1CCN(c2nccc(NC(c3ccccc3)c3ccccc3)n2)CC1,1,CHEMBL1834070
CHEMBL1834072,CC(C)C1CCN(c2nccc(NC(c3ccccc3)c3ccccc3)n2)CC1,1,CHEMBL1834072
CHEMBL1834075,CC(=O)N1CCN(c2nccc(NC(c3ccccc3)c3ccccc3)n2)CC1,1,CHEMBL1834075
CHEMBL1834078,OCCN1CCN(c2nccc(NC(c3ccccc3)c3ccccc3)n2)CC1,1,CHEMBL1834078
CHEMBL4758307,O/N=C/c1cc(Cl)cc(CN2CCN(c3ccncc3)CC2)c1O,1,CHEMBL4758307
CHEMBL163362,c1ccc2c(c1)CN1CCCCC1=N2,1,CHEMBL163362
CHEMBL5171946,CC(=O)N1N=C(c2ccc(-c3ccccc3)cc2)CC1c1ccc(C(=O)O)cc1,1,CHEMBL5171946
CHEMBL5208439,COc1ccc(OC)c(C2CC(c3ccc(-c4ccccc4)cc3)=NN2C(C)=O)c1,1,CHEMBL5208439
CHEMBL60074,COc1ccc(C(=O)COc2cccc([N+](C)(C)Cc3ccccc3)c2)cc1OC,0,CHEMBL60074
CHEMBL129837,CC(C)c1ccc(NC(=O)Oc2ccc3c(c2)[C@]2(C)CCN(C)[C@@H]2N3C)cc1,0,CHEMBL129837;CHEMBL332760
CHEMBL5192664,CCCCN(CCC1CCCCCC1)Cc1cn(OC(=O)N(C)C)c2ccccc12,0,CHEMBL5192664
CHEMBL294208,CC(C)c1ccc(NC(=O)Oc2ccc3c(c2)[C@]2(C)CCN(C)C2N3)cc1,1,CHEMBL294208
CHEMBL151225,C#CCNC1CCc2ccc(OC(=O)N(C)CC)cc2C1,1,CHEMBL151225
CHEMBL143290,CC1=CC2Cc3nc4cc(F)cc(F)c4c(N)c3C(C1)C2,0,CHEMBL143290
CHEMBL60379,CCN1CCC2CC1c1ccc(OC(=O)NC)cc12,0,CHEMBL60379
CHEMBL5194732,O=C(CCN1CCOCC1)Nc1n[nH]c2ncccc12,0,CHEMBL5194732
CHEMBL541620,C#CCNC1CCc2ccc(OC(=S)N(C)CC)cc21,1,CHEMBL541620
CHEMBL132030,Nc1c2c(nc3cccc(F)c13)CCCC2,0,CHEMBL132030
CHEMBL572453,CCN(CCCNC1=CC(=O)C(NCCCCCCNC(=O)CCCCC2CCSS2)=CC1=O)Cc1ccccc1OC,0,CHEMBL572453
CHEMBL275537,CN(C)Cc1ccc(CSCCCSCc2ccc(CN(C)C)o2)o1,0,CHEMBL275537
CHEMBL2160223,CCN(CC)CCOc1cccc(C(=O)c2c(-c3ccc(OCCCCCCCN(C)Cc4ccccc4)cc3)oc3ccccc23)c1,1,CHEMBL2160223
CHEMBL2160224,CCN(CC)CCOc1ccc(C(=O)c2c(-c3ccc(OCCCCCCCN(C)Cc4ccccc4)cc3)oc3ccccc23)cc1,1,CHEMBL2160224
CHEMBL2234829,CCOC(=O)C1=C(C)Oc2nc3c(c(N)c2[C@H]1c1cccnc1)CCCC3,1,CHEMBL2234829
CHEMBL441632,COc1cc2cc(C(=O)CCc3cc[n+](C)cc3)sc2cc1OC,0,CHEMBL441632
CHEMBL61930,Nc1c2c(nc3cc(Cl)c(Cl)cc13)CCCC2,0,CHEMBL61930
CHEMBL418643,O=[N+]([O-])c1ccc2nc3c(c(NCc4ccccc4)c2c1)CCCC3,1,CHEMBL418643
CHEMBL212374,CCCC(CC1(c2nnc(-c3ccc(=O)n(Cc4ccccc4)c3)o2)CCCC1)C(=O)O,1,CHEMBL212374
CHEMBL512096,CC1(C)CC(=O)C2=C(C1)Nc1nc3c(c(N)c1C2c1ccccc1)CCCC3,0,CHEMBL512096
CHEMBL572858,CSc1n[nH]c2nc3c(c(N)c12)C1CC(C)=CC(C3)C1,1,CHEMBL572858
CHEMBL4779180,O=c1cc(-c2ccc(OCCCCN3CCC(Cc4ccccc4)CC3)cc2)oc2cc(OCCCCN3CCC(Cc4ccccc4)CC3)cc(O)c12,0,CHEMBL4779180
CHEMBL4777818,O=c1cc(-c2ccc(OCCCCN3CCN(Cc4ccccc4)CC3)cc2)oc2cc(OCCCCN3CCN(Cc4ccccc4)CC3)cc(O)c12,1,CHEMBL4777818
CHEMBL4777899,O=C(/C=C/c1ccc(OCCCCN2CCCCC2)cc1)c1c(O)cc(OCCCCN2CCCCC2)cc1O,1,CHEMBL4777899
CHEMBL101028,CN(CCOCCNC(=S)Nc1ccc(OC(F)(F)F)cc1)Cc1ccccc1,1,CHEMBL101028
CHEMBL98497,CN(CCOCCNC(=O)Nc1ccc([N+](=O)[O-])cc1)Cc1ccccc1,1,CHEMBL98497
CHEMBL1084952,Nc1c2c(nc3ccccc13)-c1cc(Br)ccc1CC2,1,CHEMBL1084952
CHEMBL119390,CC1=C(C)c2nc3ccccc3c(N)c2C1,1,CHEMBL119390
CHEMBL124933,CNC(=O)Oc1cccc(CN(C)CCCCCCOc2ccc3c(=O)c4ccccc4oc3c2)c1,0,CHEMBL124933
CHEMBL91240,Cc1cc(=NCCC2CCN(Cc3ccccc3)CC2)[nH]nc1-c1ccccc1,0,CHEMBL1204299;CHEMBL91240
CHEMBL1083374,CNC(=O)Oc1cccc(CN(C)CCCOc2ccc3c(c2)O/C(=C\c2cc(O)c(O)c(O)c2)C3=O)c1,0,CHEMBL1083374
CHEMBL224202,O=C(/C=C/c1c[nH]c2ccccc12)NCCCCCCNc1c2c(nc3cc(Cl)ccc13)CCCC2,0,CHEMBL224202
CHEMBL426015,Cn1cc(C(=O)NCCCCCCCNc2c3c(nc4cc(Cl)ccc24)CCCC3)c2ccccc21,0,CHEMBL426015
CHEMBL1086007,O=C(CCOCCc1c[nH]c2ccccc12)NCCCCCNc1c2c(nc3cc(Cl)ccc13)CCCC2,0,CHEMBL1086007
CHEMBL1084545,O=C(CCOCCc1c[nH]c2ccccc12)NCCCCCCCNc1c2c(nc3cc(Cl)ccc13)CCCC2,0,CHEMBL1084545
CHEMBL188019,Oc1ccc(C2CC(c3ccccc3O)=Nc3ccccc3S2)cc1,1,CHEMBL188019
CHEMBL1952058,O/N=C/C1=NCCN1Cc1ccccc1,1,CHEMBL1952058
CHEMBL1952055,CN(C)C(/C=N/O)=N\Cc1ccccc1,1,CHEMBL1952055
CHEMBL609672,CC(C)NC(=O)Oc1ccc2c(c1)[C@]1(C)CCN(C)C1N2C,1,CHEMBL609672
CHEMBL1669481,c1ccc2c[n+](CCC[n+]3ccc4ccccc4c3)ccc2c1,1,CHEMBL1669481
CHEMBL4532623,COc1ccc(-c2cc(=O)c3cc(OC)c(O)c([C@@H]4CCC(=O)N4)c3o2)cc1,1,CHEMBL4532623
CHEMBL3093798,c1cc[n+](CCCCCCCCCCC[n+]2ccc3ccccc3c2)cc1,0,CHEMBL3093798
CHEMBL59628,Clc1ccc2c(NCc3ccccc3)c3c(nc2c1)CCCC3,0,CHEMBL59628
CHEMBL2413736,Cc1ccc2[nH]c(-c3ccc(OCCN4CCCCC4)cc3)nc2c1,0,CHEMBL2413736
CHEMBL2413734,CCN(CC)CCOc1ccc(-c2nc3cc(C)ccc3[nH]2)cc1,1,CHEMBL2413734
CHEMBL2413732,Cc1ccc2[nH]c(-c3ccc(O)cc3)nc2c1,1,CHEMBL2413732
CHEMBL2441677,COc1ccc(C(F)(F)F)c[n+]1CCCCCO,1,CHEMBL2441677
CHEMBL2441671,COc1cc2c(cc1OC)C[N+](C)(CCCCCc1cccc(OC)[n+]1C)CC2,0,CHEMBL2441671
CHEMBL1651249,O=C(CCC1CCN(Cc2ccc(O)cc2)CC1)c1cc2c3c(ccn3C(=O)CC2)c1,0,CHEMBL1651249
CHEMBL5632422,CC(=O)c1ccc(N/C=C/C(=O)c2cc3ccccc3o2)cc1,1,CHEMBL5632422
CHEMBL5632407,O=C(/C=C/Nc1cccc([N+](=O)[O-])c1)c1cc2ccccc2o1,0,CHEMBL5632407
CHEMBL5633342,Cc1cc(NS(=O)(=O)c2ccc(N/C=C/C(=O)c3cc4ccccc4o3)cc2)no1,0,CHEMBL5633342
CHEMBL4795992,Cn1c(=O)sc2cc(C(=O)CCN3CCN(Cc4ccccc4)CC3)ccc21,0,CHEMBL4795992
CHEMBL1651125,O=C(CCC1CCN(Cc2ccccc2)CC1)c1ccc2c(c1)NC(c1ccccc1)N2,0,CHEMBL1651125
CHEMBL4869398,COc1ccc(OC)c(C2CC(c3cc(F)ccc3F)=NN2c2ccc(S(N)(=O)=O)cc2)c1,0,CHEMBL4869398
CHEMBL3183075,CNC(=C[N+](=O)[O-])NCCSCc1csc(CN(C)C)n1,1,CHEMBL3183075
CHEMBL53623,Cc1ccccc1NC(=O)Oc1ccc2c(c1)[C@]1(C)CCNC1N2C,0,CHEMBL53623
CHEMBL357987,CC#CC(C)(C)OC[n+]1ccn(C)c1/C=N/O,1,CHEMBL357987
CHEMBL3925400,COc1cccc2c1C=[N+](c1ccccc1I)CC2,1,CHEMBL3925400
CHEMBL1669489,C(=C\C[n+]1ccc2ccccc2c1)/C[n+]1ccc2ccccc2c1,1,CHEMBL1669489
CHEMBL224433,CN(CCCCCCCOc1ccc2c(=O)c3ccccc3oc2c1)Cc1ccccc1,1,CHEMBL224433
CHEMBL1127,Nc1c2c(nc3ccccc13)CC(O)CC2,0,CHEMBL1127
CHEMBL4160912,COc1cc2c(cc1O)[C@@H]1[C@H](O)[C@@H](OC)C=C3CCN(C2)[C@H]31,1,CHEMBL4160912
CHEMBL4094591,COc1ccc2c(c1)CC(Cc1cc[n+](Cc3ccccc3C)cc1C(C)=O)C2=O,0,CHEMBL4094591
CHEMBL4081915,COc1cc2c(cc1OC)C(=O)C(Cc1cc[n+](Cc3ccccc3C)cc1C(C)=O)C2,0,CHEMBL4081915
CHEMBL4068713,COc1cc2c(cc1OC)CN(Cc1cccc(/C=N/O)c1O)CC2,1,CHEMBL4068713
CHEMBL214160,CCCC(CC1(C(=O)Nc2nncs2)CCCC1)C(=O)O,1,CHEMBL214160
CHEMBL1088155,c1cc[n+](CCCCCCC[n+]2ccccc2)cc1,1,CHEMBL1088155
CHEMBL1081125,c1cc[n+](Cc2cccc(C[n+]3ccccc3)c2)cc1,1,CHEMBL1081125
CHEMBL5573526,COc1cccc(Oc2ccc3nc4c(c(N)c3c2)CCC4)c1,1,CHEMBL5573526
CHEMBL205335,Cc1ccccc1NC(=O)Oc1ccc2c(c1)[C@@]1(C)CCO[C@H]1N2C,0,CHEMBL205335
CHEMBL381926,CCNC(=O)Oc1ccc2c(c1)[C@]1(C)CCO[C@@H]1N2C,0,CHEMBL381926
CHEMBL5440573,COc1cccc(/C=N/CCc2ccc(O)cc2)c1OCc1ccccc1,1,CHEMBL5440573
CHEMBL5430829,CCOc1ccc(CCN(CC)Cc2cccc(OC)c2OCc2ccccc2)cc1,1,CHEMBL5430829
CHEMBL130427,Nc1c2c(nc3cnccc13)CCCC2,1,CHEMBL130427
CHEMBL709,COc1cc2nc(N(C)CCCNC(=O)C3CCCO3)nc(N)c2cc1OC,0,CHEMBL709
CHEMBL83005,COc1cc2cc(C(=O)CC3(O)CC[N+](C)(Cc4ccccc4)CC3)sc2cc1OC,0,CHEMBL83005
CHEMBL80247,CN1c2ccc(OC(=O)Nc3ccccc3)cc2[C@]2(C)CCNC12,0,CHEMBL80247
CHEMBL5435367,COC1=CC(=O)c2c(cc3c4c(cc5c(c24)OCO5)CCN3C)C1=O,1,CHEMBL5435367
CHEMBL71994,CCN(CC)CCS/C(=N\O)c1nc(Cc2ccccc2)no1,1,CHEMBL71994
CHEMBL54864,Cc1ccccc1NC(=O)Oc1ccc2c(c1)[C@]1(C)CCNC1N2,0,CHEMBL54864
CHEMBL3597939,O=C(C[n+]1ccc(/C=N/O)cc1)Nc1nccs1,1,CHEMBL3597939
CHEMBL3765476,N#CC1=C(N)N(Cc2ccccc2)C(NCc2ccccc2)=C([N+](=O)[O-])C12C(=O)Nc1ccc([N+](=O)[O-])cc12,1,CHEMBL3765476
CHEMBL2234516,CC1(C)CC(=O)C2=C(C1)Oc1nc3c(c(N)c1[C@H]2c1ccccc1)CCCC3,1,CHEMBL2234516
CHEMBL553498,C#CCNC1CCc2ccc(OC(=O)NCC)cc21,1,CHEMBL553498
CHEMBL2093014,C#CCN[C@H]1CCc2ccc(OC(=O)N(C)CC)cc21,1,CHEMBL2093014
CHEMBL342394,CO[C@H]1CC[C@@]2(C)C(=CC[C@H]3[C@@H]4CC[C@H]([C@H](C)N(C)C)[C@@]4(C)CC[C@@H]32)C1,1,CHEMBL342394
CHEMBL338755,CN(CCCNc1c2c(nc3ccccc13)CCCC2)CCCNc1c2c(nc3ccccc13)CCCC2,0,CHEMBL338755
CHEMBL313809,COc1cc2cc(C(=O)C=C3CC[N+](C)(Cc4ccccc4)CC3)sc2cc1OC,0,CHEMBL313809
CHEMBL1819173,c1ccc2c(NCCCCCCCCCCN3CCOCC3)c3c(nc2c1)CCCC3,0,CHEMBL1819173
CHEMBL11298,N[C@@H](CO)C(=O)O,1,CHEMBL11298
CHEMBL213944,CCCC(CC1(C(=O)Nc2ccc(=O)n(Cc3ccccc3)c2)CCCC1)C(=O)O,1,CHEMBL213944
CHEMBL211897,CCCNc1ccnc(NC(=O)C2(CC(CCC)C(=O)O)CCCC2)n1,1,CHEMBL211897
CHEMBL377431,CCCC(CC1(C(=O)N[C@H](CO)Cc2ccccc2)CCCC1)C(=O)O,1,CHEMBL377431
CHEMBL211450,CCC[C@@H](CC1(C(=O)Nc2nnc(C)s2)CCCC1)C(=O)O,1,CHEMBL211450
CHEMBL1770551,O=C1C=C(NCCCCCCNCc2cc3ccccc3o2)C(=O)C=C1NCCCCCCNCc1cc2ccccc2o1,1,CHEMBL1770551
CHEMBL335133,C[C@@H]([C@H]1CC[C@H]2[C@@H]3CC[C@H]4C(=O)C(NC(=O)c5ccccc5)=CC[C@]4(C)[C@H]3CC[C@]12C)N(C)C,1,CHEMBL335133
CHEMBL61506,O=[N+]([O-])c1ccc2c(NCc3ccccc3)c3c(nc2c1)CCCC3,1,CHEMBL61506
CHEMBL370561,COc1cc2cc[n+](C)c3c2c(c1OC)C(Br)OC3=O,1,CHEMBL370561
CHEMBL206093,Cc1ccccc1NC(=O)Oc1ccc2c(c1)[C@@]1(C)CCO[C@H]1O2,0,CHEMBL206093
CHEMBL2332543,Cc1ccccc1/C=C1\CN(C(=O)C[C@H]2C[C@H]3CCCN3[C@]23C(=O)Nc2ccccc23)C[C@@]2(C[C@H]3CCCN3[C@@]23C(=O)Nc2ccccc23)C1=O,1,CHEMBL2332543
CHEMBL134061,O=C(N1CCOCC1)n1nc(-c2ccc(Cl)cc2)nc1SCC(F)(F)F,1,CHEMBL134061
CHEMBL456881,O=c1c2ccccc2nc2n1CCC2,1,CHEMBL456881
CHEMBL1082978,c1ccc(CCNc2ccnc(N3CCCC3)n2)cc1,1,CHEMBL1082978
CHEMBL1766142,Clc1ccc(CN2CCN(c3nccc(NCc4ccccc4)n3)CC2)cc1,1,CHEMBL1766142
CHEMBL185976,COc1cc2cc(C(=O)C3CC[N+](C)(Cc4ccccc4)CCC3OC)sc2cc1OC,0,CHEMBL185976
CHEMBL364585,COc1cc2cc(C(=O)C3CCC[N+](C)(CC(=O)OC(C)(C)C)CC3)sc2cc1OC,0,CHEMBL364585
CHEMBL366114,COc1cc2c(cc1OC)SC(C(=O)CCc1cc[n+](C)cc1)C2,0,CHEMBL366114
CHEMBL192682,O=C(CCCCC1CCSS1)NCCNc1c2c(nc3ccccc13)CCCC2,0,CHEMBL192682
CHEMBL278963,O=C(CCCCC1CCSS1)NCCCCCCNc1c2c(nc3ccccc13)CCCC2,0,CHEMBL278963
CHEMBL372262,CCOC(=O)c1c(C)c(N2CCN(C)CC2)nc2ccccc12,1,CHEMBL372262
CHEMBL1385,COc1ccc2c3c1O[C@H]1C[C@@H](O)C=C[C@@]31CCNC2,1,CHEMBL1385
CHEMBL62210,CC(=O)Oc1ccc([N+](C)(C)Cc2ccccc2)cc1,1,CHEMBL62210
CHEMBL5205006,Cc1cccc2sc(NC(=O)CCN3CCN(CCN(C(C)C)C(C)C)CC3)nc12,0,CHEMBL5205006
CHEMBL5194728,O=C(Cn1nc2ncccc2c1NC(=O)Cn1nc2ncccc2c1NC(=O)CN1CCN(Cc2ccccc2)CC1)Nc1[nH]nc2ncccc12,1,CHEMBL5194728
CHEMBL5188928,Cc1ccc2nc3c(c(NCCN4CCCCC4)c2c1)CCCC3,1,CHEMBL5188928
CHEMBL450990,CCN(CCCCCCN1CCN(CCCCCCN(CC)Cc2ccccc2OC)C(=O)C1=O)Cc1ccccc1OC,0,CHEMBL450990
CHEMBL450506,CCN(CCCCCC(=O)N[C@H]1CCCC[C@@H]1NC(=O)CCCCCN(CC)Cc1ccccc1OC)Cc1ccccc1OC,1,CHEMBL450506
CHEMBL4748948,COc1cc(/C=C/C(=O)N2CCCCC2)ccc1OC(=O)N(C)C,1,CHEMBL4748948
CHEMBL241762,COc1ccccc1N(C)C(=O)Oc1ccc(Oc2ccc(C(F)(F)F)cn2)cc1,1,CHEMBL241762
CHEMBL348607,CCCCNC(=O)Oc1ccc2c(c1Br)c1c(n2C)/C(=N\C)CC1,1,CHEMBL348607
CHEMBL339297,COc1nn(-c2ccc(NC(=O)c3ccc(C(C)(C)C)cc3)cc2)c(=O)o1,1,CHEMBL339297
CHEMBL188011,COC(=O)c1ccc(C[n+]2ccc(CCC(=O)C3Cc4cc(OC)c(OC)cc4S3)cc2)cc1,1,CHEMBL188011
CHEMBL540131,CC[N+](CC)(CC)CCOc1ccc(C(=O)NCCCCCC(=O)NNc2c3c(nc4cc(Cl)ccc24)CCCC3)cc1,0,CHEMBL540131
CHEMBL445916,CCCn1c2c(c3c(Br)c(OC(=O)NC)ccc31)CC/C2=N/CC,0,CHEMBL445916
CHEMBL479291,[O-]c1cc2c3c(c1)c1cc4c(cc1c[n+]3CC2)OCO4,1,CHEMBL479291
CHEMBL1788254,C#CCN(C)[C@H](C)Cc1cccc(OC(=O)N(C)C2CCCCC2)c1,1,CHEMBL1788254
CHEMBL357953,C#CC(C)NCCc1cccc(OC(=O)N(C)CC)c1,1,CHEMBL357953
CHEMBL554452,CN(C)C(=O)Oc1cccc2c1CCC2N,0,CHEMBL554452
CHEMBL2332534,O=C(C[C@H]1C[C@H]2CCCN2[C@]12C(=O)Nc1ccccc12)N1C/C(=C\c2ccccc2Cl)C(=O)[C@]2(C[C@H]3CCCN3[C@@]23C(=O)Nc2ccccc23)C1,1,CHEMBL2332534
CHEMBL544396,CCN(C)C(=O)Oc1cccc2c1CCC2N,0,CHEMBL544396
CHEMBL459684,O=C1C2=C(CCCC2)S(=O)(=O)N1c1ncc(F)cc1F,1,CHEMBL459684
CHEMBL130112,CSc1nc(-c2ccc(C)cc2)nn1C(=O)N(C)c1ccccc1,1,CHEMBL130112
CHEMBL4078305,O=C(CC[C@H](NC(=O)c1ccccc1)C(=O)O)NCCC1CCN(Cc2ccccc2)CC1,0,CHEMBL4078305
CHEMBL4080691,CCOC(=O)[C@H](CCC(=O)NCCC1CCN(Cc2ccccc2)CC1)NC(=O)c1ccc2cc(OC)ccc2c1,0,CHEMBL4080691
CHEMBL64633,CCCCCCNC(=O)Oc1ccc2c(c1)C1(C)CCN(CC)C2C1,0,CHEMBL64633
CHEMBL158174,Cc1ccccc1CN1CCC(C)CC1,0,CHEMBL158174
CHEMBL136611,CN[C@@H](C)C1=CC[C@H]2[C@@H]3CC=C4C[C@@H](OC)CC[C@]4(C)[C@H]3CC[C@]12C,1,CHEMBL136611
CHEMBL491562,CN(Cc1ccccc1)Cc1ccc(C(=O)c2ccc3ccccc3c2)cc1,1,CHEMBL491562
CHEMBL491527,C#CCN(C)Cc1ccc(C(=O)c2ccc(OC)c(OC)c2)cc1,1,CHEMBL491527
CHEMBL523311,CCN(CC)Cc1ccc(C(=O)c2ccc(OC)c(OC)c2)cc1,1,CHEMBL523311
CHEMBL4517373,Nc1cccc(Cl)c1Oc1ccc(CNc2ccccc2)cc1,1,CHEMBL4517373
CHEMBL347539,CNC(NCCNCc1ccc(CN2CCCC2)o1)=C(C#N)C#N,0,CHEMBL347539
CHEMBL334971,CCSc1nc(-c2ccc(OC)cc2)nn1C(=O)N(C)c1ccccc1,1,CHEMBL334971
CHEMBL337486,CCCCCCSc1nc(-c2ccc(Cl)cc2)nn1C(=O)N1CCOCC1,1,CHEMBL337486
CHEMBL424833,O=C(CCCCC1CCSS1)NCCCCNc1c2c(nc3ccccc13)CCCC2,0,CHEMBL424833
CHEMBL513279,COc1cc(OCC=C(C)C)c2ccc(=O)oc2c1,1,CHEMBL513279
CHEMBL481658,CC(C)=CC(=O)O[C@H]1Cc2cc3ccc(=O)oc3cc2OC1(C)C,1,CHEMBL481658
CHEMBL392100,O=C(Oc1ccc(Oc2ccc(C(F)(F)F)cn2)cc1)N1CCc2ccccc21,1,CHEMBL392100
CHEMBL392099,O=C(Oc1ccc(Oc2ccc(C(F)(F)F)cn2)cc1)N1Cc2ccccc2C1,1,CHEMBL392099
CHEMBL542360,CN(C)CCS/C(=N\O)C(=O)c1ccc(Cl)cc1,1,CHEMBL542360
CHEMBL292788,CN1CC[C@@]2(C)c3cc(OC(=O)NCCN4CCOCC4)ccc3N(C)[C@@H]12,0,CHEMBL292788
CHEMBL4093946,COc1cc(/C=C/c2ccc3ccccc3[n+]2C)ccc1N1CCN(C)CC1,1,CHEMBL4093946
CHEMBL4080358,CCN(CC)c1ccc(/C=C/c2ccc3ccccc3[n+]2C)c(Cl)c1,0,CHEMBL4080358
CHEMBL3425891,COc1cc(/C=C/c2ccc3ccccc3[n+]2C)cc(OC)c1OC,1,CHEMBL3425891
CHEMBL4086383,COc1cc(/C=C/c2cc(N3CCN(C)CC3)c3ccccc3[n+]2C)ccc1N1CCN(C)CC1,1,CHEMBL4086383
CHEMBL4292192,CCN(CC)c1ccc(/C=C/c2cc(N3CCCCC3)c3ccccc3n2)cc1,1,CHEMBL4292192
CHEMBL4238937,COC(=O)/C=C(\C(=O)OC)N1CCc2oc3ccc(Br)cc3c(=O)c2C1,1,CHEMBL4238937
CHEMBL4250510,CCOc1cccc2c(=O)c3c(oc12)CCN(C)C3,1,CHEMBL4250510
CHEMBL383242,COc1ccc(CC2=[N+](C)CCc3cc(OC)c(OC)cc32)cc1OC,1,CHEMBL383242
CHEMBL382207,CC(C)c1ccc(NC(=O)Oc2ccc3c(c2)[C@]2(C)CCO[C@@H]2N3C)cc1,1,CHEMBL382207
CHEMBL205231,CNC(=O)Oc1ccc2c(c1)[C@]1(C)CCO[C@@H]1N2C,0,CHEMBL205231
CHEMBL378404,Cc1ccccc1NC(=O)Oc1ccc2c(c1)[C@@]1(C)CO[C@H](C1)O2,0,CHEMBL378404
CHEMBL4085738,COc1ccc(C2c3ccc4cccnc4c3Oc3nc4c(c(N)c32)CCCC4)cc1,1,CHEMBL4085738
CHEMBL371276,COc1cc2ccnc3c2c(c1OC)COC3=O,1,CHEMBL371276
CHEMBL3216208,COc1cc2c(cc1OC)CC(CC1CCN(CCNc3c4c(nc5ccccc35)CCCC4)CC1)C2,0,CHEMBL3216208
CHEMBL4168934,CN1CCc2cc3c(cc2C1=O)OCO3,1,CHEMBL4168934
CHEMBL4163761,CC1(c2nccc3cc4c(cc23)OCO4)OC(O)c2c1ccc1c2OCO1,1,CHEMBL4163761
CHEMBL4175494,CO[C@H]1O[C@](C)(c2nccc3cc4c(cc23)OCO4)c2ccc3c(c21)OCO3,1,CHEMBL4175494
CHEMBL33161,CCN1CC[C@@]2(C)c3cc(OC(=O)Nc4ccccc4)ccc3CC12,0,CHEMBL33161
CHEMBL3970993,COc1cccc2c1C=[N+](c1ccccc1Cl)CC2,1,CHEMBL3970993
CHEMBL3916407,COc1cccc2c1C=[N+](c1cccc(Br)c1)CC2,1,CHEMBL3916407
CHEMBL3920563,COc1cccc2c1C=[N+](c1cccc(C#N)c1)CC2,1,CHEMBL3920563
CHEMBL4073582,Cc1ccc2c(c1)C(=O)C(=O)N2C(=O)c1ccccc1,1,CHEMBL4073582
CHEMBL4082959,O=C1C(=O)N(Cc2ccccc2[N+](=O)[O-])c2ccc(Br)cc21,0,CHEMBL4082959
CHEMBL1668333,CC(C)=CC(=O)C[C@H](C)c1ccc(C)cc1,1,CHEMBL1668333
CHEMBL1903032,CCOc1ccc(-n2c(SCc3nc(-c4ccccc4C)no3)nnc2-c2ccccc2)cc1,1,CHEMBL1903032
CHEMBL4166300,COc1cc2c(cc1OC)C(=O)/C(=C/C1CCN(Cc3cc(N)c4ccccc4n3)CC1)C2,0,CHEMBL4166300
CHEMBL449467,CCN(CCCCCCN1CC(=O)N(CCCCCCN(CC)Cc2ccccc2OC)CC1=O)Cc1ccccc1OC,0,CHEMBL449467
CHEMBL254016,CCN(CCCCCC(=O)N1CCC(C2CCN(C(=O)CCCCCN(CC)Cc3ccccc3OC)CC2)CC1)Cc1ccccc1OC,0,CHEMBL222904;CHEMBL254016
CHEMBL4168037,COc1ccc2c(c1)CCC(Cc1cc[n+](Cc3ccccc3F)cc1C(C)=O)C2=O,0,CHEMBL4168037
CHEMBL4162015,COc1cc2c(cc1OC)C(=O)C(Cc1cc[n+](Cc3ccccc3)cc1C(C)=O)CC2,0,CHEMBL4162015
CHEMBL4170614,COc1ccc2c(c1)CCC(CC1C=CN(Cc3cccc(C)c3)C=C1C(C)=O)C2=O,1,CHEMBL4170614
CHEMBL4101303,COc1cc2c(cc1OC)C(=O)C(CC1C=CN(Cc3cccc(Cl)c3)C=C1C(N)=O)C2,1,CHEMBL4101303
CHEMBL209392,N#Cc1ccccc1-c1ccc(CN2CCN(C(c3ccc(F)cc3)c3ccc(F)cc3)CC2)cc1,0,CHEMBL209392
CHEMBL4293305,O=C(O)c1sc(-c2ccnc(NC(=O)C3CC3)c2)nc1OCCNc1c2c(nc3ccccc13)CCCC2,0,CHEMBL4293305
CHEMBL151507,C#CCCCC[n+]1ccn(C)c1/C=N/O,1,CHEMBL151507
CHEMBL1257997,CCNc1c2c(nc3ccc(OC)cc13)CCCC2,1,CHEMBL1257997
CHEMBL4177075,CN(C)C(=O)Oc1cccc2c1cc(C(=O)N(C)C)c[n+]2C,0,CHEMBL4177075
CHEMBL4161805,Cc1c(C(=O)N(C)C)c(C)[n+](C)c2cccc(OC(=O)N(C)C)c12,1,CHEMBL4161805
CHEMBL4171284,Nc1c2c(nc3c1C(c1ccccc1)NC(=S)N3)CCCC2,1,CHEMBL4171284
CHEMBL4160908,COc1ccccc1C1NC(=S)Nc2nc3c(c(N)c21)CCCC3,1,CHEMBL4160908
CHEMBL4168179,Nc1c2c(nc3c1C(c1ccc4c(c1)OCO4)NC(=S)N3)CCCC2,1,CHEMBL4168179
CHEMBL4176034,CN(C)c1ccc(C2NC(=S)Nc3nc4c(c(N)c32)CCCC4)cc1,1,CHEMBL4176034
CHEMBL24519,C[C@]12CC[C@H](O)[C@@](C)(CO)C1C[C@H](O)[C@@]1(C)Oc3cc(-c4ccncc4)oc(=O)c3C(=O)C21,1,CHEMBL24519
CHEMBL3764900,N#CC1=C(N)N2CCCNC2=C([N+](=O)[O-])C12C(=O)c1cccc3cccc2c13,1,CHEMBL3764900
CHEMBL4090842,COc1ccc(CN(CC(=O)NC(C)C)C(=O)CCCCCn2ccnc2/C=N/O)cc1,1,CHEMBL4090842
CHEMBL4059560,COc1ccc(CN(CC(=O)NCc2ccccc2)C(=O)CCCCCn2cc[n+](C)c2/C=N\O)cc1,1,CHEMBL4059560
CHEMBL4081509,CCCCN(CC(=O)NCc1ccccc1)C(=O)CCCCCn1cc[n+](C)c1/C=N\O,1,CHEMBL4081509
CHEMBL4066309,Oc1cc(O)cc(CCc2ccc(Nc3c4c(nc5cc(Cl)ccc35)CCCC4)cc2)c1,1,CHEMBL4066309
CHEMBL4065799,COc1cc(/C=C/C(=O)Nc2ccccc2)ccc1OCCCN(C)C,1,CHEMBL4065799
CHEMBL4102718,CCN(CC)CCCCOc1ccc(/C=C/C(=O)Nc2ccccc2)cc1OC,1,CHEMBL4102718
CHEMBL270248,CCN(Cc1ccccc1)Cc1ccc(-c2cc3ccc(OCCNC(=O)/C=C/c4ccc(Cl)c(Cl)c4)cc3oc2=O)cc1,1,CHEMBL270248
CHEMBL26125,CCN(Cc1ccccc1)Cc1ccc(-c2cc3ccc(OCCNC(=O)Cc4cc(F)cc(F)c4)cc3oc2=O)cc1,0,CHEMBL26125
CHEMBL4438626,O=C(CCCNc1c2c(nc3cc(Cl)ccc13)CCCC2)NC12CC3CC(F)(CC(C1)c1ccccc13)C2,0,CHEMBL4438626
CHEMBL32768,CCCCCCCCOC[n+]1ccn(C)c1/C=N/O,1,CHEMBL32768
CHEMBL13214,CN(C)Cc1ccc(CSCCNC(=O)NCCSCc2ccc(CN(C)C)o2)o1,1,CHEMBL13214
CHEMBL260964,O=C(CO/N=[N+](\[O-])N1CCCC1)NCCCCNc1c2c(nc3ccccc13)CCCC2,0,CHEMBL260964
CHEMBL407320,O=[N+]([O-])OCCCNCCCCNc1c2c(nc3ccccc13)CCCC2,0,CHEMBL407320
CHEMBL277984,O=[N+]([O-])OCCNCCCCNc1c2c(nc3ccccc13)CCCC2,0,CHEMBL277984
CHEMBL2181437,COc1cc2c(cc1OC)C(c1ccccc1)N(CCCCCc1ccnc(/C=N/O)c1O)CC2,1,CHEMBL2181437
CHEMBL213281,CCc1nnc(NC(=O)C2(CC(CCC(C)C)C(=O)O)CCCC2)s1,1,CHEMBL213281
CHEMBL386053,CCCC(CC1(C(=O)NCc2ccc3c(c2)OCO3)CCCC1)C(=O)O,1,CHEMBL386053
CHEMBL277665,C[C@]12CC[C@H](O)[C@@](C)(CO)C1C[C@H](O)[C@@]1(C)Oc3cc(-c4ccccc4)oc(=O)c3C(=O)C21,1,CHEMBL277665
CHEMBL134488,COc1ccccc1CNCCCCCC(=O)NCCCCCCCCNC(=O)CCCCCNCc1ccccc1OC,1,CHEMBL134488
CHEMBL294891,C/C=C1\C2C=C(C(F)(F)F)CC1(N)c1ccc(O)nc1C2,0,CHEMBL294891
CHEMBL190528,CNC(=O)Oc1cccc(CN(C)CCCCCCCOc2ccc3c(c2)O/C(=C\c2cc(OC)c(OC)c(OC)c2)C3=O)c1,0,CHEMBL190528
CHEMBL150156,C#CCCCC[n+]1cn(C)c(/C=N/O)n1,1,CHEMBL150156
CHEMBL2375481,COc1ccc(-c2nnc3sc(-c4ccoc4)nn23)cc1,1,CHEMBL2375481
CHEMBL2380667,O=C1/C(=C/c2cccc3ccccc23)CN(C(=O)[C@H]2C[C@H]3CCCN3[C@]23C(=O)Nc2cc(Cl)ccc23)C/C1=C\c1cccc2ccccc12,1,CHEMBL2380667
CHEMBL1782071,CCN1C[C@]2(C)[C@H](CC=C3C[C@H]4C(=O)C[C@]5(C)[C@@H]([C@H](C)N(C)C)[C@H](O)C[C@@]5(C)[C@@H]4CC[C@H]32)N=C1C(C)C,1,CHEMBL1782071
CHEMBL584603,CCC1=CC2Cc3nc4ncccc4c(N)c3C(C1)C2,0,CHEMBL584603
CHEMBL584003,CCC1=CC2Cc3nc4oc(C5CC5)nc4c(N)c3C(C1)C2,1,CHEMBL584003
CHEMBL576384,CCCSc1nc2nc3c(c(N)c2s1)C1CC(CC)=CC(C3)C1,1,CHEMBL576384
CHEMBL583920,CC1=CC2Cc3nc4cc(Cl)ccc4c(NCCO)c3C(C1)C2,0,CHEMBL583920
CHEMBL4872387,COc1ccc(OC)c(C2CC(c3cc(F)cc(F)c3)=NN2c2ccc(S(N)(=O)=O)cc2)c1,0,CHEMBL4872387
CHEMBL4864555,COc1ccc(C2CC(c3cc(F)cc(F)c3)=NN2c2ccc(S(N)(=O)=O)cc2)cc1OC,0,CHEMBL4864555
CHEMBL5278007,COc1ccc(-c2cc(=O)c3ccc(OCCN4CCC(C)CC4)cc3o2)cc1,0,CHEMBL5278007
CHEMBL5286597,CCN(CC)CCCCOc1cc(O)c2c(=O)c(-c3ccc(O)cc3)coc2c1,0,CHEMBL5286597
CHEMBL345241,CC1CCN(CC2CCCCC2)CC1,0,CHEMBL345241
CHEMBL376011,Oc1ccc2[nH]c3cnccc3c2c1,1,CHEMBL376011
CHEMBL376012,Cc1nccc2c1[nH]c1ccc(O)cc12,1,CHEMBL376012
CHEMBL220959,COc1ccc2c(c1)c1cc[n+](C)c(C)c1n2C,1,CHEMBL220959
CHEMBL5413217,CNCCCN1C(=O)CSC1c1ccc(Cl)cc1Cl,1,CHEMBL5413217
CHEMBL2011496,CC1=CC2Cc3nc4cc(Cl)ccc4c(NCCCCCCCCNc4c5c(nc6cc(Cl)ccc46)CCCC5)c3C(C1)C2,0,CHEMBL2011496;CHEMBL539599
CHEMBL5398421,COc1cc(O)c2c(c1)C(=O)c1cc(O)c(O)cc1CCN2,1,CHEMBL5398421
CHEMBL3597000,CCOC(=O)C1=C(Nc2ccccc2)C[C@@H](c2ccccc2)N(c2ccccc2)[C@@H]1c1ccccc1,1,CHEMBL3597000
CHEMBL3597005,COC(=O)C1=C(Nc2ccc(Br)cc2)C[C@@H](c2ccc(C)cc2)N(c2ccc(Br)cc2)[C@@H]1c1ccc(C)cc1,1,CHEMBL3597005
CHEMBL3597008,CCOC(=O)C1=C(Nc2ccc(OC)cc2)C[C@@H](c2ccc(C)cc2)N(c2ccc(OC)cc2)[C@@H]1c1ccc(C)cc1,1,CHEMBL3597008
CHEMBL3597055,COC(=O)C1=C(Nc2ccc(F)cc2)C[C@@H](c2ccccc2)N(c2ccc(F)cc2)[C@@H]1c1ccccc1,1,CHEMBL3597055
CHEMBL4445907,O=C(CNc1ccc2oc(=O)ccc2c1)c1ccccc1,0,CHEMBL4445907
CHEMBL4515881,O=C(CNc1ccc(F)cc1)Nc1ccc2oc(=O)ccc2c1,0,CHEMBL4515881
CHEMBL3586199,CC(=O)O[C@H]1CC[C@@]2(C)[C@@H](CC[C@@]3(C)C[C@@]4(O)CC[C@H]5C(C)(C)[C@@H](OC(C)=O)CC[C@]5(C)[C@H]4CC[C@@H]32)C1(C)C,0,CHEMBL3586199
CHEMBL3585374,Cc1ccc2[nH]c3c(c2c1)CN(CCCCCCN1CCc2[nH]c4ccc(C)cc4c2C1)CC3,0,CHEMBL3585374
CHEMBL3582223,c1ncc(-c2cc3c(cn2)[nH]c2ncc(-c4ccc(CN5CCCCC5)cc4)cc23)o1,0,CHEMBL3582223
CHEMBL572532,CCN(CCCCCCNC1=CC(=O)C(NCCCNC(=O)CCCCC2CCSS2)=CC1=O)Cc1ccccc1OC,0,CHEMBL572532
CHEMBL27675,C[n+]1ccn(COCCS(C)(=O)=O)c1/C=N/O,1,CHEMBL27675
CHEMBL336398,O=C(N1CCCCC1)n1nc(-c2ccc(Cl)cc2)nc1SCC1CC1,0,CHEMBL336398
CHEMBL178294,Cc1ccccc1NC(=O)Oc1ccc2c(c1)C1(C)COC(C1)O2,0,CHEMBL178294
CHEMBL50608,Nc1cc(-c2ccccc2)nc2ccccc12,1,CHEMBL50608
CHEMBL604478,C/C=C1\[C@H]2C=C(C)C[C@]1(/N=C/c1ccc(O)c(OC)c1)c1ccc(=O)[nH]c1C2,0,CHEMBL604478
CHEMBL605303,C/C=C1\[C@H]2C=C(C)C[C@]1(/N=C/c1ccc(O)c(OCC)c1)c1ccc(=O)[nH]c1C2,0,CHEMBL605303
CHEMBL3925211,COc1ccc([N+]2=Cc3c(cccc3OC)CC2)cc1,1,CHEMBL3925211
CHEMBL3953893,COc1cccc2c1C=[N+](c1cc(Cl)cc(Cl)c1)CC2,1,CHEMBL3953893
CHEMBL12941,CN(C)Cc1ccc(CSCCNC(=O)CSCc2ccc(CN(C)C)o2)o1,1,CHEMBL12941
CHEMBL345849,N#CC(C#N)=C1NCCN1CCNCc1ccc(CN2CCC(O)CC2)o1,0,CHEMBL345849
CHEMBL165304,c1ccc2c(c1)CN1CCCCCC1=N2,1,CHEMBL165304
CHEMBL188274,CNC(=O)Oc1cccc(C(C)N(C)C)c1,0,CHEMBL188274
CHEMBL4756653,CCCCCCCCCCCCCCCCc1cc[n+](C)cc1C(=O)[O-],1,CHEMBL4756653
CHEMBL337714,CSc1nc(-c2ccc(C(F)(F)F)cc2)nn1C(=O)N(C)C,0,CHEMBL337714
CHEMBL133897,CCOc1nn(-c2cccc(OCc3ccccc3)c2)c(=O)o1,0,CHEMBL133897
CHEMBL422459,C[N+](C)(C)c1cccc(O)c1,0,CHEMBL422459
CHEMBL147213,CC(CC(C)(C)C)OC[n+]1ccn(C)c1/C=N/O,1,CHEMBL147213
CHEMBL156710,COc1cc(C)cc(OC)c1OC,1,CHEMBL156710
CHEMBL261855,Cc1ccc2[nH]c3ccncc3c2c1,1,CHEMBL261855
CHEMBL4873119,Oc1ccc(CN2CCC(c3cc4ccccc4o3)CC2)cc1,1,CHEMBL4873119
CHEMBL4865381,O=C(c1ccccc1)c1c(C2CCN(Cc3ccccc3)CC2)oc2ccccc12,1,CHEMBL4865381
CHEMBL4848309,COc1ccc(CN2CCC(c3oc4ccccc4c3C(=O)c3ccccc3)CC2)cc1OC,1,CHEMBL4848309
CHEMBL4857748,COc1ccc(C(=O)c2c(C3CCN(Cc4cc(OC)ccc4OC)CC3)oc3ccccc23)cc1,1,CHEMBL4857748
CHEMBL2425407,O=C(NNC=C1C(=O)NC(=S)NC1=O)Nc1ccccc1,1,CHEMBL2425407
CHEMBL196699,COc1cc2ccnc3c2c(c1OC)COC3(O)CC(O)CO,1,CHEMBL196699
CHEMBL4740081,CCN(CC)C(=O)Oc1ccc(/C=C/C(=O)N2CCN(Cc3ccccc3)CC2)cc1OC,1,CHEMBL4740081
CHEMBL4745075,COc1cc(/C=C/C(=O)N2CCc3ccccc3C2)ccc1OC(=O)N(c1ccccc1)c1ccccc1,1,CHEMBL4745075
CHEMBL195179,O=C(CCCCC1CCSS1)NCCCNc1c2c(nc3ccccc13)CCCC2,0,CHEMBL195179
CHEMBL2234529,CCOC(=O)C1=C(C)Nc2nc3c(c(N)c2[C@H]1c1ccc([N+](=O)[O-])cc1)CCCC3,0,CHEMBL2234529
CHEMBL2234520,CC1(C)CC(=O)C2=C(C1)Oc1nc3c(c(N)c1[C@H]2c1ccc([N+](=O)[O-])cc1)CCCC3,1,CHEMBL2234520
CHEMBL4859041,O=C(CC1CCN(Cc2ccc(F)cc2)CC1)Nc1n[nH]c2cc(-c3cccnc3)ccc12,0,CHEMBL4859041
CHEMBL4763394,O/N=C/c1cc(Cl)cc(CNc2ccc(N3CCOCC3)c(F)c2)c1O,1,CHEMBL4763394
CHEMBL4747836,COc1cc2c(cc1OCc1ccccc1)CCC(C)(CC(=O)NCCCCCCCCNc1c3c(nc4cc(Cl)ccc14)CCCC3)O2,0,CHEMBL4747836
CHEMBL294674,C=C(C)C[N+](C)(C)c1ccccc1O,1,CHEMBL294674
CHEMBL3597556,CN(Cc1ccccc1)Cc1ccc(/C=C2\CCc3cc(OCCCCCN4CCN(Cc5ccc(F)cc5)CC4)ccc3C2=O)cc1,1,CHEMBL3597556
CHEMBL5077963,COc1ccc(C(=O)O[C@H]2C=C3[C@H]4CN(Cc5cc6c(cc54)OCO6)[C@H]3C[C@@H]2OC)cc1,1,CHEMBL5077963
CHEMBL3343712,CCN(C)c1ccc(/C=C2\Cc3cc(OC)c(OCCN4CCCCC4)cc3C2=O)cc1,0,CHEMBL3343712
CHEMBL442813,CC(C)(O)[C@@H]1Cc2cc3ccc(=O)oc3cc2O1,1,CHEMBL442813
CHEMBL303846,CC1(C)C=Cc2cc3ccc(=O)oc3cc2O1,1,CHEMBL303846
CHEMBL363391,Nc1c2c(nc3cc(Cl)ccc13)CC(CNC(=O)CCCCC1CCSS1)CC2,1,CHEMBL363391
CHEMBL174228,CCN(CCCCCC(=O)N(C)CCCCCCCCN(C)C(=O)CCCCCN(CC)Cc1ccccc1C)Cc1ccccc1C,0,CHEMBL174228
CHEMBL149542,C#CCC(CCC)OC[n+]1ccn(C)c1/C=N/O,1,CHEMBL149542
CHEMBL3628057,O=C(NCCc1c[nH]c2ccccc12)c1cc[n+](Cc2cccc(F)c2)cc1,1,CHEMBL3628057
CHEMBL3628061,N#Cc1ccc(C[n+]2ccc(C(=O)NCCc3c[nH]c4ccccc34)cc2)cc1,1,CHEMBL3628061
CHEMBL3628062,COc1ccc2[nH]cc(CCNC(=O)c3cc[n+](Cc4ccccc4F)cc3)c2c1,1,CHEMBL3628062
CHEMBL3628184,COc1ccc2[nH]cc(CCNC(=O)CCc3cc[n+](Cc4ccccc4F)cc3)c2c1,0,CHEMBL3628184
CHEMBL609668,COc1ccc(NC(=O)Oc2ccc3c(c2)[C@]2(C)CCN(C)C2N3C)cc1,1,CHEMBL609668
CHEMBL278342,COc1ccc(-c2cc3c(c(=O)o2)C[C@]2(O)[C@@]4(C)C(=O)C=CC(C)(C)[C@]4(O)CC[C@@]2(C)O3)cc1,0,CHEMBL278342
CHEMBL371651,COc1cc2ccnc3c2c(c1OC)C(Br)OC3=O,1,CHEMBL371651
CHEMBL105257,c1ccc2c(c1)ccc[n+]2CCCCCCCCCCC[n+]1cccc2ccccc21,0,CHEMBL105257
CHEMBL426674,Cc1ccccc1NC(=O)Oc1ccc2c(c1)[C@]1(C)CCO[C@@H]1O2,0,CHEMBL426674
CHEMBL19224,COc1ccc(Cc2nccc3cc(OC)c(OC)cc23)cc1OC,1,CHEMBL19224
CHEMBL219262,COc1cc(C(=O)NNc2c3c(nc4ccccc24)CCCC3)cc(OC)c1OC,0,CHEMBL219262
CHEMBL379950,CCCC(CC1(c2nnc(Cc3ccccc3)o2)CCCC1)C(=O)O,1,CHEMBL379950
CHEMBL212105,CCCC(CC1(C(=O)NC2CCCC(C(=O)N(C)C)C2)CCCC1)C(=O)O,1,CHEMBL212105
CHEMBL219569,COc1cc(C(=O)NCCCCCCC(=O)NNc2c3c(nc4ccccc24)CCCC3)cc(OC)c1OC,0,CHEMBL219569
CHEMBL221811,COc1ccc2[nH]c3c(c2c1)CCNC3C,1,CHEMBL221811
CHEMBL5433956,Cc1cc(=O)[nH]c2c1C(=O)C(NCCNc1c3c(nc4ccccc14)CCCC3)=CC2=O,0,CHEMBL5433956
CHEMBL5423918,Cc1cc(=O)[nH]c2c1C(=O)C(NCCCCNc1c3c(nc4cc(Cl)ccc14)CCCC3)=CC2=O,0,CHEMBL5423918
CHEMBL4062487,COc1cc2c(cc1OC)CN(CC1CCN(Cc3cccc(/C=N/O)c3O)CC1)CC2,1,CHEMBL4062487
CHEMBL4094380,COc1cc2c(cc1OC)C(c1ccccc1)N(CC1CCN(Cc3cc(C)cc(/C=N/O)c3O)CC1)CC2,1,CHEMBL4094380
CHEMBL1783514,COc1cccc(CN(C)[C@@H](C)[C@H]2[C@H](O)C[C@@]3(C)[C@@H]4CC[C@H]5[C@]6(C)CSC(C(C)C)=N[C@H]6CC[C@@]56C[C@@]46C(=O)C[C@]23C)c1,0,CHEMBL1783514
CHEMBL1783517,CC(C)C1=N[C@H]2CC[C@]34C[C@]35C(=O)C[C@]3(C)[C@@H]([C@H](C)N(C)Cc6cccc(C(F)(F)F)c6)[C@H](O)C[C@@]3(C)[C@@H]5CC[C@H]4[C@]2(C)CS1,0,CHEMBL1783517
CHEMBL4070182,COc1ccc(CNc2c3c(nc4cc(Cl)ccc24)CCCC3)cc1OC,0,CHEMBL4070182
CHEMBL5196827,O=C(CCN1CCN(Cc2ccccc2)CC1)Nc1ccc2nc3n(c(=O)c2c1)CCC3,1,CHEMBL5196827
CHEMBL327100,COc1ccccc1CN1CCCCCCCCN(Cc2ccccc2OC)C(=O)CCCCCNCc2ccc(cc2)-c2ccc(cc2)CNCCCCCC1=O,1,CHEMBL327100
CHEMBL1864065,O=c1c2ccccc2nc2n1CCC2O,1,CHEMBL1864065
CHEMBL238062,CC(C)C1=N[C@H]2CC[C@]34C[C@]35C(=O)C[C@]3(C)[C@@H]([C@H](C)N(C)C)[C@H](O)C[C@@]3(C)[C@@H]5CC[C@H]4[C@]2(C)CN1,1,CHEMBL238062
CHEMBL4244773,O=c1c2c(oc3ccccc13)CCN(Cc1ccccc1)C2,1,CHEMBL4244773
CHEMBL392324,CCCCC1=NC2(CCCC2)C(=O)N1Cc1ccc(Br)cc1,0,CHEMBL392324
CHEMBL4749678,CNC(=O)c1sc(-c2ccnc(NC(=O)CNCCNc3c4c(nc5ccccc35)CCCC4)c2)nc1OCC1CCC1,0,CHEMBL4749678
CHEMBL4075061,Clc1ccc2c(NCc3ccccn3)c3c(nc2c1)CCCC3,0,CHEMBL4075061
CHEMBL2332975,O=C1/C(=C/c2ccccc2F)CN(C(=O)C[C@H]2C[C@H]3CCCN3[C@]23C(=O)Nc2ccccc23)C/C1=C\c1ccccc1F,1,CHEMBL2332975
CHEMBL2332536,C=CC(=O)N1C/C(=C\c2ccccc2F)C(=O)/C(=C/c2ccccc2F)C1,1,CHEMBL2332536
CHEMBL398250,CCOC(=O)c1c(C)nc2nc3c(c(N)c2c1-c1ccc(OC)cc1)CCC3,1,CHEMBL398250
CHEMBL253782,CCOC(=O)c1c(C)nc2nc3c(c(N)c2c1-c1ccncc1)CCC3,1,CHEMBL253782
CHEMBL253386,CCOC(=O)c1c(C)nc2nc3c(c(N)c2c1-c1ccccc1)CCCC3,0,CHEMBL253386
CHEMBL3343705,COc1cc2c(cc1OCCN1CCCCC1)C(=O)/C(=C/c1ccc(N(C)C)cc1)C2,0,CHEMBL3343705
CHEMBL3582218,NC(=O)c1cc2c(cn1)[nH]c1ncc(-c3ccc(CN4CCCCC4)cc3)cc12,0,CHEMBL3582218
CHEMBL3582228,c1cncc(-c2cc3c(cn2)[nH]c2ncc(-c4ccc(CN5CCCCC5)cc4)cc23)c1,0,CHEMBL3582228
CHEMBL3582229,c1cc(-c2cc3c(cn2)[nH]c2ncc(-c4ccc(CN5CCCCC5)cc4)cc23)ccn1,0,CHEMBL3582229
CHEMBL403260,CCN(CCCCCC(=O)Nc1ccc(-c2ccc(NC(=O)CCCCCN(CC)Cc3ccccc3OC)cc2)cc1)Cc1ccccc1OC,0,CHEMBL222340;CHEMBL403260
CHEMBL242989,COc1ccccc1CNCCCCCC(=O)N1CCC(CCC2CCN(C(=O)CCCCCNCc3ccccc3OC)CC2)CC1,0,CHEMBL242989
CHEMBL554055,C#CCN(C)C1CCc2ccc(OC(=O)N(C)CC)cc21,1,CHEMBL554055
CHEMBL543218,C#CCNC1CCc2ccc(OC(=O)NCCC)cc21,1,CHEMBL543218
CHEMBL303574,CN1CC[C@@]2(C)c3cc(OC(=O)NCCCCCN4CCOCC4)ccc3N(C)[C@@H]12,1,CHEMBL303574
CHEMBL478667,Clc1ccc2c(NCCCNCCCCOc3cccc4[nH]c5ccccc5c34)c3c(nc2c1)CCCC3,0,CHEMBL478667
CHEMBL553212,C[n+]1ccn(CCN2CCCC2)c1/C=N/O,1,CHEMBL553212
CHEMBL556028,C#CCNC1CCc2ccc(OC(=O)N(C)CCCCCC)cc21,1,CHEMBL556028
CHEMBL151861,C#CC(C)NCCc1cccc(OC(=O)N(C)C)c1,0,CHEMBL151861
CHEMBL4758581,Cc1c(Nc2ccc(S(=O)(=O)N3CCN(C)CC3)cc2F)nc2ccc(Nc3cnn(C4CC4)c3)cn2c1=O,1,CHEMBL4758581
CHEMBL5579758,CCCCOc1cc(-c2nc(-c3ccccc3)no2)ccc1N,0,CHEMBL5579758
CHEMBL5569585,Cc1cc(NS(=O)(=O)c2ccc(NC(=O)COc3ccccc3-c3nc(-c4ccccc4)no3)cc2)no1,0,CHEMBL5569585
CHEMBL5570881,Cc1cc(NS(=O)(=O)c2ccc(-n3cc(COc4ccccc4-c4nc(Cc5ccccc5)no4)nn3)cc2)no1,0,CHEMBL5570881
CHEMBL47375,COc1ccc(C(=O)/C(=N/O)SCC[N+](C)(C)C)cc1,1,CHEMBL47375
CHEMBL180483,COc1cc2c(cc1OC)C(=O)C(Oc1ccc(CN3CCCC3)cc1)C2,0,CHEMBL180483
CHEMBL1940613,CCN(CCCCCCNC1=CC(=O)c2ncccc2C1=O)Cc1ccccc1OC,0,CHEMBL1940613
CHEMBL1940615,CCN(CCCCCCNC1=CC(=O)C(OC)=CC1=O)Cc1ccccc1OC,0,CHEMBL1940615
CHEMBL435373,CC1=CC2Cc3nc(O)ccc3C(N)(C1)/C2=C/C(F)(F)F,1,CHEMBL435373
CHEMBL545566,CCN(C)C(=O)Oc1ccc2c(c1)C(N)CC2,1,CHEMBL545566
CHEMBL379563,CCCC(CC1(C(=O)Nc2nnc(-c3ccccc3)s2)CCCC1)C(=O)O,1,CHEMBL379563
CHEMBL51934,Nc1c2c(nc3ccccc13)CCCC2O,0,CHEMBL51934
CHEMBL543779,CCN(CC)CCS/C(=N\O)C(=O)c1ccc(C#N)cc1,1,CHEMBL543779
CHEMBL4571434,O=c1ccc2cc(/N=C/c3ccc(F)cc3)ccc2o1,0,CHEMBL4571434
CHEMBL375077,COc1ccc2c(c1)c1ccnc(C)c1n2C,1,CHEMBL375077
CHEMBL422977,COc1ccccc1CNCCCCCCNCCCCCCCNCCCCCCNCc1ccccc1OC,1,CHEMBL422977
CHEMBL5575695,C[C@@H](c1cccc(OC(=O)NCCCCNc2c3c(nc4ccccc24)CCCC3)c1)N(C)C,0,CHEMBL5575695
CHEMBL5592335,C[C@@H](c1cccc(OC(=O)NCCCCCNc2c3c(nc4cc(F)ccc24)CCCC3)c1)N(C)C,0,CHEMBL5592335
CHEMBL609718,C[N+](C)(C)c1cccc([N+](=O)[O-])c1,1,CHEMBL609718
CHEMBL157327,Cc1ccc2c(c1)C(=O)C(C)C2,0,CHEMBL157327
CHEMBL71740,CCCCCCCCc1noc(/C(=N/O)SCCN(CC)CC)n1,1,CHEMBL71740
CHEMBL5568668,O=C(NCCCCCCNc1c2c(nc3ccccc13)CCCC2)Oc1ccc2cc[nH]c2c1,0,CHEMBL5568668
CHEMBL130098,CSc1nc(-c2ccc(Cl)cc2)nn1C(=O)N(C)C,0,CHEMBL130098
CHEMBL5434888,CCN1/C(=C/C(C)=O)Sc2ccc(OC(=O)NCc3cccnc3)cc21,1,CHEMBL5434888
CHEMBL5395270,CCN(CC)C(=O)c1ccc2c(c1)nc(Cc1ccc(OC(=O)N(C)Cc3ccccc3)cc1)n2CCC(C)C,1,CHEMBL5395270
CHEMBL5411758,CCN(CC)C(=O)c1ccc2c(c1)nc(Cc1ccccc1)n2CCC(C)C,1,CHEMBL5411758
CHEMBL5414873,CCOc1ccc(Cc2nc3cc(OC(=O)NC4CC4)ccc3n2CCC(C)C)cc1,1,CHEMBL5414873
CHEMBL1202884,c1ccc(CN2CCC(CCNc3cc4ccc5ccccc5c4nn3)CC2)cc1,0,CHEMBL1202884
CHEMBL3322231,O=C(NCCCCCCCCNc1c2c(nc3cc(Cl)ccc13)CCCC2)c1ccc2nc(-c3ccc(Cl)cc3)c3c(c2c1)NCCC3,0,CHEMBL3322231
CHEMBL3353040,CC1=C[C@H]2Cc3nc4cc(Cl)ccc4c(NCCCCCCCCNc4c5c(nc6cc(Cl)ccc46)C[C@@H]4C=C(C)C[C@H]5C4)c3[C@@H](C1)C2,0,CHEMBL3353040
CHEMBL3262658,CCN(CC)CCCCCCOc1ccc(CC2NCCc3cc(OC)c(OC)cc32)cc1,1,CHEMBL3262658
CHEMBL3262662,CCCN(CCC)CCCCCCOc1ccc(CC2NCCc3cc(OC)c(OC)cc32)cc1,1,CHEMBL3262662
CHEMBL3262664,COc1cc2c(cc1OC)C(Cc1ccc(OCCCCCCN3CCCC3C)cc1)NCC2,1,CHEMBL3262664
CHEMBL58511,C=CC[N+](C)(C)c1ccc(OCC(=O)c2ccc(OC)c(OC)c2)cc1,1,CHEMBL58511
CHEMBL3261984,O=C(/C=N/O)Nc1ccc[n+](CC[n+]2cccc(NC(=O)/C=N/O)c2)c1,1,CHEMBL3261984
CHEMBL3261992,O=C(/C=N/O)Nc1ccc[n+](Cc2ccc(C[n+]3cccc(NC(=O)/C=N/O)c3)cc2)c1,1,CHEMBL3261992
CHEMBL362711,COc1cc2cc(C(=O)CC3CCCC[N+](C)(Cc4ccccc4)CC3)sc2cc1OC,0,CHEMBL362711
CHEMBL2113368,CC1=C[C@@H]2Cc3nc4cc(Cl)ccc4c(NCCCN(C)CCCCNc4c5c(nc6ccccc46)CCCC5)c3[C@H](C1)C2,0,CHEMBL2113368
CHEMBL187591,COc1cc2c(cc1OC)SC(CC1CC[N+](C)(Cc3ccccc3)CC1)C2,1,CHEMBL187591
CHEMBL189774,COCC[n+]1ccc(CCC(=O)C2Cc3cc(OC)c(OC)cc3S2)cc1,0,CHEMBL189774
CHEMBL363455,O=C(CCc1cc[n+](Cc2ccccc2)cc1)c1ccc2c(c1)OCO2,0,CHEMBL363455
CHEMBL362752,COc1cc2c(cc1OC)SC(C(=O)CCc1cc[n+](Cc3ccsc3)cc1)C2,0,CHEMBL362752
CHEMBL555666,CC1=CC2Cc3nc4cc(Cl)ccc4c(NCCCCCCNc4c5c(nc6ccccc46)CCCC5)c3C(C1)C2,0,CHEMBL2011483;CHEMBL555666
CHEMBL4445075,OC(CNCc1cccc(OCc2ccccc2)c1)Cn1cc(Br)c2cc(Br)ccc21,1,CHEMBL4445075
CHEMBL4455013,COc1ccc(CNC(=O)C2CCN(C(=O)c3ccccc3)CC2)cc1OC,0,CHEMBL4455013
CHEMBL606034,COC(=O)C1=C(C)O[P@@](=O)(OC)CC[C@H]1COCc1ccccc1,1,CHEMBL606034
CHEMBL4441666,CCOc1ccc(Cc2nc3cc(C(=O)NCCCNc4c5c(nc6ccccc46)CCCC5)ccc3n2CCC(C)C)cc1,0,CHEMBL4441666
CHEMBL235548,CC[C@H](C)C1=N[C@H]2CC=C3C[C@H]4C(=O)C[C@]5(C)[C@@H]([C@H](C)N(C)C)[C@H](O)C[C@@]5(C)[C@@H]4CC[C@H]3[C@]2(C)CN1,1,CHEMBL235548
CHEMBL4866457,COc1cc(/C=C/C(=O)NCC(=O)NCCc2c[nH]c3ccc(Cl)cc23)ccc1O,0,CHEMBL4866457
CHEMBL132377,COc1ccccc1CNCCCCCC(=O)N(C)CCCCCCCCN(C)C(=O)CCCCCNCc1ccccc1OC,0,CHEMBL132377
CHEMBL59109,NC12CC(C(F)(F)F)=CC(Cc3nc(O)ccc31)/C2=C\C(F)(F)F,1,CHEMBL59109
CHEMBL104387,c1ccc2c(c1)ccc[n+]2CCCCCCCCCCCC[n+]1cccc2ccccc21,0,CHEMBL104387
CHEMBL4159074,Oc1ccc(-c2oc3cc(O)c4c5c3c2-c2cc(O)cc(O)c2[C@H](c2ccc(O)cc2)[C@@H]5[C@H](c2ccc(O)cc2)[C@@H]4c2cc(O)cc(O)c2)cc1,1,CHEMBL4159074
CHEMBL4075667,C#CCN(CCCN1C(=O)c2ccccc2C1=O)Cc1ccccc1,1,CHEMBL4075667
CHEMBL4092186,COc1ccc(NC(=S)NCCN2CCOCC2)cc1Cl,1,CHEMBL4092186
CHEMBL4636399,O=[N+]([O-])C1C(Cc2c[nH]cn2)NC2(c3ccccc3-c3nc4ccccc4nc32)C1c1ccccn1,1,CHEMBL4636399
CHEMBL3216210,COc1cc2c(cc1OC)CC(CC1CCN(CCNc3c4c(nc5cc(Cl)ccc35)CCCC4)CC1)C2,0,CHEMBL3216210
CHEMBL4277095,CCN(CC)CCOc1ccc(/C=C2\COc3ccccc3C2=O)cc1,1,CHEMBL4277095
CHEMBL4099598,N#CC1=C(N)N2CCNC2=C([N+](=O)[O-])C12c1ccccc1-c1nc3ccccc3nc12,1,CHEMBL4099598
CHEMBL496,Oc1c(Cl)cc(Cl)c(Cl)c1Cc1c(O)c(Cl)cc(Cl)c1Cl,1,CHEMBL496
CHEMBL555641,CN(C)C(=O)Oc1ccc2c(c1)C(N)CC2,0,CHEMBL555641
CHEMBL5079347,CO[C@H]1C[C@H]2C(=C[C@@H]1OC(=O)N1CCCCC1)[C@H]1CN2Cc2cc3c(cc21)OCO3,1,CHEMBL5079347
CHEMBL4066891,COc1cc2c(cc1OC)C(c1ccccc1)N(CC1CCN(Cc3cc(Cl)cc(/C=N/O)c3O)CC1)CC2,1,CHEMBL4066891
CHEMBL431784,CNC(=O)Oc1ccc2c(c1)[C@]1(C)CCN(C)C1N2,0,CHEMBL431784
CHEMBL151923,C#CCNC(C)Cc1cccc(OC(=O)N(C)CC)c1,1,CHEMBL151923
CHEMBL3605434,COc1cccc(-c2nnc(-c3ccc4c(c3)CO[C@@]4(CCCN(C)C)c3ccc(F)cc3)[nH]2)c1,1,CHEMBL3605434
CHEMBL3605419,Cc1cccc(-c2nnc(-c3ccc4c(c3)CO[C@@]4(CCCN(C)C)c3ccc(F)cc3)[nH]2)c1,1,CHEMBL3605419
CHEMBL3605309,CN(C)CCC[C@@]1(c2ccc(F)cc2)OCc2cc(-c3nnc(-c4ccccc4N)[nH]3)ccc21,1,CHEMBL3605309
CHEMBL1289942,COc1cc2c(cc1OC)C(=O)C1(C2)C(c2ccccc2)C(c2ccccc2)NC12C(=O)Nc1ccccc12,1,CHEMBL1289942
CHEMBL3604194,CN(C)c1ccc(C(=O)NCCCCNc2c3c(nc4ccccc24)CCCC3)cc1,0,CHEMBL3604194
CHEMBL3604196,CN(C)c1ccc(C(=O)NCCCCCCNc2c3c(nc4ccccc24)CCCC3)cc1,0,CHEMBL3604196
CHEMBL197696,CN(C)C(=O)Oc1ccc2c(c1)C=CCN(C)[C@@H]2CCOc1ccc([N+](=O)[O-])cc1,0,CHEMBL197696
CHEMBL146319,CC#CC(C)OC[n+]1ccn(C)c1/C=N/O,1,CHEMBL146319
CHEMBL1834064,CC(=O)N1CCN(c2nccc(NCc3cccc4ccccc34)n2)CC1,1,CHEMBL1834064
CHEMBL199585,O=C(CCCCCCNc1c2c(nc3cc(Cl)cc(Cl)c13)CCCC2)NCCc1c[nH]c2ccccc12,0,CHEMBL199585
CHEMBL15056,c1ccc2c(NCCc3ccc(OCCCN4CCCCC4)cc3)c3c(nc2c1)CCCC3,0,CHEMBL15056
CHEMBL109018,Cc1c(C)c2ccc(OCc3cccc(Cl)c3)cc2oc1=O,1,CHEMBL109018
CHEMBL257540,COc1ccccc1CNCCCNCCCNCCC[n+]1c(-c2ccccc2)c2cc(N)ccc2c2ccc(N)cc21,0,CHEMBL257540
CHEMBL224553,CCN(CCCCCCCOc1ccc2c(=O)c3ccccc3oc2c1)Cc1ccccc1OC,1,CHEMBL224553
CHEMBL387849,COc1ccc(CN(C)CCCCCCCOc2ccc3c(=O)c4ccccc4oc3c2)c(OC)c1OC,1,CHEMBL387849
CHEMBL225453,CN(CCCCCCCOc1ccc2c(=O)c3ccccc3oc2c1)Cc1ccccc1Cl,1,CHEMBL225453
CHEMBL225366,COc1ccc2c(=O)c3ccc(OCCCCCCCN(C)Cc4ccccc4)cc3oc2c1,1,CHEMBL225366
CHEMBL224555,CN(CCCCCCCCCCCCOc1ccc2c(=O)c3ccccc3oc2c1)Cc1ccccc1,1,CHEMBL224555
CHEMBL224347,CN(CCCCCCCCCCCOc1ccc2c(=O)c3ccccc3oc2c1)Cc1ccccc1,1,CHEMBL224347
CHEMBL561846,C=C1C[C@]23C[C@H]1CC[C@H]2[C@]1(C)CCC[C@](C)(CO)[C@@H]1C[C@@H]3O,1,CHEMBL561846
CHEMBL61850,Nc1c2c(nc3cc(Br)ccc13)CCCC2,0,CHEMBL61850
CHEMBL2380674,O=C1/C(=C/c2ccc(Cl)cc2Cl)CN(C(=O)[C@H]2C[C@H]3CCCN3[C@]23C(=O)Nc2cc(Cl)ccc23)C/C1=C\c1ccc(Cl)cc1Cl,1,CHEMBL2380674
CHEMBL5434381,COc1ccc(C2c3c(nc(C)[nH]c3=O)Oc3c2n(C(C)=O)c2ccccc32)cc1,1,CHEMBL5434381
CHEMBL5418455,CC[N+](CC)(CCCCCn1c(=O)cc(C)n(CCCn2c(C)cc(=O)n(C)c2=O)c1=O)Cc1ccccc1C(F)(F)F,0,CHEMBL5418455
CHEMBL5591729,Cc1ccc(C(C)C)cc1OCC(=O)NCCN1CCN(C)CC1,1,CHEMBL5591729
CHEMBL103959,CCc1ccc(SC(=O)OCC[N+](C)(C)C)cc1,1,CHEMBL103959
CHEMBL504924,C/C=C(\C)C(=O)N[C@H]1CC[C@]2(C)[C@H]3CC[C@]4(C)[C@@H]([C@H](C)NC)CC[C@H]4[C@@H]3CC[C@H]2[C@H]1OC(C)=O,1,CHEMBL504924
CHEMBL243062,CCN(CCCCCCNC1=C(Br)C(=O)C(NCCCCCCN(CC)Cc2ccccc2OC)=C(Br)C1=O)Cc1ccccc1OC,0,CHEMBL243062
CHEMBL1940618,COc1ccccc1CN1CCC(N2CCC(NC3=CC(=O)c4ccccc4C3=O)CC2)CC1,1,CHEMBL1940618
CHEMBL129684,CC(=O)n1cc(/C=C2\CN(Cc3ccccc3)CCC2=O)c2ccccc21,1,CHEMBL129684
CHEMBL2113367,CC1=C[C@@H]2Cc3nc4cc(Cl)ccc4c(NCCCN(C)CCCCNc4c5c(nc6cc(Cl)ccc46)CCCC5)c3[C@H](C1)C2,0,CHEMBL2113367
CHEMBL238571,COc1ccc(N(C)C(=O)Oc2ccc(Oc3ccc(C(F)(F)F)cn3)cc2)cc1,1,CHEMBL238571
CHEMBL235759,CN(C(=O)Oc1ccc(Oc2ccc(C(F)(F)F)cn2)cc1)C(C)(C)C,1,CHEMBL235759
CHEMBL391356,CN(C(=O)Oc1ccc(Oc2c(Cl)cncc2Cl)cc1)c1ccccc1,1,CHEMBL391356
CHEMBL241554,Cc1ccc(N(C)C(=O)Oc2ccc(Oc3ccc(C(F)(F)F)cn3)cc2)cc1,1,CHEMBL241554
CHEMBL438324,CN(C(=O)Oc1ccc(Oc2ccc(C(F)(F)F)cn2)cc1)C1CCCCC1,1,CHEMBL438324
CHEMBL106082,CN(C)Cc1ccc(CSCCNc2cc(Nc3ccccc3C#N)c([N+](=O)[O-])cc2[N+](=O)[O-])o1,0,CHEMBL106082
CHEMBL424100,C/C(=C\C(=O)N(C)[C@H]1CC[C@@]2(C)[C@@H](CC[C@@H]3[C@@H]2CC[C@]2(C)C([C@H](C)N(C)C)=CC[C@@H]32)C1)C(C)C,1,CHEMBL424100
CHEMBL512758,CC1=C(C)S(=O)(=O)N(c2c(F)c(F)nc(F)c2F)C1=O,1,CHEMBL512758
CHEMBL59844,Cc1ccc2c(c1)-c1nc3ccccc3c(N)c1C2,1,CHEMBL59844
CHEMBL340867,Cc1cccc(C)c1NC(=O)Oc1ccc2c(c1)[C@]1(C)CCN(C)[C@@H]1N2C,0,CHEMBL340867
CHEMBL271746,CC(C)(CO[N+](=O)[O-])C(=O)NCCCCNc1c2c(nc3ccccc13)CCCC2,0,CHEMBL271746
CHEMBL4797884,O=C1c2ccccc2C(=O)C12N1CSC[C@@H]1[C@@H](c1ccc(Cl)cc1Cl)[C@@]21CSc2ccccc2C1=O,1,CHEMBL4797884
CHEMBL4800067,CN1C[C@@H](c2ccccc2)[C@@]2(CSc3ccccc3C2=O)C12C(=O)c1ccccc1C2=O,1,CHEMBL4800067
CHEMBL4778167,CCN(CC)c1cc(/C=C2/OC(=O)c3cc(OC)c(OC)cc32)ccc1O,0,CHEMBL4778167
CHEMBL4797575,O=C1c2ccccc2C(=O)C12N1CSC[C@@H]1[C@@H](c1cccc(Br)c1)[C@@]21CSc2ccccc2C1=O,1,CHEMBL4797575
CHEMBL444427,COc1ccc(C(=O)c2c(-c3ccc(OCCCCCCCN(C)Cc4ccccc4)cc3)oc3ccccc23)cc1,1,CHEMBL444427
CHEMBL5396214,COC(=O)/C=C/C(=O)Nc1cccc(OCCCCSC(=S)N2CCCC2)c1,1,CHEMBL5396214
CHEMBL367795,CCNC(=O)Oc1ccc2c(c1)[C@]1(C)CCOC1N2C,0,CHEMBL367795
CHEMBL3403307,CCN(CC)C(=O)[C@H](Cc1ccc(Cl)cc1)NC(=O)[C@H](CC(C)C)NC(=O)[C@@H](NC(=O)[C@@H](N)COC(=O)[C@H](CC(C)C)NC(C)=O)C(C)C,1,CHEMBL3403307
CHEMBL178770,Cc1ccccc1NC(=O)Oc1ccc2c(c1)C1(C)CCOC1O2,0,CHEMBL178770
CHEMBL352500,Nc1c2c(nc3cc(Cl)ccc13)C1CCC2C1,0,CHEMBL352500
CHEMBL3343923,O=C(NCCCCCCNc1c2c(nc3ccccc13)CCCC2)c1cc2c([nH]c3ccccc32)c(-c2ccccc2)n1,0,CHEMBL3343923
CHEMBL3343924,O=C(NCCCCCCNc1c2c(nc3ccccc13)CCCC2)c1cc2c([nH]c3ccccc32)c(-c2ccc(F)cc2)n1,0,CHEMBL3343924
CHEMBL3343926,CC(C)(C)OC(=O)N1Cc2[nH]c3ccccc3c2C[C@H]1C(=O)NCCCCCCNc1c2c(nc3ccccc13)CCCC2,0,CHEMBL3343926
CHEMBL87128,CC[n+]1ccc(CCC(=O)c2cc3cc(OC)c(OC)cc3s2)cc1,0,CHEMBL87128
CHEMBL1773489,CN(Cc1ccccc1)Cc1ccc(C(=O)c2ccc(OCCCCCCN3CCCCC3)cc2)cc1,0,CHEMBL1773489
CHEMBL1773490,CCN(CC)CCCCCCCOc1ccc(C(=O)c2ccc(CN(C)Cc3ccccc3)cc2)cc1,0,CHEMBL1773490
CHEMBL1773491,CN(Cc1ccccc1)Cc1ccc(C(=O)c2ccc(OCCCCCCCN3CCCCC3)cc2)cc1,0,CHEMBL1773491
CHEMBL5191152,CO[C@@H]1C=C[C@@]23c4cc5c(cc4CN(C[C@@H]2OC(=O)c2ccc([N+](=O)[O-])cc2)C3C1)OCO5,1,CHEMBL5191152
CHEMBL609440,COc1cc2cc(C(=O)CCc3cc[n+](Cc4ccc([N+](=O)[O-])o4)cc3)sc2cc1OC,0,CHEMBL609440
CHEMBL87320,COCC[N+]1(C)CCC(CCC(=O)c2cc3cc(OC)c(OC)cc3s2)CC1,0,CHEMBL87320
CHEMBL85473,COc1cc2cc(C(O)C3CC[N+](C)(Cc4ccccc4)CC3)sc2cc1OC,1,CHEMBL85473
CHEMBL3289925,CCOC(OCC)c1ccc(/C=C2\COC/C(=C\c3ccc(C(OCC)OCC)cc3)C2=O)cc1,1,CHEMBL3289925
CHEMBL3289931,CCOC(OCC)c1ccc(/C=C2\Cc3ccccc3C2=O)cc1,1,CHEMBL3289931
CHEMBL3289939,CN(C)c1ccc(/C=C/C(=O)/C=C/c2ccc(N(C)C)cc2[N+](=O)[O-])c([N+](=O)[O-])c1,1,CHEMBL3289939
CHEMBL3289940,CN(C)c1ccc(/C=C2\CC/C(=C\c3ccc(N(C)C)cc3[N+](=O)[O-])C2=O)c([N+](=O)[O-])c1,1,CHEMBL3289940
CHEMBL3289941,CN(C)c1ccc(/C=C2\Cc3ccccc3C2=O)c([N+](=O)[O-])c1,1,CHEMBL3289941
CHEMBL3290193,O=C1/C(=C/c2ccc(N3CCCC3)cc2)CC/C1=C\c1ccc(N2CCCC2)cc1,1,CHEMBL3290193
CHEMBL207931,COc1ccc(C(O)c2nccc3cc(OC)c(OC)cc23)cc1OC,1,CHEMBL207931
CHEMBL3335070,COc1cccc(CC2CCN(CCCCOc3ccc4c(c3)oc(=O)c3ccccc34)CC2)c1,1,CHEMBL3335070
CHEMBL196401,C=CCC1(O)OCc2c(OC)c(OC)cc3ccnc1c23,1,CHEMBL196401
CHEMBL1788297,C#CCN(C)[C@@H]1CCc2ccc(OC(=O)N(C)CC)cc21,1,CHEMBL1788297
CHEMBL541363,C#CCN(C)C1CCc2cccc(OC(=O)N(C)CC)c21,1,CHEMBL541363
CHEMBL1912062,CCN(CCCCCCNC(=O)CCCCC1CCSS1)Cc1ccccc1OC,0,CHEMBL1912062
CHEMBL3263733,COc1ccc2c(CCNC(=O)c3ccc(CN(C)Cc4cccc(Cl)c4)cc3)c[nH]c2c1,1,CHEMBL3263733
CHEMBL348216,C#CC(C)OC[n+]1ccn(C)c1/C=N/O,1,CHEMBL348216
CHEMBL123248,CNC(=O)Oc1ccc2c(c1)[C@]1(C)CCN(C)O[C@@H]1N2C,0,CHEMBL123248
CHEMBL153865,CN1CCC(C[C@@H]2Cc3ccccc3C2=O)CC1,0,CHEMBL153865
CHEMBL545797,C#CCN(CC)C1CCc2ccc(OC(=O)N(C)C)cc21,1,CHEMBL545797
CHEMBL343319,Cc1c(O)cccc1[N+](C)(C)C,1,CHEMBL343319
CHEMBL71982,CCCCCCCCc1noc(/C=N/O)n1,1,CHEMBL71982
CHEMBL3582209,N#Cc1cc2c(cn1)[nH]c1ncc(-c3ccc(CN4CCC(F)CC4)cc3)cc12,0,CHEMBL3582209
CHEMBL3582224,c1ncc(-c2cc3c(cn2)[nH]c2ncc(-c4ccc(CN5CCCCC5)cc4)cc23)s1,0,CHEMBL3582224
CHEMBL106782,CCCNc1cc(NCCSCc2ccc(CN(C)C)o2)c([N+](=O)[O-])cc1[N+](=O)[O-],0,CHEMBL106782
CHEMBL1929043,COc1c(CC=C(C)C)c(O)cc2c1C[C@H](c1ccc(O)c(CC=C(C)C)c1O)CO2,1,CHEMBL1929043
CHEMBL2160226,CNC(=O)Oc1cccc(CN(C)CCCCCCCOc2ccc(-c3oc4ccccc4c3C(=O)c3ccc(C)cc3)cc2)c1,0,CHEMBL2160226
CHEMBL333580,CC(C)c1ccc(NC(=O)Oc2ccc3c(c2)[C@]2(C)CCN(C)O[C@@H]2N3C)cc1,1,CHEMBL333580
CHEMBL296429,Cc1ccc(C(=O)/C(=N/O)SCC[N+](C)(C)C)cc1,1,CHEMBL296429
CHEMBL611941,COc1ccc(/C=C2\Oc3ccccc3C2=O)cc1,1,CHEMBL611941
CHEMBL540352,CCCNC1CCc2ccc(OC(=O)N(C)CC)cc21,1,CHEMBL540352
CHEMBL241827,COc1cc2oc(-c3ccc(CN(C)Cc4ccccc4)cc3)cc(=O)c2cc1OC,1,CHEMBL241827
CHEMBL243532,COc1ccc2oc(=O)c(-c3ccc(CN(C)Cc4ccccc4)cc3)cc2c1,0,CHEMBL243532
CHEMBL243311,COc1ccc2cc(-c3cccc(CN(C)Cc4ccccc4)c3)c(=O)oc2c1,1,CHEMBL243311
CHEMBL550989,CCOC(=O)c1ccc2nc(-c3ccc(Cl)cc3)c3c(c2c1)OCCC3,1,CHEMBL550989
CHEMBL350916,COc1ccc2c(c1OC)C(=O)C(C)C2,0,CHEMBL350916
CHEMBL544022,CCN(CC)CCS/C(=N\O)C(=O)c1ccc(Cl)cc1,1,CHEMBL544022
CHEMBL556186,Cc1ccccc1NC(=O)Oc1ccc2c(c1)[C@]1(C)CC[N@@+](C)([O-])[C@@H]1N2C,0,CHEMBL556186
CHEMBL155392,CNC(NCCNCc1ccc(CN(C)C)o1)=C(C#N)C#N,0,CHEMBL155392
CHEMBL5396497,CC[N+](CC)(CCCCCn1c(=O)cc(C)n(CCCn2c(C)cc(=O)n(C)c2=O)c1=O)Cc1ccccc1[N+](=O)[O-],0,CHEMBL5396497
CHEMBL147465,C#CCCOC[n+]1ccn(C)c1C,1,CHEMBL147465
CHEMBL136229,CCCCCC[N+](C)(C)C,1,CHEMBL136229
CHEMBL88026,COc1cc2cc(C(=O)CCC3CC[N+](C)(Cc4ccccc4)CC3)sc2cc1OC,0,CHEMBL87273;CHEMBL88026
CHEMBL316973,CN(C)Cc1ccc(CSCCNc2ccc([N+](=O)[O-])cc2[N+](=O)[O-])o1,0,CHEMBL316973
CHEMBL302842,COc1ccc2c(N)c3c(nc2c1)CCCC3,0,CHEMBL302842
CHEMBL293896,Nc1c2c(nc3ccccc13)-c1ccc(Cl)cc1C2,1,CHEMBL293896
CHEMBL341658,CCC1=CC2Cc3nc4cc(F)ccc4c(N)c3C(C1)C2,0,CHEMBL341658
CHEMBL135086,C=CCC[N+](C)(C)C,1,CHEMBL135086
CHEMBL130956,Cc1ccc(NC(=O)Oc2ccc3c(c2)[C@]2(C)CCN(C)[C@@H]2N3C)cc1,0,CHEMBL130956
CHEMBL4746231,CS[C@@H](Cn1nnc2cc(C#Cc3ccc(CN4CCOCC4)cc3)ccc21)N(O)C=O,1,CHEMBL4746231
CHEMBL54470,CC(C)c1ccc(NC(=O)Oc2ccc3c(c2)[C@]2(C)CCNC2N3)cc1,0,CHEMBL54470
CHEMBL340216,COc1ccc2[nH]cc(/C=C3\CN(Cc4ccccc4)CCC3=O)c2c1,1,CHEMBL340216
CHEMBL155371,COc1ccc2c(c1OC)CC(C)C2=O,0,CHEMBL155371
CHEMBL103153,CCc1ccccc1SC(=O)OCC[N+](C)(C)C,1,CHEMBL103153
CHEMBL434948,CC1CCCCN1CCCN1CC(=O)N(CCc2ccc(F)cc2)CC1=O,1,CHEMBL434948
CHEMBL4742830,CCOC(=O)c1c(C)nc(N2CCN(S(=O)(=O)c3ccc(NC(C)=O)cc3)CC2)nc1-c1ccc(OC)cc1,0,CHEMBL4742830
CHEMBL4756262,CCOC(=O)c1c(C)nc(N2CCN(S(=O)(=O)c3ccc(NC(C)=O)c(OC)c3)CC2)nc1-c1ccc(OC)cc1,0,CHEMBL4756262
CHEMBL434042,CC(=O)N(C)[C@H]1CC[C@@]2(C)[C@@H](CC[C@@H]3[C@@H]2CC[C@]2(C)[C@@H]([C@H](C)N(C)C)CC[C@@H]32)C1,1,CHEMBL434042
CHEMBL86835,C[N@+]1(Cc2ccccc2)CC[C@H](CCC(=O)c2ccc3c(c2)CCO3)CC1,0,CHEMBL86835
CHEMBL1952056,CN(C)C(/C=N/O)=N\c1ccccc1,1,CHEMBL1952056
CHEMBL251077,CC(=O)O[C@H]1[C@H]2c3cc4c(cc3CN3CCC(=C[C@@H]1O)[C@H]23)OCO4,0,CHEMBL251077
CHEMBL1524,CN1CC[C@@]23C=C[C@H](O)C[C@@H]2Oc2c(O)ccc(c23)C1,0,CHEMBL1524
CHEMBL251076,COc1ccc2c3c1O[C@H]1C[C@H](O)C=C[C@@]31[C@H](O)CN(C)C2,1,CHEMBL251076
CHEMBL250688,COc1cc2c(c(OC)c1OC)C(=O)O[C@]21[C@H](O)[C@@H](O)C=C2CCN(C)[C@H]21,1,CHEMBL250688
CHEMBL4878434,CC1=CC2Cc3nc4cc(Cl)ccc4c(NCCCCCCCNC(=O)[C@@H](N)Cc4c[nH]c5ccccc45)c3C(C1)C2,0,CHEMBL4878434
CHEMBL4850590,COc1ccc2nc3c(c(N)c2c1)C1CC(C)=CC(C3)C1,1,CHEMBL4850590
CHEMBL4160856,CN[C@H]1C[C@H](OC)C=C[C@@]12C(=O)N(CCC(C)C)Cc1cc3c(cc12)OCO3,1,CHEMBL4160856
CHEMBL287691,CCN1CC[C@H]2c3cc(OC(=O)NC)ccc3CC21,0,CHEMBL287691
CHEMBL4205110,Cc1cc(=O)oc2cc(OCc3cc[n+](Cc4cccc([N+](=O)[O-])c4)cc3)ccc12,0,CHEMBL4205110
CHEMBL25524,C[C@]12CC[C@H](O)[C@@](C)(CO)C1C[C@H](O)[C@@]1(C)Oc3cc(-c4ccccn4)oc(=O)c3C(=O)C21,1,CHEMBL25524
CHEMBL4789401,COc1ccc(NC(=O)CNC(=O)/C=C/c2ccc(O)c(OC)c2)cc1,1,CHEMBL4789401
CHEMBL4787804,COc1cc(/C=C/C(=O)NCC(=O)Nc2ccc(F)cc2)ccc1O,1,CHEMBL4787804
CHEMBL4800589,O=C(CN1CCN(C(=O)c2ccc(Br)cc2)CC1)N1CCN(CCCc2c[nH]c3ccccc23)CC1,1,CHEMBL4800589
CHEMBL149017,C#CCCCC[n+]1ccccc1/C=N/O,1,CHEMBL149017
CHEMBL514966,COc1ccc(C(=O)c2ccc(CN(C)Cc3ccccc3)cc2)cc1,1,CHEMBL514966
CHEMBL5427951,COc1cc(O)c2c(c1)C[C@@H]1c3c(cc4c(c3-2)OCO4)CC[N@+]1(C)[O-],1,CHEMBL5427951
CHEMBL5415340,COc1cc(O)c2c(c1)C[C@@H]1c3c(cc4c(c3-2)OCO4)CC[N@@+]1(C)[O-],1,CHEMBL5415340
CHEMBL1770549,COc1cc(CNCCCCCCNC2=CC(=O)C(NCCCCCCNCc3ccc(O)c(OC)c3)=CC2=O)ccc1O,0,CHEMBL1770549
CHEMBL25149,C[C@]12CC[C@H](O)[C@@](C)(CO)C1C[C@H](O)[C@@]1(C)Oc3cc(-c4ccc(Cl)nc4)oc(=O)c3C(=O)C21,1,CHEMBL25149
CHEMBL1651246,CS(=O)(=O)Nc1ccc2c(CCC3CCN(Cc4ccccc4)CC3)noc2c1,0,CHEMBL1651246
CHEMBL33098,CCCCCCCNC(=O)Oc1ccc2c(c1)[C@@H]1CCN(CCC)C1C2,0,CHEMBL33098
CHEMBL153934,CN(C)c1ccc(CC(=O)NCCCCCCCCCCNC23CC4CC(CC(C4)C2)C3)cc1,1,CHEMBL153934
CHEMBL4209795,COc1cc(/C=C/C(=O)NCCCCCCNc2c3c(nc4ccccc24)CCCC3)cc(OC)c1OCc1nc(C)c(C)nc1C,0,CHEMBL4209795
CHEMBL4174452,CC(=O)C1=CN(Cc2cccc(Cl)c2)C=CC1CC1Cc2cc(F)ccc2C1=O,1,CHEMBL4174452
CHEMBL4094543,Cc1ccc2c(c1)CC(=O)N2C(=O)c1ccccc1,1,CHEMBL4094543
CHEMBL65667,CN1CC[C@@]2(C)c3cc(OC(=O)NCCCN4CCOCC4)ccc3N(C)[C@@H]12,1,CHEMBL65667
CHEMBL293268,COc1cccc(C[N+](C)(C)Cc2ccccc2)c1,1,CHEMBL293268
CHEMBL1203534,N#CC(C#N)=C1NCCN1CCNCc1ccc(CN2CC=CCC2)o1,0,CHEMBL1203534
CHEMBL45118,CC[N+](C)(CC)CCS/C(=N\O)C(=O)c1ccc(OC)cc1,1,CHEMBL45118
CHEMBL32329,Clc1cccc(Cl)c1CO/N=C/c1cc[n+](CCCc2ccccc2)cc1,0,CHEMBL32329
CHEMBL372202,COc1ccc2[nH]cc(CCNC(=O)CCCCCCNc3c4c(nc5cc(Cl)cc(Cl)c35)CCCC4)c2c1,0,CHEMBL372202
CHEMBL3944088,CCOC(=O)C1=C(C)Nc2nc3c(c(N)c2C1c1cccc([N+](=O)[O-])c1)CC(C)(C)CC3,1,CHEMBL3944088
CHEMBL3938676,CC1=C(C(=O)OC(C)C)C(c2cccc(Cl)c2)c2c(nc3c(c2N)CC(C)(C)CC3)N1,1,CHEMBL3938676
CHEMBL61274,CCCCCCNC(=O)Oc1ccc2c(c1)C1CCN(C)C2C1,0,CHEMBL61274
CHEMBL195418,Cc1c(Cl)nc2ccccc2c1C(=O)NCCCCCCCNc1c2c(nc3ccccc13)CCCC2,0,CHEMBL195418
CHEMBL5181657,CCCCC1OC(=O)c2cc(OCc3ccc(CN4CCOCC4)c(O)c3)ccc21,1,CHEMBL5181657
CHEMBL1788299,C#CCN[C@@H]1CCc2ccc(OC(=O)N(C)CC)cc21,1,CHEMBL1788299;CHEMBL255231;CHEMBL5219232
CHEMBL148771,C#CCC1CCCc2ccc(OC(=O)N(C)CC)cc21,1,CHEMBL148771
CHEMBL543215,C#CCNC1CCc2ccc(OC(=O)N(C)C3CCCCC3)cc21,1,CHEMBL543215
CHEMBL2377877,COc1ccccc1-c1nnc2sc(-c3ccoc3)nn12,1,CHEMBL2377877
CHEMBL365136,CNC(=O)Oc1cccc(CN(C)CCCCCCCOc2ccc3c(c2)CC/C(=C\c2cc(OC)c(OC)c(OC)c2)C3=O)c1,1,CHEMBL365136
CHEMBL242345,COc1ccccc1CNCCCCCCN1CCC(CCC2CCN(CCCCCCNCc3ccccc3OC)CC2)CC1,1,CHEMBL242345
CHEMBL238994,O=C(Oc1ccc(Oc2ccc(C(F)(F)F)cn2)cc1)N1CCC(O)CC1,1,CHEMBL238994
CHEMBL241552,Cc1ccccc1N(C)C(=O)Oc1ccc(Oc2ccc(C(F)(F)F)cn2)cc1,1,CHEMBL241552
CHEMBL51628,O=c1ccc2ccc(O)cc2o1,1,CHEMBL51628
CHEMBL461949,C=C(C)[C@H](O)Cc1cc2ccc(=O)oc2cc1O,1,CHEMBL461949
CHEMBL1834807,CCCCC/C=C\C/C=C\CCCCCCCC(=O)OCCCc1ccc2oc(-c3ccc4c(c3)OCO4)cc2c1,1,CHEMBL1834807
CHEMBL496259,CN[C@@H](C)[C@H]1CC[C@H]2[C@@H]3CC=C4C(=O)[C@@H](NC(=O)C=C(C)C)CC[C@]4(C)[C@H]3CC[C@]12C,1,CHEMBL496259
CHEMBL3262663,CCCCN(CCCC)CCCCCCOc1ccc(CC2NCCc3cc(OC)c(OC)cc32)cc1,1,CHEMBL3262663
CHEMBL3262667,COc1cc2c(cc1OC)C(Cc1ccc(OCCCCCCN3CCCC3)cc1)NCC2,1,CHEMBL3262667
CHEMBL2234844,CCOC(=O)C1=C(C)Oc2nc3c(c(N)c2[C@H]1c1ccc(Cl)cc1)CCCC3,1,CHEMBL2234844
CHEMBL2234842,CCOC(=O)C1=C(C)Oc2nc3c(c(N)c2[C@H]1c1ccccc1)CCCC3,1,CHEMBL2234842
CHEMBL2234840,CCOC(=O)C1=C(C)Oc2nc3c(c(N)c2[C@H]1c1ccccc1OC)CCCCC3,1,CHEMBL2234840
CHEMBL128392,CCCNC(=O)Oc1cccc(CN(C)CCCOc2ccc3c(=O)ccoc3c2)c1,0,CHEMBL128392
CHEMBL2236394,CCN(CCCCCOc1ccc2c(=O)c3ccccc3oc2c1)Cc1cccc(OC(=O)NC)c1,0,CHEMBL2236394
CHEMBL2323355,COc1ccc(/C=N/NC(=O)CN2CCC(Cc3ccccc3)CC2)cc1,1,CHEMBL2323355
CHEMBL1080631,CCCCCCOC(=O)[C@H](CCC(=O)NCCC1CCN(Cc2ccccc2)CC1)NC(=O)c1ccccc1,0,CHEMBL1080631
CHEMBL4782256,Cc1ccc(C(=O)N2CCN(CC(=O)N3CCN(CCCc4c[nH]c5ccccc45)CC3)CC2)cc1,1,CHEMBL4782256
CHEMBL3353567,CNc1ccccc1-c1nc(C(N)=O)cs1,1,CHEMBL3353567
CHEMBL3289934,CN(C)c1ccc(/C=C2/CCC/C(=C\c3ccc(N(C)C)cc3[N+](=O)[O-])C2=O)c([N+](=O)[O-])c1,1,CHEMBL3289934
CHEMBL3343714,CCCN(CCC)c1ccc(/C=C2\Cc3cc(OC)c(OCCN4CCCCC4)cc3C2=O)cc1,0,CHEMBL3343714
CHEMBL3338997,CCN(CC)CCCCCOc1ccc(C(=O)/C=C/c2ccccc2)cc1,1,CHEMBL3338997
CHEMBL5594488,CCNC(=S)N/N=C/c1c(OC)cc(OC)c2c(-c3ccccc3)c[nH]c12,1,CHEMBL5594488
CHEMBL5594981,c1ccc(-c2nn(-c3ccccc3)cc2-c2nc(-c3ccccc3)c(-c3ccccc3)n2-c2ccccc2)cc1,1,CHEMBL5594981
CHEMBL58034,C[N+](C)(C)Cc1cccc(O)c1,1,CHEMBL58034
CHEMBL4301645,c1ccc([C@@H]2C[C@H]2NC2CCNCC2)cc1,1,CHEMBL4301645
CHEMBL336538,COc1ccc(-c2nc(SC)n(C(=O)N(C)C)n2)cc1,0,CHEMBL336538
CHEMBL189906,CNC(=O)Oc1cccc2c1OCC1CCN(C)C21,0,CHEMBL189906
CHEMBL187385,CCNC(=O)Oc1cccc2c1OCC1CCN(C)C21,0,CHEMBL187385
CHEMBL324975,COc1ccccc1CN1CCCCCCCCN(Cc2ccccc2OC)C(=O)CCCCCNCc2ccc(cc2)CNCCCCCC1=O,1,CHEMBL324975
CHEMBL323655,COc1ccccc1CN(CCCCCCCCN(Cc1ccccc1OC)C(=O)CCCCCN)C(=O)CCCCCN,1,CHEMBL323655
CHEMBL147033,C#CCNC1CCc2ccc(OC(=O)N(C)C)cc2C1,1,CHEMBL147033
CHEMBL3323036,O=c1c2cc(OCCCN3CCCCC3)ccc2nc2n1Cc1ccccc1-2,0,CHEMBL3323036
CHEMBL314658,COc1cc2cc(C(=O)CC3=CC[N+](C)(Cc4ccccc4)CC3)sc2cc1OC,0,CHEMBL314658
CHEMBL154950,C/N=c1\c(O)c(O)\c1=N/CCNCc1ccc(CN2CCCCC2)o1,1,CHEMBL154950
CHEMBL5187045,CCN(CC)C(=O)c1ccc2c(c1)nc(Cc1ccc(OC(=O)N3CCC3)cc1)n2CCC(C)C,0,CHEMBL5187045
CHEMBL5594315,CCCCNC1c2ccccc2-c2ccccc21,1,CHEMBL5594315
CHEMBL4285213,CCCN(CCC)Cc1cc(N)ccc1O,1,CHEMBL4285213
CHEMBL4282360,CCCCCCN(C)Cc1cc(N)ccc1O,1,CHEMBL4282360
CHEMBL87980,C=CC[n+]1ccc(CCC(=O)c2cc3cc(OC)c(OC)cc3s2)cc1,0,CHEMBL87980
CHEMBL2396908,CC(C)(C)OC(=O)NCCNc1nc2ccccc2[nH]1,1,CHEMBL2396908
CHEMBL556161,C#CCNC1CCc2c(Cl)cc(OC(=O)N(C)CCC)cc21,1,CHEMBL556161
CHEMBL4059887,COc1cc2c(cc1OC)C(=O)/C(=C/c1ccc(CN3CCOCC3)c(O)c1)O2,1,CHEMBL4059887
CHEMBL3827058,COc1ccc(-c2cc3cc(OCCCN(C)Cc4cccc(OC(=O)NCCCCCc5ccccc5)c4)ccc3oc2=O)cc1,0,CHEMBL3827058
CHEMBL3827189,CN(CCCOc1ccc2cc(-c3ccc(Cl)cc3)c(=O)oc2c1)Cc1cccc(OC(=O)NCCCCCc2ccccc2)c1,0,CHEMBL3827189
CHEMBL440526,CCCCCCCNC(=O)Oc1cccc(CN(C)CCCOc2ccc3ccc(=O)oc3c2)c1,0,CHEMBL440526
CHEMBL3827284,CCCCCCCNC(=O)Oc1cccc(Cn2cc(COc3ccc4ccc(=O)oc4c3)nn2)c1,1,CHEMBL3827284
CHEMBL3827765,CCCCCCc1ccc(NC(=O)Oc2cccc(CN(C)CCCOc3ccc4ccc(=O)oc4c3)c2)cc1,1,CHEMBL3827765
CHEMBL151559,C#CCN(C)CCc1cccc(OC(=O)N(C)CC)c1,1,CHEMBL151559
CHEMBL439508,CCCC(CC1(C(=O)N[C@H]2CC[C@@H](C(N)=O)CC2)CCCC1)C(=O)O,1,CHEMBL439508
CHEMBL345031,C[N+]1(C)CCO[C@H](O)C1,1,CHEMBL345031
CHEMBL212001,CCc1nnc(NC(=O)C2(CCC(=O)O)CCCC2)s1,1,CHEMBL212001
CHEMBL4524111,CC1=C[C@@H]2Cc3nc4cc(F)ccc4c(N)c3[C@H](C1)C2,0,CHEMBL4524111
CHEMBL3216557,CC1=C[C@H]2Cc3nc4cc(Cl)ccc4c(NCCCCCCCNc4c5c(nc6cc(Cl)ccc46)CCCC5)c3[C@@H](C1)C2,0,CHEMBL3216557
CHEMBL544669,CCN(CC)CCS/C(=N\O)C(=O)c1ccc(Br)cc1,1,CHEMBL544669
CHEMBL3931599,C#CCN(Cc1ccc2cccc(O)c2n1)CC1CCN(Cc2ccccc2)CC1,1,CHEMBL3931599
CHEMBL3892118,C#CCN(CCC1CCN(Cc2ccccc2)CC1)Cc1ccc2cccc(O)c2n1,1,CHEMBL3892118
CHEMBL448799,C=C[C@@H]1[C@H]2C=C(C)C[C@]1(NC)c1ccc(=O)[nH]c1C2,1,CHEMBL448799
CHEMBL3338387,C/C=C1\[C@H]2C=C(C)C[C@]1(N[C@H]1OC(=O)C3=C4CC(C)(C)C[C@H]4[C@@H](C)[C@@H](O)C[C@]31O)c1ccc(=O)[nH]c1C2,1,CHEMBL3338387
CHEMBL498539,Oc1cccc(C2=Nc3ccccc3SC(c3ccc(Cl)cc3)C2)c1,1,CHEMBL498539
CHEMBL456156,Oc1cccc(C2=Nc3ccccc3SC(c3ccccc3)C2)c1,1,CHEMBL456156
CHEMBL204895,CCNC(=O)Oc1ccc2c(c1)[C@]1(C)CCO[C@@H]1O2,0,CHEMBL204895
CHEMBL382351,CNC(=O)Oc1ccc2c(c1)[C@@]1(C)CCN(C)[C@H]1N2C,1,CHEMBL382351
CHEMBL108163,CN(C)Cc1ccc(CSCCNc2cc(Nc3ccccc3)c([N+](=O)[O-])cc2[N+](=O)[O-])o1,0,CHEMBL108163
CHEMBL612098,CCN(CC)C(=O)Oc1ccc2c(c1)[C@]1(C)CCN(C)C1N2C,1,CHEMBL612098
CHEMBL4743485,O=C(N/N=C/c1ccccc1)N1CCN(c2ccccn2)CC1,1,CHEMBL4743485
CHEMBL4743358,Cc1ccc(-c2nnc(N3CCN(c4ccccn4)CC3)o2)cc1,1,CHEMBL4743358
CHEMBL1443379,C/C=C(\C)C(=O)OC(C)(C)[C@@H]1Cc2cc3ccc(=O)oc3cc2O1,1,CHEMBL1443379
CHEMBL335220,Cc1ccc(NC(=O)Oc2ccc3c(c2)[C@]2(C)CCN(C)[C@@H]2N3C)c(C)c1,0,CHEMBL335220
CHEMBL2380671,O=C1/C(=C/c2ccccc2Cl)CN(C(=O)[C@H]2C[C@H]3CCCN3[C@]23C(=O)Nc2cc(Cl)ccc23)C/C1=C\c1ccccc1Cl,1,CHEMBL2380671
CHEMBL3215816,Cc1ccc2ccc(CNCCCCCCCCNc3c4c(nc5ccccc35)CCCC4)c(O)c2n1,0,CHEMBL3215816
CHEMBL5272229,COc1ccc([C@@H]2N[C@@H](C(=O)O)Cc3c2n(C)c2ccccc32)cc1OC,1,CHEMBL5272229
CHEMBL1198993,c1ccc2c(c1)[nH]c1c[n+](CCCCCCCCCCCC[n+]3ccc4c(c3)[nH]c3ccccc34)ccc12,1,CHEMBL1198993
CHEMBL5268897,CCC1=CC2Cc3nc4cc(Cl)ccc4c(NCCCN4CCC(CC5Cc6cc(OC)c(OC)cc6C5)CC4)c3C(C1)C2,0,CHEMBL5268897
CHEMBL5276617,CCC1=CC2Cc3nc4cc(Cl)ccc4c(NCCN4CCC(CC5Cc6cc(OC)c(OC)cc6C5)CC4)c3C(C1)C2,0,CHEMBL5276617
CHEMBL1194486,O=C(CCc1ccc2nc(-c3ccccc3)c3c(c2c1)OCCC3)NCCCCCCCNc1c2c(nc3cc(Cl)ccc13)CCCC2,0,CHEMBL1194486;CHEMBL3216221
CHEMBL5278221,CC(C)=CCC/C(C)=C/CC/C(C)=C\Cc1c(O)cc(O)c(CC=C(C)C)c1-c1cc2ccc(O)cc2o1,1,CHEMBL5278221
CHEMBL4097388,Cc1cc2c(c(C)c1CCO[C@@H]1O[C@H](CO)[C@@H](O)[C@H](O)[C@H]1O)C(=O)C(C)(C)[C@H]2O,1,CHEMBL4097388
CHEMBL376186,COc1ccccc1CN(C)CCCCCCCOc1ccc2c(=O)c3ccccc3oc2c1,1,CHEMBL376186
CHEMBL390737,CN(CCCCCCOc1ccc2c(=O)c3ccccc3oc2c1)Cc1ccccc1,1,CHEMBL390737
CHEMBL222875,CCN(CCCCCC(=O)Nc1ccc(CCc2ccc(NC(=O)CCCCCN(CC)Cc3ccccc3OC)cc2)cc1)Cc1ccccc1OC,0,CHEMBL222875
CHEMBL2237999,Nc1c2c(nc3nc(-c4ccccc4)cc(C(F)(F)F)c13)CCC2,1,CHEMBL2237999
CHEMBL129306,OC1CCN(Cc2ccc(OCCCN3CCCCC3)cc2)CC1,1,CHEMBL129306
CHEMBL4165897,COc1cc2c(cc1O)[C@@H]1[C@H](O)[C@@H](OC)C=C3CC[N@@+]([O-])(C2)[C@H]31,1,CHEMBL4165897
CHEMBL2047228,Cc1ccc(CNc2ccnc(NC3CCN(Cc4ccccc4)CC3)n2)cc1,1,CHEMBL2047228
CHEMBL4092048,COc1cc2c(cc1OC)C(=O)C(Cc1cc[n+](Cc3cccc(Cl)c3)cc1C(N)=O)C2,0,CHEMBL4092048
CHEMBL4072999,CC(=O)c1c[n+](Cc2ccccc2C)ccc1CC1Cc2cc(C)ccc2C1=O,0,CHEMBL4072999
CHEMBL238230,O=C(CCCNc1c2c(nc3ccccc13)CCCC2)CCCNc1c2c(nc3ccccc13)CCCC2,0,CHEMBL238230
CHEMBL302179,COc1ccccc1CNCCCCCCNCCCCCCNCCCCCCNCc1ccccc1OC,1,CHEMBL302179
CHEMBL166359,c1ccc2c(c1)CN1CCCCCCCC1=N2,1,CHEMBL166359
CHEMBL5089821,COc1cc2c(c(CO)c1OC)C[C@H]1c3c(cc4c(c3OC)OCO4)CC[N+]1=C2,1,CHEMBL5089821
CHEMBL5076804,COc1cc2c(c3c1OCOC3)C[C@H]1c3c(cc4c(c3OC)OCO4)CC[N+]1=C2,1,CHEMBL5076804
CHEMBL151368,CN(C)CCc1cccc(OC(=O)N(C)C)c1,0,CHEMBL151368
CHEMBL554453,C#CCNC1CCc2ccc(OC(=O)N(C)C)cc21,1,CHEMBL554453
CHEMBL3122170,CCOC(=O)c1ccc2nc(-c3ccc(Cl)cc3)c3c(c2c1)N(Cc1ccccc1)C(=O)CC3,1,CHEMBL3122170
CHEMBL3133433,Cn1ncc2c1-c1c(Br)sc(Br)c1C2NC(=O)CN1CCN(Cc2ccccc2)CC1,0,CHEMBL3133433
CHEMBL3133443,COc1cc2c(cc1OC)C(NC(=O)CN1CCN(Cc3ccccc3F)CC1)c1cnn(-c3ccccc3)c1-2,1,CHEMBL3133443
CHEMBL2441666,COc1cccc(CCCCCc2cccc(OC)[n+]2C)[n+]1C,0,CHEMBL2441666
CHEMBL4796602,CNC(=O)c1sc(-c2ccnc(NC(=O)C3CC3)c2)nc1OCCc1cn(CCNc2c3c(nc4ccccc24)CCCC3)nn1,0,CHEMBL4796602
CHEMBL4756424,CNC(=O)c1sc(-c2ccnc(NC(=O)C3CC3)c2)nc1OCCOCc1cn(CCNc2c3c(nc4cc(Cl)ccc24)CCCC3)nn1,0,CHEMBL4756424
CHEMBL4777788,CNC(=O)c1sc(-c2ccnc(NC(=O)CNCCNc3c4c(nc5cc(Cl)ccc35)CCCC4)c2)nc1OCC1CC1,0,CHEMBL4777788
CHEMBL4785004,CNC(=O)c1sc(-c2ccnc(NC(=O)CNCCNc3c4c(nc5ccc(OC)cc35)CCCC4)c2)nc1OCC1CC1,0,CHEMBL4785004
CHEMBL4761239,CCNC(=O)c1sc(-c2ccnc(NC(=O)CNCCNc3c4c(nc5ccccc35)CCCC4)c2)nc1OCC1CC1,0,CHEMBL4761239
CHEMBL4798419,CNC(=O)c1sc(-c2ccnc(NC(=O)CNCCCCCCCCNc3c4c(nc5ccccc35)CCCC4)c2)nc1OCC1CC1,0,CHEMBL4798419
CHEMBL3127006,CCN(CCCCCCOc1cc(O)c2c(=O)c(-c3ccc(O)cc3)coc2c1)Cc1ccccc1,1,CHEMBL3127006
CHEMBL4071394,S=C(NCCN1CCCCC1)Nc1cccc(Cl)c1,1,CHEMBL4071394
CHEMBL1543212,COc1ccc(NC(S)=NCCN2CCOCC2)cc1,1,CHEMBL1543212
CHEMBL4072865,COc1cc2c(cc1OC)C(=O)C(CC1C=CN(Cc3ccccc3C)C=C1C(N)=O)C2,1,CHEMBL4072865
CHEMBL3623552,O=C(c1cnn(C2CCCC2)c1)C(F)(F)F,0,CHEMBL3623552
CHEMBL3623549,CCC(C)n1cc(C(=O)C(F)(F)F)cn1,0,CHEMBL3623549
CHEMBL3623567,CC(C)Cn1cc(C(=O)CF)cn1,1,CHEMBL3623567
CHEMBL2409141,CC1=C[C@H]2Cc3[nH]c(=O)ccc3[C@@]3(C1)[C@@H]2[C@H](C)CN3C,1,CHEMBL2409141
CHEMBL3234038,CC1=CC2Cc3nc4cc(Cl)ccc4c(NCCCCCCCCCCNC(=O)c4cc(O)c5c(c4)C(=O)c4cccc(O)c4C5=O)c3C(C1)C2,0,CHEMBL3234038;CHEMBL3303094
CHEMBL3289924,CCOC(OCC)c1ccc(/C=C2\CCC/C(=C\c3ccc(C(OCC)OCC)cc3)C2=O)cc1,1,CHEMBL3289924
CHEMBL3289927,CCOC(OCC)c1ccc(/C=C2\CN(C)C/C(=C\c3ccc(C(OCC)OCC)cc3)C2=O)cc1,0,CHEMBL3289927
CHEMBL3290188,O=C1/C(=C\c2ccc(N3CCCC3)cc2)COC/C1=C\c1ccc(N2CCCC2)cc1,1,CHEMBL3290188
CHEMBL3233998,COc1ccc(C(C#N)N2CCOCC2)cc1O,1,CHEMBL3233998
CHEMBL3233999,COc1ccc(C(C#N)N2CCN(C)CC2)cc1O,1,CHEMBL3233999
CHEMBL4164010,O=CC1CCN(Cc2cc(Cl)c3ccccc3n2)CC1,1,CHEMBL4164010
CHEMBL242661,CCN(CCCCCCNC1=CC(=O)C(NCCCCCCN(CC)Cc2ccc(OC)cc2)=CC1=O)Cc1ccc(OC)cc1,0,CHEMBL242661
CHEMBL243270,CCN(CCNC1=CC(=O)C(NCCN(CC)Cc2ccccc2OC)=CC1=O)Cc1ccccc1OC,0,CHEMBL243270
CHEMBL230434,CCN(CCCCCCNc1ccc(NCCCCCCN(CC)Cc2ccccc2OC)cc1)Cc1ccccc1OC,0,CHEMBL230434
CHEMBL4206041,Cc1cc(=O)oc2cc(OCc3cc[n+](Cc4cccc(F)c4)cc3)ccc12,0,CHEMBL4206041
CHEMBL4248378,CN1CCc2oc3ccc(Br)cc3c(=O)c2C1,1,CHEMBL4248378
CHEMBL2396907,c1ccc(CCCNc2nc3ccccc3[nH]2)cc1,1,CHEMBL2396907
CHEMBL4060832,CN1CC2C(=O)N(Cc3ccccc3)C(=O)C2C12C(=O)c1ccccc1C2=O,1,CHEMBL4060832
CHEMBL4080216,CN1CC2C(=O)N(c3cccc(F)c3)C(=O)C2C12C(=O)c1ccccc1C2=O,1,CHEMBL4080216
CHEMBL4098808,CN1CC2C(=O)N(c3ccc(Cl)cc3)C(=O)C2C12C(=O)c1ccccc1C2=O,1,CHEMBL4098808
CHEMBL523830,O=C(NCc1ccccc1)O[C@H]1CO[C@H]2[C@@H]1OC[C@H]2OC(=O)c1ccccc1,1,CHEMBL523830
CHEMBL3827288,CCCCCCCNC(=O)Oc1cccc(CN(C)CCCOc2ccc3c4c(c(=O)oc3c2)CCCC4)c1,0,CHEMBL3827288
CHEMBL3828443,CCCCCCCNC(=O)Oc1cccc(-n2cc(COc3ccc4ccc(=O)oc4c3)nn2)c1,0,CHEMBL3828443
CHEMBL3828028,CCCCCCCC1OCc2c[n+](C)c(C)c(OC(=O)N(C)C)c2CO1,1,CHEMBL3828028
CHEMBL158946,C/N=C1/CCc2c1n(C)c1ccc(OC(=O)N(C)C)c(Br)c21,0,CHEMBL158946
CHEMBL474837,COc1ccc(C(=O)c2ccc(CN(C)Cc3ccccc3)cc2)cc1F,1,CHEMBL474837
CHEMBL2425415,COc1ccc(NC(=S)NNC=C2C(=O)NC(=S)NC2=O)cc1,1,CHEMBL2425415
CHEMBL2425410,O=C1NC(=S)NC(=O)C1=CNNC(=S)Nc1ccc(Cl)cc1,1,CHEMBL2425410
CHEMBL2425418,NC(=S)NNC=C1C(=O)NC(=O)NC1=O,1,CHEMBL2425418
CHEMBL2419681,N#Cc1c(Cl)nc(NC2CCN(Cc3ccccc3)CC2)c(C#N)c1-c1ccccc1,1,CHEMBL2419681
CHEMBL538852,CNC(=O)Oc1ccc2c(c1)[C@]1(C)CC[N@@+](C)([O-])[C@@H]1N2C,0,CHEMBL538852
CHEMBL4081932,CC1CCN(CCNC(=S)Nc2cccc(Cl)c2)CC1,1,CHEMBL4081932
CHEMBL3950130,CC(C)Cc1ccc(/C=C2\Oc3ccccc3C2=O)cc1,0,CHEMBL3950130
CHEMBL471581,COc1ccc(C(=O)c2ccc(CN(C)Cc3cccc(C)c3)cc2)cc1OC,1,CHEMBL471581
CHEMBL576004,CC1=CC2Cc3nc4cc(Cl)ccc4c(NC(=O)CCl)c3C(C1)C2,1,CHEMBL576004
CHEMBL576385,CC1=CC2Cc3nc4cc(Cl)ccc4c(NCCCl)c3C(C1)C2,0,CHEMBL576385
CHEMBL575613,CC1=CC2Cc3nc4ncccc4c(N)c3C(C1)C2,0,CHEMBL575613
CHEMBL32543,CCCCCCNC(=O)Oc1ccc2c(c1)[C@@H]1CCN(CCC)C1C2,0,CHEMBL32543
CHEMBL3216209,COc1cc2c(cc1OC)CC(CC1CCN(CCCNc3c4c(nc5ccccc35)CCCC4)CC1)C2,0,CHEMBL3216209
CHEMBL195437,CCCCCCCCc1ccc(O)cc1,1,CHEMBL195437
CHEMBL4213147,CCCNCC(=O)Nc1ccc2nc3n(c(=O)c2c1)CCC3,0,CHEMBL4213147
CHEMBL4242359,COc1ccc2c(c1)C/C(=C/c1ccccc1-c1ccc3ccccc3c1)C2=O,0,CHEMBL4242359
CHEMBL393212,CC[C@H](C)C1=N[C@H]2CC=C3C[C@H]4C(=O)C[C@]5(C)[C@@H]([C@H](C)N(C)C)[C@H](O)C[C@@]5(C)[C@@H]4CC[C@H]3[C@]2(C)CO1,0,CHEMBL393212
CHEMBL557400,CC(C)c1ccc(NC(=O)Oc2ccc3c(c2)[C@]2(C)CC[N@@+](C)([O-])[C@@H]2N3C)cc1,1,CHEMBL557400
CHEMBL575619,C[C@@H]1CCC[C@H](C)N1S(=O)(=O)c1ccccc1,0,CHEMBL575619
CHEMBL4062146,Cc1cc2nc3c(nc2cc1C)C1(C(C#N)=C(N)N2CCNC2=C1[N+](=O)[O-])c1ccccc1-3,1,CHEMBL4062146
CHEMBL4163705,OCC1CCN(Cc2cc(Cl)c3ccccc3n2)CC1,1,CHEMBL4163705
CHEMBL4176598,[N-]=[N+]=Nc1cc(CN2CCC(C=O)CC2)nc2ccccc12,1,CHEMBL4176598
CHEMBL4172587,COc1cc2c(cc1OC)C(=O)/C(=C/C1CCN(Cc3cc(N=[N+]=[N-])c4ccccc4n3)CC1)C2,1,CHEMBL4172587
CHEMBL2234513,CCOC(=O)C1=C(C)Oc2nc3c(c(N)c2[C@H]1c1cccnc1OC)CCCC3,1,CHEMBL2234513
CHEMBL4079853,CN1CC2C(=O)N(c3ccccc3)C(=O)C2C12C(=O)c1ccccc1C2=O,1,CHEMBL4079853
CHEMBL3403313,CCN(CC)C(=O)[C@H](Cc1ccc(Cl)cc1)NC(=O)[C@H](CC(C)C)NC(=O)[C@@H](NC(=O)[C@@H](N)COC(=O)[C@@H]1CCCN1C(C)=O)C(C)C,1,CHEMBL3403313
CHEMBL2011404,COc1ccc([C@@H]2CC(=O)c3c(cc(O)c(C/C=C(\C)CCC=C(C)C)c3O)O2)cc1O,1,CHEMBL2011404
CHEMBL4790545,COc1ccc2cc(C(=O)NCCC3CCN(Cc4ccccc4)CC3)ccc2c1,0,CHEMBL4790545
CHEMBL154263,CC1CCN(Cc2ccc(CNCCN3CCNC3=C(C#N)C#N)o2)CC1,0,CHEMBL154263
CHEMBL4781245,O=C(CN1CCN(C(=O)c2cccc(Cl)c2)CC1)N1CCN(CCCc2c[nH]c3ccc(F)cc23)CC1,1,CHEMBL4781245
CHEMBL4796660,COc1ccc2[nH]cc(CCCN3CCN(C(=O)CN4CCN(C(=O)c5ccc(Cl)cc5)CC4)CC3)c2c1,1,CHEMBL4796660
CHEMBL102226,CCCCCCCSC(=O)OCC[N+](C)(C)C,1,CHEMBL102226
CHEMBL137721,CN[C@H]1CC[C@@]2(C)[C@@H](CC[C@@H]3[C@@H]2CC[C@]2(C)C([C@H](C)N(C)C)=CC[C@@H]32)C1,1,CHEMBL137721
CHEMBL3884690,O=S(=O)(c1ccccc1)n1ccc2c(N3CCN(CCCCCCCNc4c5c(nc6ccccc46)CCCC5)CC3)cccc21,0,CHEMBL3884690
CHEMBL4216806,CN(Cc1ccccc1)Cc1ccc(NC(=O)/C=C/c2ccc(O)c(O)c2)cc1,1,CHEMBL4216806
CHEMBL4173405,COc1ccc2c(c1)CCC(Cc1cc[n+](Cc3cccc(C(F)(F)F)c3)cc1C(C)=O)C2=O,0,CHEMBL4173405
CHEMBL3414597,COc1cc(N)c(Cl)cc1C(=O)CCC1CCN(CC2CC2)CC1,0,CHEMBL3414597
CHEMBL3416996,COc1cc(N)c(Cl)cc1C(=O)CCC1CCN(CC2CCCC2)CC1,0,CHEMBL3416996
CHEMBL3416998,COc1cc(N)c(Cl)cc1C(=O)CCC1CCN(CC2CCNCC2)CC1,0,CHEMBL3416998;CHEMBL3546835
CHEMBL4090498,C[n+]1c2ccccc2c(-c2ccccc2)c2ccccc21,1,CHEMBL4090498
CHEMBL4091935,C[n+]1c2ccccc2c(-c2c(O)ccc3ccccc23)c2ccccc21,1,CHEMBL4091935
CHEMBL3356530,O=C1C=C(NCCNc2c3c(nc4ccccc24)CCCC3)C(=O)c2ccccc21,0,CHEMBL3356530
CHEMBL3356953,O=C1C(Cl)=C(NCCNc2c3c(nc4ccccc24)CCCC3)C(=O)c2ccccc21,0,CHEMBL3356953
CHEMBL2413559,c1ccc2[nH]c(-c3ccc(OCCN4CCCC4)cc3)nc2c1,1,CHEMBL2413559
CHEMBL2413745,CCN(CC)CCOc1ccc(-c2nc3ccccc3[nH]2)cc1,1,CHEMBL2413745
CHEMBL3334506,O=c1oc2cc(OCCCCN3CCC(Cc4ccccc4)CC3)ccc2c2ccccc12,1,CHEMBL3334506
CHEMBL3335059,COc1cccc(CC2CCN(CCOc3ccc4c(c3)oc(=O)c3ccccc34)CC2)c1,1,CHEMBL3335059
CHEMBL2093019,C#CCN[C@H]1CCc2ccc(OC(=O)N(C)CCCC)cc21,1,CHEMBL2093019
CHEMBL1340607,COc1ccc(NC(S)=NCCN2CCC(C)CC2)cc1Cl,1,CHEMBL1340607
CHEMBL1301463,CN(C)CCN=C(S)Nc1cccc(Cl)c1,1,CHEMBL1301463
CHEMBL382260,COc1ccc2[nH]cc(CCNC(=O)CCCCCCNc3c4c(nc5ccccc35)CCCC4)c2c1,0,CHEMBL382260
CHEMBL413039,CC(=O)O[C@H]1[C@@H](NC(=O)c2ccccc2)[C@@H](O)C[C@]2(C)[C@H]3CC[C@]4(C)[C@@H]([C@H](C)N(C)C)CC[C@H]4[C@@H]3CC[C@@H]12,1,CHEMBL413039
CHEMBL5218491,O=C(Oc1cc(O)c2c(=O)cc(-c3ccc(O)cc3)oc2c1)N1CCCCC1,1,CHEMBL5218491
CHEMBL3263736,COc1cccc(CN(C)Cc2ccc(C(=O)NCCc3c[nH]c4ccccc34)cc2)c1,1,CHEMBL3263736
CHEMBL3115025,COc1cc2[se]n(-c3ccc(OCCN4CCCCC4)cc3)c(=O)c2cc1OC,0,CHEMBL3115025
CHEMBL4633410,COc1ccc([C@H]2O[C@@H](O)[C@H]3[C@@H]2C(=O)O[C@@H]3c2ccc(OC)c(OC)c2)cc1OC,0,CHEMBL4633410
CHEMBL4632951,C#CCNc1c2c(nc3cc(Cl)ccc13)CCCC2,0,CHEMBL4632951
CHEMBL599644,CN(Cc1ccccc1)Cc1ccc(/C=C2\CCc3cc(OCCCCCN4CCCCC4)ccc3C2=O)cc1,0,CHEMBL599644
CHEMBL3597548,CN(Cc1ccccc1)Cc1ccc(/C=C2\Cc3ccc(OCCCCCN4CCC(c5ccccc5)CC4)cc3C2=O)cc1,1,CHEMBL3597548
CHEMBL4641580,COc1ccc(C(=O)O[C@@H]2C[N@@]3Cc4c(cc5c(c4OC)OCO5)[C@@]24C=C[C@H](OC)C[C@H]34)cc1OC,1,CHEMBL4641580
CHEMBL4280241,Fc1ccc2c(C3CCN(CCN4CCCC4)CC3)noc2c1,1,CHEMBL4280241
CHEMBL4084714,COc1cc(/C=C/C(=O)Nc2ccccc2)ccc1OCCCCCCCCN(C)C,1,CHEMBL4084714
CHEMBL4075021,COc1cc(/C=C/C(=O)O)ccc1OCCCCCCN1CCCCC1,1,CHEMBL4075021
CHEMBL4101703,COc1cc(/C=C/C(=O)Nc2ccccc2)ccc1OCCN1CCCC1,1,CHEMBL4101703
CHEMBL1788255,C#CCN(C)[C@H](C)Cc1cccc(OC(=O)N(C)CCCCCC)c1,1,CHEMBL1788255
CHEMBL1161718,C=C1c2cc(Cl)ccc2N=C2CCCCCN12,0,CHEMBL1161718
CHEMBL4283651,O=C(Cc1c[nH]c2ccccc12)NCCC1CCN(Cc2ccccc2)CC1,1,CHEMBL4283651
CHEMBL3972214,C#CCN(Cc1ccc2cccc(O)c2n1)C(C#N)CC1CCN(Cc2ccccc2)CC1,1,CHEMBL3972214
CHEMBL4285471,CCN(CC)CCCCOc1ccc(/C=C2\COc3ccccc3C2=O)cc1,1,CHEMBL4285471
CHEMBL5592608,O=C(NCCCCCCNc1c2c(nc3ccccc13)CCCC2)c1ccccc1O,0,CHEMBL5592608
CHEMBL5595908,COc1cc(CNCCCNc2c3c(nc4ccccc24)CCCCC3)ccc1O,1,CHEMBL5595908
CHEMBL460969,C[C@H](CCC(=O)O)[C@H]1CC(=O)[C@@]2(C)C3=C(C(=O)C[C@]12C)[C@@]1(C)CCC(=O)C(C)(C)[C@@H]1C[C@@H]3O,1,CHEMBL460969
CHEMBL74922,CCCCN1CCc2cc(C(=O)CCC3CCN(Cc4ccccc4)CC3)ccc21,0,CHEMBL74922
CHEMBL310918,O=C(CCC1CCN(Cc2cccc([N+](=O)[O-])c2)CC1)c1ccc2c(c1)CCN2,0,CHEMBL310918
CHEMBL1083065,COc1ccc2c(c1OC)C(=O)CC2CCC1CCN(Cc2ccccc2)CC1,0,CHEMBL1083065
CHEMBL1083375,CCCCCCCNC(=O)Oc1ccc2c(c1)[C@]1(C)CCN(CC)[C@@H]1C2,0,CHEMBL1083375
CHEMBL1084880,CCN1CC[C@@]2(C)c3cc(OC(=O)Nc4ccccc4)ccc3C[C@@H]12,0,CHEMBL1084880
CHEMBL1085011,CCCCCCNC(=O)Oc1ccc2c(c1)C1CCN(CCC)C1C2,0,CHEMBL1085011
CHEMBL140936,CCN(CCC1CCN(Cc2ccccc2)CC1)c1ccccc1,1,CHEMBL140936
CHEMBL1082428,CNC(=O)Oc1ccc(-c2cn3c(C)cccc3[n+]2C)cc1,1,CHEMBL1082428
CHEMBL1083066,CCCCCCCNC(=O)Oc1ccc2c(c1)[C@]1(C)CCN(C)[C@@H]1C2,0,CHEMBL1083066
CHEMBL141873,COc1ccc(C(=O)N(CCC2CCN(Cc3ccccc3)CC2)c2ccccc2)cc1,0,CHEMBL141873
CHEMBL4555887,CCOc1ccc(Cc2nc3cc(C(=O)NCCOCCOCCNc4c5c(nc6ccccc46)CCCC5)ccc3n2CCC(C)C)cc1,0,CHEMBL4555887
CHEMBL4447210,CCOc1ccc(Cc2nc3cc(C(=O)NCCSSCCNc4c5c(nc6ccccc46)CCCC5)ccc3n2CCC(C)C)cc1,0,CHEMBL4447210
CHEMBL1289159,COc1ccc(C2CN(C)C3(C(=O)Nc4ccccc43)C23Cc2cc(OC)c(OC)cc2C3=O)cc1OC,1,CHEMBL1289159
CHEMBL5565153,CC(C)(C)c1ccc(Oc2ccc3nc4c(c(N)c3c2)CCC4)cc1,1,CHEMBL5565153
CHEMBL5592792,COc1ccc(Oc2ccc3nc4c(c(N)c3c2)CCCC4)cc1,1,CHEMBL5592792
CHEMBL5563895,Cc1cccc(Oc2ccc3nc4c(c(N)c3c2)CCCCC4)c1,1,CHEMBL5563895
CHEMBL5575842,CC(C)(C)c1ccc(Oc2ccc3nc4c(c(N)c3c2)CCCCC4)cc1,1,CHEMBL5575842
CHEMBL5572120,Cc1noc(-c2ccc(N)cc2)n1,0,CHEMBL5572120
CHEMBL5566300,CCCCOc1cc(-c2nc(C)no2)ccc1N,0,CHEMBL5566300
CHEMBL5573558,CC(CCCCn1c(=O)c2c(ncn2C)n(C)c1=O)=NNC(=O)COc1ccccc1-c1nc(-c2ccccc2)no1,0,CHEMBL5573558
CHEMBL3787307,CC(C)N1Cc2cc(O)ccc2N(C)C1c1ccccc1,1,CHEMBL3787307
CHEMBL4092123,CNC(=O)c1c[n+](Cc2ccccc2C)ccc1CC1Cc2cc(OC)c(OC)cc2C1=O,1,CHEMBL4092123
CHEMBL4084371,CC(=O)c1c[n+](Cc2ccccc2C)ccc1CC1Cc2cc3c(cc2C1=O)OCO3,0,CHEMBL4084371
CHEMBL5570989,C[C@@H](c1cccc(OC(=O)NCCCCCNc2c3c(nc4cc(Cl)ccc24)CCCC3)c1)N(C)C,0,CHEMBL5570989
CHEMBL5574879,O=C(NCCCCCNc1c2c(nc3ccccc13)CCCC2)Oc1ccc2cc[nH]c2c1,0,CHEMBL5574879
CHEMBL5567396,O=C(NCCCCCNc1c2c(nc3cc(F)ccc13)CCCC2)Oc1ccc(-c2cc3cccnc3[nH]2)cc1,0,CHEMBL5567396
CHEMBL5591597,Cc1ccc(C(C)C)cc1OCC(=O)NCCNc1cccc2cccnc12,1,CHEMBL5591597
CHEMBL4280224,CCN(CC)Cc1cc(N)ccc1O,1,CHEMBL4280224
CHEMBL4063663,COc1cc(/C=C/C(=O)Nc2ccccc2)ccc1OCCCCN1CCCC1,1,CHEMBL4063663
CHEMBL4100760,COc1cc2c(cc1OC)C(=O)/C(=C/c1ccc(CN3CCCCC3)c(O)c1)O2,0,CHEMBL4100760
CHEMBL1644325,CC(=O)c1cc[n+](CCC[n+]2ccc(/C=N/O)cc2)cc1,1,CHEMBL1644325
CHEMBL1644328,N/C(=N\O)c1cc[n+](CCC[n+]2ccc(/C=N/O)cc2)cc1,1,CHEMBL1644328
CHEMBL2152545,CCCCCCCNC(=O)Oc1ccc2c(c1)CN1CCc3ccccc3C1N2C,1,CHEMBL2152545
CHEMBL435071,COc1cc2c(cc1OC)C(=O)C(CC1CCN(Cc3cccc([N+](=O)[O-])c3)CC1)C2,0,CHEMBL435071
CHEMBL3597060,CC(C)(C)OC(=O)C1=C(Nc2ccccc2)C[C@@H](c2ccccc2)N(c2ccccc2)[C@@H]1c1ccccc1,1,CHEMBL3597060
CHEMBL3597003,CCOC(=O)C1=C(Nc2ccccc2)C[C@@H](c2ccc(C)cc2)N(c2ccccc2)[C@@H]1c1ccc(C)cc1,1,CHEMBL3597003
CHEMBL3323056,CCN(CC)CCCOc1ccc2nc3n(c(=O)c2c1)CCC3,1,CHEMBL3323056
CHEMBL4759959,COc1cc(/C=C/C(=O)N2CCc3ccccc3C2)ccc1OC(=O)N(C)C,1,CHEMBL4759959
CHEMBL4091651,Cc1cc2nc3c(nc2cc1C)C1(C(C#N)=C(N)N2CCCNC2=C1[N+](=O)[O-])c1ccccc1-3,1,CHEMBL4091651
CHEMBL4064904,CC1(C)CNC2=C([N+](=O)[O-])C3(C(C#N)=C(N)N2C1)c1ccccc1-c1nc2ccccc2nc13,1,CHEMBL4064904
CHEMBL4073501,CC1(C)CNC2=C([N+](=O)[O-])C3(C(C#N)=C(N)N2C1)c1ccccc1-c1nc2ccc([N+](=O)[O-])cc2nc13,1,CHEMBL4073501
CHEMBL3323068,CCN(CC)CCCOc1ccc2nc3n(c(=O)c2c1)CCCCC3,1,CHEMBL3323068
CHEMBL3763832,CC1(C)CNC2=C([N+](=O)[O-])C3(C(=O)c4ccc(Br)c5c(Br)ccc3c45)C(C#N)=C(N)N2C1,1,CHEMBL3763832
CHEMBL3763778,CC1(C)CNC2=C([N+](=O)[O-])C3(C(=O)Nc4ccccc43)C(C#N)=C(N)N2C1,1,CHEMBL3763778
CHEMBL3323049,CCN(CC)CCCOc1ccc2nc3n(c(=O)c2c1)CCCc1ccccc1-3,1,CHEMBL3323049
CHEMBL3322142,CCN(CCC(=O)NCCCCNc1c2c(nc3ccccc13)CCCC2)C1CCCCC1,0,CHEMBL3322142
CHEMBL3322156,CN(CCC(=O)NCCCNc1c2c(nc3ccccc13)CCCC2)C1CCCCC1,0,CHEMBL3322156
CHEMBL3764376,N#CC1=C(N)N2CCCNC2=C([N+](=O)[O-])C12C(=O)Nc1ccc(F)cc12,0,CHEMBL3764376
CHEMBL3765697,N#CC1=C(N)N2CCCNC2=C([N+](=O)[O-])C12C(=O)Nc1ccc([N+](=O)[O-])cc12,1,CHEMBL3765697
CHEMBL3765569,N#CC1=C(N)N2CCNC2=C([N+](=O)[O-])C12C(=O)Nc1ccc([N+](=O)[O-])cc12,1,CHEMBL3765569
CHEMBL3234039,CC1=CC2Cc3nc4cc(Cl)ccc4c(NCCCCCCCCCCCNC(=O)c4cc(O)c5c(c4)C(=O)c4cccc(O)c4C5=O)c3C(C1)C2,0,CHEMBL3234039;CHEMBL3304241
CHEMBL2238000,Nc1c2c(nc3nc(-c4ccccc4)cc(C(F)(F)F)c13)CCCC2,0,CHEMBL2238000
CHEMBL164,O=c1c(O)c(-c2cc(O)c(O)c(O)c2)oc2cc(O)cc(O)c12,0,CHEMBL164
CHEMBL3828644,Cc1c(OC(=O)N(C)C)c2c(c[n+]1C)COC(C)OC2,1,CHEMBL3828644
CHEMBL2238003,CC1Cc2nc3nc(-c4ccccc4)cc(C(F)(F)F)c3c(N)c2C1,1,CHEMBL2238003
CHEMBL2237995,Nc1cc(-c2ccccc2Br)nc2nc(-c3ccccc3)cc(C(F)(F)F)c12,0,CHEMBL2237995
CHEMBL2237993,Nc1cc(-c2ccc(F)cc2)nc2nc(-c3ccccc3)cc(C(F)(F)F)c12,1,CHEMBL2237993
CHEMBL252723,COc1cc2c(cc1OC)[C@]1(OC2=O)[C@H](O)[C@@H](O)C=C2CCN(C)[C@H]21,1,CHEMBL252723
CHEMBL2234531,CCOC(=O)C1=C(C)Nc2nc3c(c(N)c2[C@@H]1c1ccccc1OC)CCCC3,0,CHEMBL2234531
CHEMBL2234545,CCOC(=O)C1=C(C)Oc2nc3c(c(N)c2[C@H]1c1cccs1)CCC3,1,CHEMBL2234545
CHEMBL2234544,CCOC(=O)C1=C(C)Oc2nc3c(c(N)c2[C@H]1c1ccncc1)CCC3,1,CHEMBL2234544
CHEMBL2234540,CCOC(=O)c1c(C)nc2nc3c(c(N)c2c1-c1ccc(Cl)cc1)CCCCC3,1,CHEMBL2234540
CHEMBL490338,CCOC(=O)C1=C(C)Nc2nc3c(c(N)c2C1c1ccc(-c2ccccc2)cc1)CCCC3,0,CHEMBL490338
CHEMBL219405,CCOC(=O)C1=C(C)Nc2nc3c(c(N)c2C1c1ccc([N+](=O)[O-])cc1)CCCC3,0,CHEMBL219405
CHEMBL219172,CCOC(=O)C1=C(C)Nc2nc3c(c(N)c2C1c1ccc(F)cc1)CCCC3,0,CHEMBL219172
CHEMBL3892148,COc1ccc2nc(NCCc3cc[n+](Cc4ccccc4)cc3)sc2c1,0,CHEMBL3892148
CHEMBL3910025,COc1ccc2nc(NCCc3cc[n+](Cc4c(F)cccc4F)cc3)sc2c1,0,CHEMBL3910025
CHEMBL4776999,CCCC[N+]1(C)CCN(c2ccc(/C=C3\Cc4cc(OC)c(OC)cc4C3=O)cc2)CC1,0,CHEMBL4776999
CHEMBL4282558,CC(C)(C)c1cc(/C=C/C(=O)NCCC2CCN(Cc3cccc(Cl)c3)CC2)cc(C(C)(C)C)c1O,1,CHEMBL4282558
CHEMBL503392,O=C1C2=C(CCCC2)S(=O)(=O)N1c1c(F)c(F)c(F)c(F)c1F,1,CHEMBL503392
CHEMBL355986,C#CCCOC[n+]1ccn(C(C)(C)C)c1/C=N/O,1,CHEMBL355986
CHEMBL1834808,CCCCCCCC/C=C\CCCCCCCC(=O)OCCCc1cc(OC)c2oc(-c3ccc4c(c3)OCO4)cc2c1,1,CHEMBL1834808
CHEMBL1430084,c1ccc(CN2CCN(c3nc(-c4ccccc4)nc4ccccc34)CC2)cc1,0,CHEMBL1430084
CHEMBL4099486,COCCN(CC(=O)NC(C)C)C(=O)CCCCCn1ccnc1/C=N/O,1,CHEMBL4099486
CHEMBL3311040,COc1ccc(-c2coc3c4c(ccc3c2=O)OC(C)(C)C=C4)cc1OC,1,CHEMBL3311040
CHEMBL272700,CCN(Cc1ccccc1)Cc1ccc(-c2cc3cc(OCCNC(=O)Cc4cc(F)cc(F)c4)ccc3oc2=O)cc1,0,CHEMBL272700
CHEMBL1761993,c1ccc2c(c1)ccc[n+]2CCCCC[n+]1cccc2ccccc21,1,CHEMBL1761993
CHEMBL1761995,c1ccc2c(c1)ccc[n+]2CCCCCCCC[n+]1cccc2ccccc21,0,CHEMBL1761995
CHEMBL1761999,C(=C/C[n+]1cccc2ccccc21)/C[n+]1cccc2ccccc21,1,CHEMBL1761999
CHEMBL1762003,c1ccc2c(c1)ccc[n+]2Cc1ccc2ccc(C[n+]3cccc4ccccc43)cc2c1,0,CHEMBL1762003
CHEMBL3623558,CCC(CC)n1cc(C(=O)C(F)F)cn1,0,CHEMBL3623558
CHEMBL1198953,C[n+]1ccc2c3ccccc3n(CCCCCCCCCn3c4ccccc4c4cc[n+](C)cc43)c2c1,0,CHEMBL1198953
CHEMBL5285181,CCOC(=O)[n+]1ccc2c([nH]c3cc(OC)ccc32)c1C,0,CHEMBL5285181
CHEMBL5267519,Cn1c2ccccc2c2cc[n+](-c3ccc(Br)cc3Br)cc21,0,CHEMBL5267519
CHEMBL5274308,Cn1c2c(c3ccccc31)CC[N+](c1ccc(I)cc1)=C2,1,CHEMBL5274308
CHEMBL3262479,CN1c2ccc(OCc3ccccc3)cc2C(=O)N2CCc3c([nH]c4ccccc34)C21,1,CHEMBL3262479
CHEMBL4094761,CCOC(=O)/C=C/c1ccc(OCCCCCCN2CCCCC2)c(OC)c1,1,CHEMBL4094761
CHEMBL268481,CN1CC[C@H]2COc3c(O)cccc3[C@H]21,1,CHEMBL268481
CHEMBL4062593,CCOC(=O)/C=C/c1ccc(OCCCCCCN2CCCC2)c(OC)c1,1,CHEMBL4062593
CHEMBL395815,CCN(CCCCCCNC1=CC(=O)C(NCCCCCCN(CC)Cc2ccccc2[N+](=O)[O-])=CC1=O)Cc1ccccc1[N+](=O)[O-],1,CHEMBL395815
CHEMBL2441679,COc1ccc(C(F)(F)F)c[n+]1CCCCC[n+]1cc(C(F)(F)F)ccc1OC,1,CHEMBL2441679
CHEMBL2441675,COc1cc2c(cc1OC)C(=O)C(CCCCCCc1cccc(OC)[n+]1C)C2,0,CHEMBL2441675
CHEMBL2441690,COc1ccc([N+](=O)[O-])c[n+]1C,1,CHEMBL2441690
CHEMBL3093801,c1cc[n+](CCCCCCCCC[n+]2cccc3ccccc32)cc1,0,CHEMBL3093801
CHEMBL3093799,c1cc[n+](CCCCCCC[n+]2cccc3ccccc32)cc1,0,CHEMBL3093799
CHEMBL3093794,c1cc[n+](CCCCCCC[n+]2ccc3ccccc3c2)cc1,0,CHEMBL3093794
CHEMBL3623561,CC(C)(C)c1cccc(C(=O)CF)c1,0,CHEMBL3623561
CHEMBL3623563,CCC(C)n1cc(C(=O)CF)cn1,1,CHEMBL3623563
CHEMBL3623565,CCC(CC)n1cc(C(=O)CF)cn1,1,CHEMBL3623565
CHEMBL1202885,c1ccc(CN2CCC(CCNc3cc4c(nn3)-c3ccccc3CC4)CC2)cc1,0,CHEMBL1202885
CHEMBL3116279,c1ccc(COc2nn(Cc3ccccc3)c3ccccc23)cc1,1,CHEMBL3116279
CHEMBL4093928,CCO[P@@](=O)(SCC)c1ccccc1,1,CHEMBL4093928
CHEMBL145,O=C(O)/C=C/c1ccc(O)c(O)c1,1,CHEMBL145
CHEMBL1275924,O=P(O)(NN1CCCCC1)Oc1ccccc1,1,CHEMBL1275924
CHEMBL3628053,O=C(NCCc1c[nH]c2ccccc12)c1ccc[n+](Cc2ccccc2)c1,1,CHEMBL3628053
CHEMBL383663,O=C(CCCCCNc1c2c(nc3cc(Cl)ccc13)CCCC2)NCCc1c[nH]c2ccccc12,0,CHEMBL383663
CHEMBL199538,O=C(CCCCCNc1c2c(nc3cc(Cl)cc(Cl)c13)CCCC2)NCCc1c[nH]c2ccccc12,0,CHEMBL199538
CHEMBL199748,COc1ccc2[nH]cc(CCNC(=O)CCCCCNc3c4c(nc5cc(Cl)ccc35)CCCC4)c2c1,0,CHEMBL199748
CHEMBL3969241,O=C(c1ccccc1F)N1CCN(C2CCN(Cc3ccccc3)CC2)CC1,1,CHEMBL3969241
CHEMBL4560804,C/C(=C/CC[C@H](CO)c1cc2cc(O)c(O)cc2o1)CO,1,CHEMBL4560804
CHEMBL5647220,COc1ccc(-c2cc(-c3ccc(Br)cc3)c3c(N)n[nH]c3n2)cc1,1,CHEMBL5647220
CHEMBL5177941,COc1ccc(-c2cc(-c3ccc(OC)cc3)c3c(N)n[nH]c3n2)cc1,0,CHEMBL5177941
CHEMBL5639307,COc1ccc(-c2cc(-c3cc(OC)c(OC)c(OC)c3)c3c(N)n[nH]c3n2)cc1,1,CHEMBL5639307
CHEMBL5639721,COc1ccc(-c2cc(-c3ccc(Br)cc3)nc3[nH]nc(N)c23)cc1,0,CHEMBL5639721
CHEMBL5647222,COc1cc(-c2cc(-c3ccc(Br)cc3)nc3[nH]nc(N)c23)cc(OC)c1OC,0,CHEMBL5647222
CHEMBL1834810,CC[C@H](C)C(=O)OCCCc1cc(OC)c2oc(-c3ccc4c(c3)OCO4)cc2c1,1,CHEMBL1834810
CHEMBL1290043,COc1cc2c(cc1OC)C(=O)C1(C2)C(c2ccccc2Cl)C(c2ccccc2)NC12C(=O)Nc1ccccc12,1,CHEMBL1290043
CHEMBL2332547,C=CC(=O)N1C/C(=C\c2cccc3ccccc23)C(=O)/C(=C/c2cccc3ccccc23)C1,1,CHEMBL2332547
CHEMBL5591073,CNC(=O)COc1cc(C(C)C)ccc1C,1,CHEMBL5591073
CHEMBL5592053,Cc1ccc(C(C)C)cc1OCC(=O)NC1CCCCC1,1,CHEMBL5592053
CHEMBL5589858,Cc1ccc(C(C)C)cc1OCC(=O)NCCC1=CCCCC1,1,CHEMBL5589858
CHEMBL5583846,Cc1ccc(C(C)C)cc1OCC(O)CNC(C)(C)C,0,CHEMBL5583846
CHEMBL5590201,Cc1ccc(C(C)C)cc1OCC(O)CNCCC1=CCCCC1,0,CHEMBL5590201
CHEMBL2396903,CCCCNc1nc2ccccc2n1C,1,CHEMBL2396903
CHEMBL1376358,CCCCNc1nc2ccccc2[nH]1,1,CHEMBL1376358
CHEMBL3335063,COc1cccc(CN(C)CCCOc2ccc3c(c2)oc(=O)c2ccccc23)c1,1,CHEMBL3335063
CHEMBL504674,COc1ccc(C(=O)c2c(-c3ccc(OCCCCCCCN(C)Cc4ccccc4)cc3)oc3ccccc23)cc1OC,1,CHEMBL504674
CHEMBL511948,CC(=O)c1c(-c2ccc(OCCCCCCCN(C)Cc3ccccc3)cc2)oc2ccccc12,1,CHEMBL511948
CHEMBL4563408,O=C(Nc1ccc(OC(F)F)nc1)NC1CCN(c2ncnc3c2nc(-c2ccccc2Cl)n3-c2ccc(Cl)cc2)CC1,1,CHEMBL4563408
CHEMBL2441686,COc1c(F)ccc[n+]1C,1,CHEMBL2441686
CHEMBL2441667,COc1cccc(CCCCCCc2cccc(OC)[n+]2C)[n+]1C,0,CHEMBL2441667
CHEMBL3827011,CCCCCCCCC1OCc2c[n+](C)c(C)c(OC(=O)N(C)C)c2CO1,1,CHEMBL3827011
CHEMBL3822559,O=C(CC1CCN(Cc2ccccc2)CC1)NCCc1c[nH]c2ccccc12,1,CHEMBL3822559
CHEMBL3823317,COc1ccc2[nH]cc(CCNC(=O)CC3CCN(Cc4ccccc4C)CC3)c2c1,1,CHEMBL3823317
CHEMBL3823464,Cc1cccc(CN2CCC(CC(=O)NCCc3c[nH]c4ccccc34)CC2)c1,1,CHEMBL3823464
CHEMBL3822670,Cc1ccc(CN2CCC(CC(=O)NCCc3c[nH]c4ccccc34)CC2)cc1,1,CHEMBL3822670
CHEMBL3823578,COc1ccc2[nH]cc(CCNC(=O)C3CCN(Cc4ccccc4C)CC3)c2c1,1,CHEMBL3823578
CHEMBL3823197,O=C(CCc1c[nH]c2ccccc12)NC1CCN(Cc2ccccc2)CC1,1,CHEMBL3823197
CHEMBL369661,Nc1c2c(nc3c(Cl)cccc13)CCCC2,0,CHEMBL369661
CHEMBL3407581,C#CCN(C)Cc1cc2cc(OCCCC3CCN(Cc4ccccc4C)CC3)ccc2n1C,1,CHEMBL3407581
CHEMBL4250314,CCOc1cccc2c(=O)c3c(oc12)CCN(/C(=C/C(=O)OC)C(=O)OC)C3,1,CHEMBL4250314
CHEMBL4250143,C=Cc1oc2ccccc2c(=O)c1CN(Cc1ccccc1)/C(=C/C(=O)OC)C(=O)OC,1,CHEMBL4250143
CHEMBL4244573,C=Cc1oc2ccccc2c(=O)c1CN(/C=C/C(=O)OC)Cc1ccccc1,1,CHEMBL4244573
CHEMBL23838,CCOP(=O)(OCC)Oc1ccc([N+](=O)[O-])cc1,0,CHEMBL23838
CHEMBL2011403,COc1c(O)cc(C2Oc3cc(O)c(C/C=C(\C)CCC=C(C)C)c(O)c3C(=O)[C@@H]2O)cc1O,1,CHEMBL2011403
CHEMBL223256,CC(C)=CCC/C(C)=C/Cc1c(O)cc2c(c1O)C(=O)C[C@@H](c1ccc(O)c(O)c1)O2,1,CHEMBL223256
CHEMBL2011406,COc1cc(C2CC(=O)c3c(cc(O)c(C/C=C(\C)CCC=C(C)C)c3O)O2)cc(OC)c1O,1,CHEMBL2011406
CHEMBL9352,O=C1C[C@@H](c2ccc(O)cc2)Oc2cc(O)cc(O)c21,1,CHEMBL9352
CHEMBL2019034,COc1ccc2oc(C(=O)NCCCCCCCCCCNc3c4c(nc5ccccc35)CCCC4)cc(=O)c2c1,0,CHEMBL2019034
CHEMBL2019030,O=C(NCCCCCCCCCCNc1c2c(nc3ccccc13)CCCC2)c1cc(=O)c2ccccc2o1,0,CHEMBL2019030
CHEMBL134382,COc1ccccc1CNCCCCCCNCCCCCNCCCCCCNCc1ccccc1OC,1,CHEMBL134382
CHEMBL4159832,Nc1c2c(nc3c1C(c1ccc(F)cc1)NC(=S)N3)CCCC2,1,CHEMBL4159832
CHEMBL1651044,C[C@@H]([C@H]1[C@H](O)C[C@@]2(C)[C@@H]3C=C[C@H]4C(C)(C)[C@@H](N(C)C)[C@H](O)C[C@@]45C[C@@]35CC[C@]12C)N(C)C,1,CHEMBL1651044
CHEMBL1651040,CC(=O)O[C@@H]1C[C@@]2(C)[C@@H]3CC[C@H]4[C@](C)(CO)[C@@H](NC(=O)c5ccccc5)C=C[C@]4(O)CC3=CC[C@]2(C)[C@H]1[C@H](C)N(C)C,1,CHEMBL1651040
CHEMBL1651038,CN[C@H]1CCC2=CC3=CC[C@]4(C)[C@@H]([C@H](C)N(C)C)[C@H](O)C[C@@]4(C)[C@@H]3CC[C@H]2C1(C)C,1,CHEMBL1651038
CHEMBL4776397,CS[C@@H](Cn1nnc2cc(C#Cc3ccc(-n4ccnc4CO)cc3)ccc21)N(O)C=O,1,CHEMBL4776397
CHEMBL1083055,CN(CCCNc1ccc(-c2ccccc2)nn1)Cc1ccccc1,1,CHEMBL1083055
CHEMBL219316,COc1cc(CCC(=O)NCCCCC(=O)NNc2c3c(nc4ccccc24)CCCC3)cc(OC)c1OC,0,CHEMBL219316
CHEMBL219264,COc1cc(CCC(=O)NCCCCCC(=O)NNc2c3c(nc4ccccc24)CCCC3)cc(OC)c1OC,0,CHEMBL219264
CHEMBL5091842,CO[C@H]1C[C@H]2C(=C[C@@H]1OC(=O)c1cc([N+](=O)[O-])ccc1Cl)[C@H]1CN2Cc2cc3c(cc21)OCO3,1,CHEMBL5091842
CHEMBL5084173,CO[C@H]1C[C@H]2C(=C[C@@H]1OC(=O)c1cc(Br)cc([N+](=O)[O-])c1)[C@H]1CN2Cc2cc3c(cc21)OCO3,1,CHEMBL5084173
CHEMBL5079878,CO[C@H]1C=C2[C@H]3CN(Cc4cc5c(cc43)OCO5)[C@H]2C[C@@H]1OC(=O)c1ccc(C)c([N+](=O)[O-])c1,1,CHEMBL5079878
CHEMBL5077601,CO[C@H]1C=C2[C@H]3CN(Cc4cc5c(cc43)OCO5)[C@H]2C[C@@H]1OC(=O)c1ccc(Cl)c([N+](=O)[O-])c1,1,CHEMBL5077601
CHEMBL5089535,O=C(O[C@H]1CN2Cc3cc4c(cc3[C@]13C=C[C@@H](O)C[C@H]23)OCO4)c1ccccc1Cl,1,CHEMBL5089535
CHEMBL436302,CCOC(=O)C1=C(C)Nc2nc3c(c(N)c2C1c1ccccc1OC)CCCC3,0,CHEMBL436302
CHEMBL2419690,N#Cc1cc(C#N)c(NC2CCN(Cc3ccccc3)CC2)nc1NC1CCN(Cc2ccccc2)CC1,1,CHEMBL2419690
CHEMBL2419689,N#Cc1c(NCCC2CCN(Cc3ccccc3)CC2)nc(NCCC2CCN(Cc3ccccc3)CC2)c(C#N)c1-c1ccccc1,1,CHEMBL2419689
CHEMBL2419684,N#Cc1c(Cl)nc(NCCCCC2CCN(Cc3ccccc3)CC2)c(C#N)c1-c1ccccc1,0,CHEMBL2419684
CHEMBL5282788,O=C1CC2Cc3ccsc3C2=NN1CCCCN1CCN(Cc2ccccc2)CC1,0,CHEMBL5282788
CHEMBL5265814,O=C1CC2CCc3ccsc3C2=NN1CCCCN1CCN(Cc2ccccc2)CC1,0,CHEMBL5265814
CHEMBL5288465,O=C1CC2CCc3sccc3C2=NN1CCCCN1CCN(Cc2ccccc2)CC1,0,CHEMBL5288465
CHEMBL441868,Cc1c2c(cc[n+]1C)c1cc(O)ccc1n2C,1,CHEMBL441868
CHEMBL4753561,Cc1cc(/C=N/O)c(O)c(CNc2ccc(S(=O)(=O)Nc3nccs3)cc2)c1,1,CHEMBL4753561
CHEMBL4759625,CCOC(=O)c1c(C)nc(N2CCN(S(=O)(=O)c3ccc(NC(C)=O)cc3)CC2)nc1-c1ccccc1,0,CHEMBL4759625
CHEMBL227075,Cc1cccc2c3c(ccc12)C1=C(C(=O)C3=O)[C@@H](C)CO1,1,CHEMBL227075
CHEMBL4280612,Nc1c2c(nc3cc(Cl)ccc13)C[C@H]1C=C(CCCCn3cc(CO)nn3)C[C@H]2C1,0,CHEMBL4280612
CHEMBL5185422,O=C(CCN1CCCCC1)Nc1n[nH]c2ncccc12,0,CHEMBL5185422
CHEMBL5176917,CN1CCN(CCC(=O)Nc2n[nH]c3ncccc23)CC1,0,CHEMBL5176917
CHEMBL3343884,Cc1nc(C(=O)NCCCCNc2c3c(nc4ccccc24)CCCC3)cc2c1[nH]c1ccccc12,0,CHEMBL3343884
CHEMBL3343922,O=C(NCCCCCCNc1c2c(nc3ccccc13)CCCC2)c1cc2c(cn1)[nH]c1ccccc12,0,CHEMBL3343922
CHEMBL3343882,CCc1nc(C(=O)NCCCCCCNc2c3c(nc4ccccc24)CCCC3)cc2c1[nH]c1ccccc12,0,CHEMBL3343882
CHEMBL1257996,CCCNc1c2c(nc3ccc(OC)cc13)CCCC2,1,CHEMBL1257996
CHEMBL1257525,CCCCCCCCCCCCNc1c2c(nc3ccc(OC)cc13)CCCC2,1,CHEMBL1257525
CHEMBL5188116,CC1=C[C@H]2Cc3nc4cc(Cl)ccc4c(NCCCCC(=O)N4CCC(NC(=O)Nc5ccc(OC(F)(F)F)cc5)CC4)c3[C@@H](C1)C2,1,CHEMBL5188116
CHEMBL5279596,CN1c2ccc(OC(=O)Nc3cccnc3)cc2[C@]2(C)CCO[C@H]12,1,CHEMBL5279596
CHEMBL3093804,c1cc[n+](CCCCCCCCCCCC[n+]2cccc3ccccc32)cc1,0,CHEMBL3093804
CHEMBL5083797,CO[C@H]1C[C@H]2C(=C[C@@H]1OC(=O)c1cc([N+](=O)[O-])cc([N+](=O)[O-])c1)[C@H]1CN2Cc2cc3c(cc21)OCO3,1,CHEMBL5083797
CHEMBL5077463,CO[C@H]1C[C@H]2C(=C[C@@H]1OC(=O)c1ccoc1)[C@H]1CN2Cc2cc3c(cc21)OCO3,1,CHEMBL5077463
CHEMBL3417004,COc1cc(N)c(Cl)cc1/C(CCC1CCN(CC2CCCCC2)CC1)=N/O,0,CHEMBL3417004
CHEMBL240793,CCCCC1=NC2(CCCC2)C(=O)N1CCN1C(=O)c2ccccc2C1=O,0,CHEMBL240793
CHEMBL473866,Clc1ccc2c(NCCCNCCCCCOc3cccc4[nH]c5ccccc5c34)c3c(nc2c1)CCCC3,0,CHEMBL473866
CHEMBL3586582,Cc1c(C)c2ccc(OCCCCCCN(C)Cc3ccccc3)cc2oc1=O,0,CHEMBL3586582
CHEMBL69059,CCN(CC)CC/N=C(\NO)c1nc(-c2ccccc2)no1,1,CHEMBL69059
CHEMBL3758282,CCC(C)C(=O)[C@@H]1C(=O)[C@]2(CC=C(C)C)OC(=O)[C@](CC=C(C)C)(C[C@H](CC=C(C)C)[C@@]1(C)C/C=C/C(C)(C)O)C2=O,1,CHEMBL3758282
CHEMBL4080105,COc1cc(/C=C/C(=O)Nc2ccccc2)ccc1OCCCCCCN1CCCCC1,0,CHEMBL4080105
CHEMBL4074258,COc1cc(/C=C/C(=O)Nc2ccccc2)ccc1OCCCCCCCCCCN1CCCCC1,1,CHEMBL4074258
CHEMBL157208,N#CC(C#N)=C1NCCN1CCNCc1ccc(CN2CCSCC2)o1,1,CHEMBL157208
CHEMBL78010,COc1ccc(-c2cc(=O)c3c(O)c(OC)c(O)cc3o2)cc1,1,CHEMBL78010
CHEMBL1912064,CC(c1cccc(OCCCNC(=O)CCCCC2CCSS2)c1)N(C)C,1,CHEMBL1912064
CHEMBL4286806,CCN(CC)CCOC(=O)/C=C/c1ccc2occ(C(=O)Nc3ccc(OC)cc3)c(=O)c2c1,1,CHEMBL4286806
CHEMBL4282755,CCN(CC)CCOC(=O)/C=C/c1ccc2oc(C(=O)Nc3ccc(C)cc3)cc(=O)c2c1,1,CHEMBL4282755
CHEMBL459258,COc1cc([C@H]2Oc3cc(O)c(C/C=C(\C)CCC=C(C)C)c(O)c3C(=O)[C@@H]2O)ccc1O,1,CHEMBL459258
CHEMBL4281894,CN(C)CCOc1cccc(/C=C2\COc3ccccc3C2=O)c1,1,CHEMBL4281894
CHEMBL1383041,O=C1/C(=C/c2ccc(O)cc2)COc2ccccc21,1,CHEMBL1383041
CHEMBL2234537,CC1(C)CC(=O)C2=C(C1)Nc1nc3c(c(N)c1[C@H]2c1ccncc1)CCCC3,0,CHEMBL2234537
CHEMBL2234530,CCOC(=O)C1=C(C)Nc2nc3c(c(N)c2[C@H]1c1ccc(C)cc1)CCCC3,0,CHEMBL2234530
CHEMBL411,CC/C(=C(/CC)c1ccc(O)cc1)c1ccc(O)cc1,1,CHEMBL411
CHEMBL3216554,CC1=CC2Cc3nc4cc(Cl)ccc4c(NCCCCCCCCCCNc4c5c(nc6ccccc46)CCCC5)c3C(C1)C2,0,CHEMBL3216554
CHEMBL4065639,COC(=O)C(=O)c1cc(C)ccc1NC(=O)c1ccccc1,1,CHEMBL4065639
CHEMBL129577,CCCCCCCNC(=O)Oc1cccc(CN(CCCOc2ccc3c(=O)c4ccccc4oc3c2)C(C)C)c1,0,CHEMBL129577
CHEMBL21396,COc1ccc2c(OC)c3ccoc3nc2c1OC,1,CHEMBL21396
CHEMBL4129007,CC(C)=CCC[C@]1(C)[C@@H](CC=C(C)C)C[C@]2(CC=C(C)C)C(=O)C3=C(O[C@@H](C(C)(C)O)[C@@H]3O)[C@@]1(C(=O)C(C)C)C2=O,1,CHEMBL4129007
CHEMBL4128191,C=C(C)[C@@H](O)CC[C@]1(C)[C@@H](CC=C(C)C)C[C@]2(CC=C(C)C)C(=O)C3=C(O[C@H](C(C)(C)O)C3)[C@@]1(C(=O)C(C)C)C2=O,1,CHEMBL4128191
CHEMBL4126674,CC(C)=CCC[C@]1(C)[C@@H](CC=C(C)C)C[C@@]2(CC=C(C)C)C(=O)[C@]1(C(=O)C(C)C)C(=O)C1=C2O[C@H](C(C)(C)O)[C@H]1O,1,CHEMBL4126674
CHEMBL4159880,COc1ccc(C(=O)CCc2cc[n+](Cc3cccc(Cl)c3)cc2C#N)cc1OC,0,CHEMBL4159880
CHEMBL4163077,CC(=O)c1c[n+](Cc2cccc(Cl)c2)ccc1CC1Cc2cc(F)ccc2C1=O,1,CHEMBL4163077
CHEMBL4173239,COc1ccc2c(c1)CCC(Cc1cc[n+](Cc3cccc(C)c3)cc1Br)C2=O,0,CHEMBL4173239
CHEMBL4162993,COc1cc2c(cc1OC)C(=O)C(CCCc1cc[n+](Cc3cccc(Cl)c3)cc1C(N)=O)C2,1,CHEMBL4162993
CHEMBL3335072,COc1cccc(CN2CCN(CCCCOc3ccc4c(c3)oc(=O)c3ccccc34)CC2)c1,1,CHEMBL3335072
CHEMBL4082739,COc1cc(/C=C/C(=O)Nc2ccccc2)ccc1OCCCCCCCCCCN1CCCC1,1,CHEMBL4082739
CHEMBL5077388,CO[C@H]1C[C@H]2C(=C[C@@H]1OC(=O)c1cccs1)[C@H]1CN2Cc2cc3c(cc21)OCO3,1,CHEMBL5077388
CHEMBL5086177,O=C(O[C@@H]1C=C[C@]23CCN(Cc4cc5c(cc42)OCO5)[C@H]3C1)c1ccccc1[N+](=O)[O-],1,CHEMBL5086177
CHEMBL4087300,CCN(CC)CCCCCCCCCCOc1ccc(/C=C/C(=O)Nc2ccccc2)cc1OC,1,CHEMBL4087300
CHEMBL4743674,CCOC(=O)c1c(C)nc(N2CCN(S(=O)(=O)c3ccc(N)c(Cl)c3)CC2)nc1-c1ccc(OC)cc1,0,CHEMBL4743674
CHEMBL3623556,CCC(C)n1cc(C(=O)C(F)F)cn1,0,CHEMBL3623556
CHEMBL130831,O=C1CCN(Cc2ccccc2)C/C1=C\c1cn(C(=O)c2ccccc2)c2ccccc12,1,CHEMBL130831
CHEMBL5597500,CCO[C@H]1c2cc(OC)c(OC)cc2[C@@]23CC[C@H](OC)C[C@@H]2N1CC3,1,CHEMBL5597500
CHEMBL4081776,CC(=O)C1=CN(Cc2ccccc2C)C=CC1CC1Cc2cc3c(cc2C1=O)OCO3,1,CHEMBL4081776
CHEMBL4075136,COc1ccc(NC(=S)NCCN(C)C)cc1Cl,1,CHEMBL4075136
CHEMBL413793,COc1ccc2cc(-c3ccc(CN(C)Cc4ccccc4)cc3)c(=O)oc2c1,0,CHEMBL413793
CHEMBL3402709,CN(CCCCCCCN1C(=O)c2ccccc2C1=O)Cc1ccccc1,0,CHEMBL3402709
CHEMBL3402714,CN(CCCCCCCN1C(=O)c2ccccc2C1=O)Cc1ccccc1F,0,CHEMBL3402714
CHEMBL3122167,CCNC(=O)c1ccc2nc(-c3ccc(Cl)cc3)c3c(c2c1)NCCC3,0,CHEMBL3122167
CHEMBL2019052,O=C(NCCCCCCCCCCNc1c2c(nc3ccccc13)CCCC2)c1cc(=O)c2cc(O)c(O)cc2o1,0,CHEMBL2019052
CHEMBL1485276,O=S(=O)(NCCSc1nnc(-c2ccco2)n1-c1ccccc1)c1ccccc1,1,CHEMBL1485276
CHEMBL4243474,COc1ccc2c(c1)C/C(=C/c1ccccc1-c1ccccc1)C2=O,0,CHEMBL4243474
CHEMBL3818086,COc1ccc(/C=C/C(=O)NCCC2CCN(Cc3ccccc3)CC2)cc1O,1,CHEMBL3818086
CHEMBL3949439,CN(Cc1ccccc1)Cc1ccc(NC(=O)/C=C/c2cccc(O)c2)cc1,1,CHEMBL3949439
CHEMBL3818992,O=C(/C=C/c1ccc(O)c(O)c1)NCCC1CCN(Cc2ccccc2)CC1,1,CHEMBL3818992
CHEMBL3965783,O=C(/C=C/c1ccc(O)cc1O)NCCC1CCN(Cc2ccccc2)CC1,0,CHEMBL3965783
CHEMBL3086276,COc1cc2[se]n(CCC3CCN(Cc4ccccc4)CC3)c(=O)c2cc1OC,0,CHEMBL3086276
CHEMBL2047528,CN(CCCOc1ccc2ccc(=O)oc2c1)Cc1cccc(OC(=O)NCCCCCc2ccccc2)c1,0,CHEMBL2047528
CHEMBL2047530,CN(CCCOc1ccc2c(=O)c3cccnc3oc2c1)Cc1cccc(OC(=O)NCCCCCc2ccccc2)c1,0,CHEMBL2047530
CHEMBL4095035,COc1cc2c(cc1OC)C(=O)/C(=C/c1cc[n+](Cc3cccc(F)c3)cc1)C2,0,CHEMBL4095035
CHEMBL4091748,CCCCN(CC(=O)NCc1ccccc1)C(=O)CCCCCn1ccnc1/C=N/O,1,CHEMBL4091748
CHEMBL4072579,COCCN(CC(=O)NCc1ccccc1)C(=O)CCCCCn1ccnc1/C=N/O,1,CHEMBL4072579
CHEMBL3234587,O/N=C/c1nc(CCCCCNc2c3c(nc4ccccc24)CCCC3)ccc1O,0,CHEMBL3234587
CHEMBL3234593,c1ccc(CCCCCNc2c3c(nc4ccccc24)CCCC3)nc1,0,CHEMBL3234593
CHEMBL3933508,CCOC(=O)C1=C(C)Nc2nc3c(c(N)c2C1c1cccc(Cl)c1)CC(C)(C)CC3,0,CHEMBL3933508
CHEMBL3985662,COC(=O)C1=C(C)Nc2nc3c(c(N)c2C1c1ccccc1)CC(C)(C)CC3,0,CHEMBL3985662
CHEMBL3922471,COC(=O)C1=C(C)Nc2nc3c(c(N)c2C1c1cccc([N+](=O)[O-])c1)CCC(C)C3,1,CHEMBL3922471
CHEMBL3605437,CN(C)CCC[C@@]1(c2ccc(F)cc2)OCc2cc(-c3nnc(-c4ccc(-c5nnn[nH]5)cc4)[nH]3)ccc21,1,CHEMBL3605437
CHEMBL3605430,CN(C)CCC[C@@]1(c2ccc(F)cc2)OCc2cc(-c3nnc(-c4ccccc4I)[nH]3)ccc21,1,CHEMBL3605430
CHEMBL3605316,CN(C)CCC[C@@]1(c2ccc(F)cc2)OCc2cc(-c3nnc(-c4cccc([N+](=O)[O-])c4)[nH]3)ccc21,1,CHEMBL3605316
CHEMBL3754005,COc1cccc2cc(CN(CCCCCCCNc3c4c(nc5ccccc35)CCCCC4)Cc3cc4cccc(OC)c4o3)oc12,0,CHEMBL3754005
CHEMBL3753508,COc1cccc2cc(C(=O)NCCCCCCNc3c4c(nc5ccccc35)CCC4)oc12,1,CHEMBL3753508
CHEMBL4166513,COc1ccc2c(c1)CCC(Cc1cc[n+](Cc3cccc(Cl)c3)cc1C(C)=O)C2=O,0,CHEMBL4166513
CHEMBL4170331,CC(=O)c1c[n+](Cc2cccc(Cl)c2)ccc1CC1Cc2cc(O)ccc2C1=O,0,CHEMBL4170331
CHEMBL2237992,Nc1cc(-c2cccc(F)c2)nc2nc(-c3ccccc3)cc(C(F)(F)F)c12,1,CHEMBL2237992
CHEMBL4064413,CNC(=O)c1c[n+](Cc2ccccc2)ccc1CC1Cc2cc(OC)c(OC)cc2C1=O,1,CHEMBL4064413
CHEMBL4083306,COC(=O)C1=CN(C)c2cccc(OC(=O)N(C)C)c2C1,1,CHEMBL4083306
CHEMBL3289937,CN1C/C(=C/c2ccc(N(C)C)cc2[N+](=O)[O-])C(=O)/C(=C/c2ccc(N(C)C)cc2[N+](=O)[O-])C1,0,CHEMBL3289937
CHEMBL3290192,O=C(/C=C/c1ccc(N2CCCC2)cc1)/C=C/c1ccc(N2CCCC2)cc1,1,CHEMBL3290192
CHEMBL19215,CN1C[C@H](CNC(=O)OCc2ccccc2)C[C@@H]2c3cccc4c3c(cn4C)C[C@H]21,1,CHEMBL19215
CHEMBL3976003,Cc1cccc(CN2C/C(=C\c3ccccc3)C(=O)/C(=C/c3ccccc3)C2)c1,1,CHEMBL3976003
CHEMBL3290190,CN1C/C(=C/c2ccc(N3CCCC3)cc2)C(=O)/C(=C/c2ccc(N3CCCC3)cc2)C1,1,CHEMBL3290190
CHEMBL3290191,O=C1/C(=C\c2ccc(N3CCCC3)cc2)CN(Cc2ccccc2)C/C1=C\c1ccc(N2CCCC2)cc1,1,CHEMBL3290191
CHEMBL1916770,Cc1ccc(-c2cc3c(N)c4c(nc3o2)CCCC4)cc1,1,CHEMBL1916770
CHEMBL1083064,CNC(=O)Oc1cccc(-c2cn3ccccc3[n+]2C)c1,0,CHEMBL1083064
CHEMBL74560,CCCN1CCc2cc(C(=O)CCC3CCN(Cc4ccccc4)CC3)ccc21,0,CHEMBL74560
CHEMBL73447,COc1cccc(CN2CCC(CCC(=O)c3ccc4c(c3)CCN4)CC2)c1,1,CHEMBL73447
CHEMBL76470,CN1CCCc2ccc(C(=O)CCC3CCN(Cc4ccccc4)CC3)cc21,0,CHEMBL76470
CHEMBL1084254,O=C(CCC1CCN(Cc2ccccc2)CC1)c1ccc2c(c1)N(c1ccccc1)CCC2,1,CHEMBL1084254
CHEMBL76384,O=C(CCC1CCN(Cc2ccc(F)cc2)CC1)c1ccc2c(c1)NCCCC2,0,CHEMBL76384
CHEMBL420378,O=C(CCC1CCN(Cc2cccc(Cl)c2)CC1)c1ccc2c(c1)NCCCC2,0,CHEMBL420378
CHEMBL307832,O=C(CCC1CCN(Cc2cccc([N+](=O)[O-])c2)CC1)c1ccc2c(c1)NCCCC2,0,CHEMBL307832
CHEMBL1085285,c1ccc(CN2CCC(CNc3n[nH]c4ccccc34)CC2)cc1,0,CHEMBL1085285
CHEMBL1085382,CCN1CC[C@@]2(C)c3cc(OC(=O)NCc4ccccc4)ccc3C[C@@H]12,0,CHEMBL1085382
CHEMBL340672,CC(=O)N(CCC1CCN(Cc2ccccc2)CC1)c1ccccc1,0,CHEMBL340672
CHEMBL141352,CC(=O)N(CCC1CCN(Cc2ccccc2)CC1)c1ccncc1,0,CHEMBL141352
CHEMBL336686,COc1ccc(CN2CCC(CCN3C(=O)c4ccc([N+](=O)[O-])cc4C3=O)CC2)cc1,0,CHEMBL336686
CHEMBL139353,Nc1ccc2c(c1)C(=O)N(CCC1CCN(Cc3ccccc3)CC1)C2=O,0,CHEMBL139353
CHEMBL140770,COc1ccc2c(c1)C(=O)N(CCC1CCN(Cc3ccccc3)CC1)C2=O,0,CHEMBL140770
CHEMBL1084256,O=C(Nc1ccccc1)c1ccc2c(c1)C(=O)N(CCC1CCN(Cc3ccccc3)CC1)C2=O,0,CHEMBL1084256
CHEMBL138442,Nc1cccc2c1C(=O)N(CCC1CCN(Cc3ccccc3)CC1)C2=O,0,CHEMBL138442
CHEMBL142014,O=C1c2ccccc2CCN1CCC1CCN(Cc2ccccc2)CC1,1,CHEMBL142014
CHEMBL141276,O=C1Nc2ccccc2CN1CCC1CCN(Cc2ccccc2)CC1,0,CHEMBL141276
CHEMBL128863,CCNC(=O)Oc1cccc(CN(C)CCCOc2ccc3c(=O)c4ccccc4oc3c2)c1,0,CHEMBL128863
CHEMBL336297,CCCNC(=O)Oc1cccc(CN(C)CCCOc2ccc3c(=O)c4ccccc4oc3c2)c1,0,CHEMBL336297
CHEMBL3628063,COc1ccc2[nH]cc(CCNC(=O)c3cc[n+](Cc4cccc(F)c4)cc3)c2c1,1,CHEMBL3628063
CHEMBL3628065,COc1ccc2[nH]cc(CCNC(=O)c3cc[n+](Cc4ccc(OC(=O)N(C)C)cc4)cc3)c2c1,1,CHEMBL3628065
CHEMBL3628183,COc1ccc2[nH]cc(CCNC(=O)/C=C/c3cc[n+](Cc4ccc(F)cc4)cc3)c2c1,0,CHEMBL3628183
CHEMBL3289929,CCOC(OCC)c1ccc(/C=C/C(=O)/C=C/c2ccc(C(OCC)OCC)cc2)cc1,1,CHEMBL3289929
CHEMBL329518,COc1ccc(NC(=S)NCCOCCN(C)Cc2cccc([N+](=O)[O-])c2)cc1OC,1,CHEMBL329518
CHEMBL99605,CN(CCOCCNC(=S)NC1CCCCC1)Cc1ccccc1,1,CHEMBL99605
CHEMBL1084093,NCCCCCCCCCCCCNc1c2c(nc3ccccc13)CCCC2,0,CHEMBL1084093
CHEMBL1084096,c1ccc2c(NCCCCCCCCNc3ccncc3)c3c(nc2c1)CCCC3,0,CHEMBL1084096
CHEMBL1084775,c1ccc2c(NCCCCCCCNc3c4c(nc5ccccc35)CCCC4)ccnc2c1,0,CHEMBL1084775
CHEMBL1083982,COc1cc2c(cc1OC)C(=O)C(CC1CCN(c3ccccc3)CC1)C2,0,CHEMBL1083982
CHEMBL340228,CN(CCCOc1ccc2c(=O)c3ccccc3oc2c1)Cc1cccc(OC(=O)NCCCCCCN2CCOCC2)c1,0,CHEMBL340228
CHEMBL94054,Cc1cc(-c2ccccc2)n[nH]c1=NCCC1CCN(Cc2ccccc2)CC1,0,CHEMBL94054
CHEMBL1084155,Cc1ccc2nc3c(c(Nc4ccccc4)c2c1)CCCC3,1,CHEMBL1084155
CHEMBL1085932,CNC(=O)Oc1cccc(CN(C)CCCCCCCOc2ccc3c(c2)O/C(=C\c2cc(O)c(O)c(O)c2)C3=O)c1,0,CHEMBL1085932
CHEMBL1085938,CNC(=O)Oc1cccc(CN(C)CCCCCCCOc2ccc3c(c2)C/C(=C\c2cc(O)c(O)c(O)c2)C3=O)c1,0,CHEMBL1085938
CHEMBL1083984,O=C(CCc1c[nH]c2ccccc12)NCCCCCCCNc1c2c(nc3ccccc13)CCCC2,0,CHEMBL1083984
CHEMBL388627,O=C(NCCCCCCCNc1c2c(nc3cc(Cl)ccc13)CCCC2)c1c[nH]c2ccccc12,0,CHEMBL388627
CHEMBL1084544,O=C(CCOCCc1c[nH]c2ccccc12)NCCCCCCNc1c2c(nc3cc(Cl)ccc13)CCCC2,0,CHEMBL1084544
CHEMBL3290195,O=C1/C(=C/c2ccc(N3CCCC3)cc2)CCc2ccccc21,1,CHEMBL3290195
CHEMBL443626,Oc1cc(O)cc(Oc2c(O)cc(O)c3c2Oc2c(cc(O)c(-c4c(O)cc5c(c4O)Oc4c(Oc6cc(O)cc(O)c6)c(O)cc(O)c4O5)c2O)O3)c1,1,CHEMBL443626
CHEMBL5266033,COc1cc(/C=C/c2nnc(-c3ccc(Cl)cc3)o2)ccc1O,0,CHEMBL5266033
CHEMBL4777188,COc1cc(/C=C/C(=O)NCC(=O)Nc2cccc(Br)c2)ccc1O,1,CHEMBL4777188
CHEMBL4784543,COc1cc(/C=C/C(=O)NCC(=O)Nc2ccc(C#N)cc2)ccc1O,1,CHEMBL4784543
CHEMBL4789794,COc1cc(/C=C/C(=O)NCC(=O)Nc2ccc3ncccc3c2)ccc1O,1,CHEMBL4789794
CHEMBL4786368,COc1cccc2cc[n+](-c3ccccc3Cl)cc12,1,CHEMBL4786368
CHEMBL3403309,CCN(CC)C(=O)[C@H](Cc1ccc(OC)cc1)NC(=O)[C@H](CC(C)C)NC(=O)[C@@H](NC(=O)[C@@H](N)COC(=O)[C@H](CC(C)C)NC(C)=O)C(C)C,1,CHEMBL3403309
CHEMBL269865,O=C(CO[N+](=O)[O-])NCCCNc1c2c(nc3ccccc13)CCCC2,0,CHEMBL269865
CHEMBL260308,O=[N+]([O-])OCCCCCCNCCCCNc1c2c(nc3ccccc13)CCCC2,0,CHEMBL260308
CHEMBL3410957,Cc1c(C)c2c(c(C)c1O)CCC(C)(C(=O)NCCCCCCCCCCNc1c3c(nc4ccccc14)CCCC3)O2,0,CHEMBL3410957
CHEMBL3410956,Cc1c(C)c2c(c(C)c1O)CCC(C)(C(=O)NCCCCCCCCNc1c3c(nc4ccccc14)CCCC3)O2,0,CHEMBL3410956
CHEMBL3343931,N[C@@H](Cc1c[nH]c2ccccc12)C(=O)NCCCCCCNc1c2c(nc3ccccc13)CCCC2,0,CHEMBL3343931;CHEMBL4540429
CHEMBL3586576,Cc1c(C)c2ccc(OCCCCN(C)Cc3ccccc3)cc2oc1=O,0,CHEMBL3586576
CHEMBL3233990,COc1ccc(C(C#N)N2CCCC2)cc1OC,1,CHEMBL3233990
CHEMBL3233995,COc1cc(C(C#N)N2CCCC2)cc(OC)c1OC,1,CHEMBL3233995
CHEMBL3233996,COc1ccc(C(C#N)N2CCCCC2)cc1O,1,CHEMBL3233996
CHEMBL2413560,c1ccc2[nH]c(-c3ccc(OCCN4CCCCC4)cc3)nc2c1,1,CHEMBL2413560
CHEMBL1173543,O=C(Nc1ccccc1)Oc1cccnc1,1,CHEMBL1173543
CHEMBL1173605,CN1c2ccc(OC(=O)Nc3ccccc3)cc2[C@]2(C)CC[N+](C)(C)C12,0,CHEMBL1173605
CHEMBL1173090,CC(C)c1ccc(NC(=O)Oc2ccc3c(c2)[C@]2(C)CC[N+](C)(CCc4ccccc4)C2N3C)cc1,0,CHEMBL1173090
CHEMBL1172830,C[N+](C)(C)c1cccc(OC(=O)Nc2ccccc2)c1,1,CHEMBL1172830
CHEMBL3116291,O=[N+]([O-])c1ccc2c(c1)c(OCc1cccc3ccccc13)nn2CCN1CCCC1,1,CHEMBL3116291
CHEMBL574487,C[C@@H]1CCC[C@H](C)N1S(=O)(=O)c1ccc([N+](=O)[O-])cc1,1,CHEMBL574487
CHEMBL4061527,COc1cc2c(cc1OC)C(=O)C(CC1C=CN(Cc3ccccc3C)C=C1C(C)=O)C2,0,CHEMBL4061527
CHEMBL2238282,O=C(/C=C/c1ccc(N2CCCCC2)cc1)c1sccc1Cl,0,CHEMBL2238282
CHEMBL3116292,O=[N+]([O-])c1ccc2c(c1)c(OCc1cccc3ccccc13)nn2Cc1cccc2ccccc12,1,CHEMBL3116292
CHEMBL3093803,c1cc[n+](CCCCCCCCCCC[n+]2cccc3ccccc32)cc1,0,CHEMBL3093803
CHEMBL4849687,COc1ccc2[nH]cc(CCNC(=O)Cn3cc(CN4CCc5cc(OC)c(OC)cc5C4CCCN4C(=O)c5ccccc5C4=O)nn3)c2c1,1,CHEMBL4849687
CHEMBL4845956,COc1ccc2[nH]cc(CCNC(=O)CCCCn3cc(CN4CC[C@@]56C=C[C@H](O)C[C@@H]5Oc5c(OC)ccc(c56)C4)nn3)c2c1,1,CHEMBL4845956
CHEMBL4871815,COc1ccc2c3c1O[C@H]1C[C@@H](O)C=C[C@@]31CCN(CCCCc1cn(CC(=O)NCCc3c[nH]c4ccccc34)nn1)C2,0,CHEMBL4871815
CHEMBL4855760,COc1ccc2c3c1O[C@H]1C[C@@H](O)C=C[C@@]31CCN(CCCCc1cn(CCCC(=O)NCCc3c[nH]c4ccccc34)nn1)C2,0,CHEMBL4855760
CHEMBL4217663,O=C(Nc1ccc2c(c1)CN(C(=O)c1cccc(Cl)c1)C(=O)C2)c1cccc(Cl)c1,0,CHEMBL4217663
CHEMBL4214707,Cc1cccc(C(=O)Nc2ccc3c(c2)CN(C(=O)c2cccc(Cl)c2)C(=O)C3)c1,0,CHEMBL4214707
CHEMBL4207758,Nc1ccc2c(c1)CNC(=O)C2,1,CHEMBL4207758
CHEMBL4207230,O=C1Cc2ccc(NC(=O)c3ccccc3)cc2CN1,1,CHEMBL4207230
CHEMBL5279102,CC(C)C[C@@H](NC(=O)C1(C(F)(F)F)CCCCC1)C(=O)Nc1nnc(Cc2ccc(C#N)cc2)s1,1,CHEMBL5279102
CHEMBL3087677,COc1ccc2c(c1)c(CC(=O)NCCCNCCCNC1=CC(=O)C(NCCCNCCCNC(=O)Cc3c(C)n(C(=O)c4ccc(Cl)cc4)c4ccc(OC)cc34)=CC1=O)c(C)n2C(=O)c1ccc(Cl)cc1,1,CHEMBL3087677
CHEMBL1783530,C[C@@H]([C@H]1[C@H](O)C[C@@]2(C)[C@@H]3CC[C@H]4[C@]5(C)COC(C(C)(C)F)=N[C@H]5CC[C@@]45C[C@@]35C(=O)C[C@]12C)N(C)C,0,CHEMBL1783530
CHEMBL134154,COc1cccc2nc3c(c(N)c12)CCCO3,0,CHEMBL134154
CHEMBL4130217,COC(C)(C)/C=C/C[C@]1(C)[C@@H](CC=C(C)C)C[C@]2(CC=C(C)C)C(=O)C3=C(O[C@H](C(C)(C)O)C3)[C@@]1(C(=O)C(C)C)C2=O,1,CHEMBL4130217
CHEMBL4128040,C=C(C)[C@H](O)CC[C@]1(C)[C@@H](CC=C(C)C)C[C@]2(CC=C(C)C)C(=O)C3=C(O[C@H](C(C)(C)O)C3)[C@@]1(C(=O)C(C)C)C2=O,1,CHEMBL4128040
CHEMBL314766,COC(=O)C[N+]1(C)CCC(CCC(=O)c2cc3cc(OC)c(OC)cc3s2)CC1,0,CHEMBL314766
CHEMBL86233,COc1cc2cc(CC3CC[N+](C)(Cc4ccccc4)CC3)sc2cc1OC,1,CHEMBL86233
CHEMBL3263734,COc1ccccc1CN(C)Cc1ccc(C(=O)NCCc2c[nH]c3ccccc23)cc1,1,CHEMBL3263734
CHEMBL4287548,COc1ccc2[nH]c(C(=O)NCCC3CCN(Cc4ccccc4)CC3)cc(=O)c2c1,0,CHEMBL4287548
CHEMBL4284165,O=C(NCCCC1CCN(Cc2ccccc2)CC1)c1cc(=O)c2cc(O)ccc2o1,0,CHEMBL4284165
CHEMBL4292477,Nc1ccc2oc(C(=O)NCCC3CCN(Cc4ccccc4)CC3)cc(=O)c2c1,0,CHEMBL4292477
CHEMBL4286799,O=C(NCCC1CCN(Cc2ccccc2)CC1)c1cc(=O)c2ccccc2o1,0,CHEMBL4286799
CHEMBL5278147,COc1cc2c(cc1OC)/C(=N\NC(=O)C(C)c1ccc(CC(C)C)cc1)C(CC1CCN(Cc3ccccc3)CC1)C2,0,CHEMBL5278147
CHEMBL510363,COc1cc2c(cc1OC)C(Cc1ccc(O)cc1)NCC2,1,CHEMBL510363
CHEMBL1642986,CC(C)(C)c1cc[n+](Cc2cccc(C[n+]3ccc(C(C)(C)C)cc3)c2)cc1,0,CHEMBL1642986
CHEMBL3261986,O=C(/C=N\O)Nc1ccc[n+](CCCC[n+]2cccc(NC(=O)/C=N\O)c2)c1,1,CHEMBL3261986
CHEMBL5274481,Oc1cc(O)cc(Oc2cc(O)c(O)c3c2Oc2c(O)cc(Oc4c(O)cc(Oc5c(O)cc(O)c6c5Oc5c(O)cc(O)cc5O6)cc4O)cc2O3)c1,1,CHEMBL5274481
CHEMBL5179658,CCCCCCCNC(=O)Oc1ccc(Cc2nc3cc(C(=O)N(CC)CC)ccc3n2CCC(C)C)cc1,0,CHEMBL5179658
CHEMBL77510,O/N=C/c1ccccn1,1,CHEMBL77510
CHEMBL920,C[N+](C)(C)CCO,1,CHEMBL920
CHEMBL4240861,COc1ccc2c(c1)C/C(=C/c1ccccc1-c1ccc3nc(N)ccc3c1)C2=O,0,CHEMBL4240861
CHEMBL2238004,CC1CCc2c(nc3nc(-c4ccccc4)cc(C(F)(F)F)c3c2N)C1,1,CHEMBL2238004
CHEMBL2238002,Nc1c2c(nc3nc(-c4ccccc4)cc(C(F)(F)F)c13)CCCCCC2,1,CHEMBL2238002
CHEMBL3415570,O=C1c2ccccc2C(=O)N1CCCCCCCNCc1ccc(F)cc1,0,CHEMBL3415570
CHEMBL3263729,CN(Cc1ccc(C(=O)NCCc2c[nH]c3ccccc23)cc1)Cc1ccccc1Cl,1,CHEMBL3263729
CHEMBL263322,CN1CCC(CCCC2Cc3ccccc3C2=O)CC1,0,CHEMBL263322
CHEMBL131286,O=C1CCN(Cc2ccccc2)C/C1=C\c1cn(C(=O)c2ccc(F)cc2)c2ccccc12,1,CHEMBL131286
CHEMBL3289935,CN(C)c1ccc(/C=C2/COC/C(=C\c3ccc(N(C)C)cc3[N+](=O)[O-])C2=O)c([N+](=O)[O-])c1,1,CHEMBL3289935
CHEMBL1082082,CCCCCCOC(=O)[C@H](CCC(=O)NCCC1CCN(Cc2ccccc2)CC1)NC(=O)OCc1ccccc1,0,CHEMBL1082082
CHEMBL1651131,O=C(CCC1CCN(Cc2ccccc2F)CC1)c1cc2c3c(ccn3C(=O)CC2)c1,0,CHEMBL1651131
CHEMBL1651132,O=C(CCC1CCN(Cc2cccc(F)c2)CC1)c1cc2c3c(ccn3C(=O)CC2)c1,0,CHEMBL1651132
CHEMBL3827734,CN(CCCOc1ccc2c3c(c(=O)oc2c1)CCCC3)Cc1cccc(OC(=O)NCCCCCc2ccccc2)c1,0,CHEMBL3827734
CHEMBL128390,CCCCCCCNC(=O)Oc1cccc(CN(C)CCCOc2ccc3c(=O)c4cccnc4oc3c2)c1,0,CHEMBL128390
CHEMBL3237634,CC[C@H]1[C@H]2OC(=O)[C@@](C)(O)[C@H]2[C@]23CC[C@@H]([C@@H]4C[C@H](C)C(=O)O4)N2CCCC[C@H]13,1,CHEMBL3237634
CHEMBL128260,CN(CCCOc1ccc2c(=O)c3ccccc3oc2c1)Cc1cccc(OC(=O)Nc2ccccc2)c1,0,CHEMBL128260
CHEMBL3402719,CN(CCCCCCCN1C(=O)c2ccccc2C1=O)Cc1cccc(Cl)c1,1,CHEMBL3402719
CHEMBL5175476,O=c1c2ccccc2nc2n1C(c1cncc3[nH]c4ccccc4c13)CC2O,1,CHEMBL5175476
CHEMBL1257644,CCCCCCCCCNc1c2c(nc3ccc(OC)cc13)CCCC2,1,CHEMBL1257644
CHEMBL1257413,CCCCCCCCCCCCCNc1c2c(nc3ccc(OC)cc13)CCCC2,1,CHEMBL1257413
CHEMBL4079599,CCCCCCOC(=O)[C@@H](CCC(=O)NCCC1CCN(Cc2ccccc2)CC1)NC(=O)c1ccccc1,0,CHEMBL4079599
CHEMBL4067388,CCOC(=O)CC[C@H](NC(=O)OCc1ccccc1)C(=O)NCCC1CCN(Cc2ccccc2)CC1,1,CHEMBL4067388
CHEMBL607537,COc1cc2oc(=O)ccc2c(OC)c1OC,1,CHEMBL607537
CHEMBL241828,COc1ccc2oc(-c3ccc(CN(C)Cc4ccccc4)cc3)cc(=O)c2c1,1,CHEMBL241828
CHEMBL242906,COc1cc2cc(-c3ccc(CN(C)Cc4ccc([N+](=O)[O-])cc4)cc3)c(=O)oc2cc1OC,1,CHEMBL242906
CHEMBL265416,COc1cc2cc(-c3ccc(CN(C)Cc4ccccc4[N+](=O)[O-])cc3)c(=O)oc2cc1OC,0,CHEMBL265416
CHEMBL3642040,CC(=O)NCCc1c[nH]c2ccc(OC(=O)NCCCCCCCNc3c4c(nc5ccccc35)CCCC4)cc12,0,CHEMBL3642040
CHEMBL3217208,CC1=C[C@H]2Cc3nc4cc(Cl)ccc4c(NCCCCCCCNc4c5c(nc6ccccc46)CCCC5)c3[C@@H](C1)C2,0,CHEMBL3217208
CHEMBL5267972,COc1ccc2[nH]cc(CCNC(=O)CN(CCCCC3CCN(Cc4ccccc4)CC3)C(=O)c3cc(=O)c4ccccc4o3)c2c1,1,CHEMBL5267972
CHEMBL3759090,CC(C)=CC[C@H]1C[C@@]2(CC=C(C)C)C(=O)O[C@@](CC=C(C)C)(C(=O)[C@@H](C(=O)C(C)C)[C@]1(C)C/C=C/C(C)(C)O)C2=O,1,CHEMBL3759090
CHEMBL2064466,CN(CCC(=O)N1CCN(CCNc2c3c(nc4ccccc24)CCCC3)CC1)c1ccccc1,0,CHEMBL2064466
CHEMBL452895,COc1cc2c3cc1Oc1c(O)c(OC)cc4c1[C@@H](Cc1ccc(O)c(c1)Oc1ccc(cc1)C[C@@H]3N(C)CC2)N(C)CC4,1,CHEMBL452895
CHEMBL431058,COc1ccc(C(=O)NC(=S)NCCOCCN(C)Cc2ccccc2)cc1,0,CHEMBL431058
CHEMBL220905,C[n+]1ccc2c(c1)[nH]c1ccc(O)cc12,1,CHEMBL220905
CHEMBL2206897,COc1cc(C2c3ccc4ccccc4c3Oc3nc4c(c(N)c32)CCCC4)cc(OC)c1OC,1,CHEMBL2206897
CHEMBL4094981,CCN(CC)CCCCCCOc1ccc(/C=C/C(=O)Nc2ccccc2)cc1OC,1,CHEMBL4094981
CHEMBL4105158,CCN(CC)CCCCCCCCOc1ccc(/C=C/C(=O)Nc2ccccc2)cc1OC,1,CHEMBL4105158
CHEMBL4072405,CCOC(=O)/C=C/c1ccc(OCCCCCCN(CC)CC)c(OC)c1,1,CHEMBL4072405
CHEMBL4059684,CCN(CC)CCCCCCCCOc1ccc(/C=C/C(=O)O)cc1OC,1,CHEMBL4059684
CHEMBL4095695,COc1cc(/C=C/C(=O)Nc2ccccc2)ccc1OCCN1CCCCC1,1,CHEMBL4095695
CHEMBL3827432,CN(CCCOc1ccc2ccc(=O)oc2c1)Cc1cccc(OC(=O)NCCCCCCc2ccccc2)c1,0,CHEMBL3827432
CHEMBL3360758,COC(=O)CC1=NO[C@@H]2[C@H]3CC[C@H](C3)[C@@H]2[C@H]1c1ccccc1,1,CHEMBL3360758
CHEMBL3310697,CC1(C)C[C@@H](c2ccccc2)C(CN2C(=O)c3ccccc3C2=O)=NO1,1,CHEMBL3310697
CHEMBL4174514,COc1cc2c(cc1OC)C(=O)C(CC1CCN(Cc3cc(Cl)c4ccccc4n3)CC1)C2,1,CHEMBL4174514
CHEMBL3581576,CC(C)=CC[C@]12C[C@@H]3[C@@H]4[C@@H](O)C(C)(C)[C@@H](C(C)C)CC4(C1=O)C(=O)[C@](C(=O)c1ccccc1)(C2=O)C3(C)C,1,CHEMBL3581576
CHEMBL4072457,CSP(C)(=O)OC1CCCCC1,1,CHEMBL4072457
CHEMBL1088019,c1cc[n+](CCCCC[n+]2ccccc2)cc1,1,CHEMBL1088019
CHEMBL225688,c1cc[n+](CCCCCCCC[n+]2ccccc2)cc1,1,CHEMBL225688
CHEMBL1081810,c1cc[n+](Cc2ccc3ccc(C[n+]4ccccc4)cc3c2)cc1,0,CHEMBL1081810
CHEMBL3928840,Cc1ccc(/C=C2\CN(Cc3ccc4ccccc4c3)C/C(=C\c3ccc(C)cc3)C2=O)cc1,1,CHEMBL3928840
CHEMBL4165562,COc1ccc(C(=O)CCc2cc[n+](Cc3cccc(Cl)c3)cc2C(C)=O)cc1OC,0,CHEMBL4165562
CHEMBL3752356,COc1cccc2cc(CNCCCCCCNc3c4c(nc5ccccc35)CCC4)oc12,0,CHEMBL3752356
CHEMBL4173258,C#CCN(C)Cc1cc2cc(OCCCN3CCCCC3)ccc2n1C,0,CHEMBL4173258
CHEMBL594187,C/C=C1\[C@H]2C=C(C)C[C@]1(/N=C/C(C)=C/c1ccccc1)c1ccc(=O)[nH]c1C2,0,CHEMBL594187
CHEMBL3215572,O=C(NCCCCCCCNc1c2c(nc3cc(Cl)ccc13)CCCC2)c1ccc2nc(-c3ccc(Cl)cc3)c3c(c2c1)OCCC3,0,CHEMBL1190127;CHEMBL3215572
CHEMBL1651126,O=C(CCC1CCN(Cc2ccccc2)CC1)c1ccc2c(c1)CNCCC2,0,CHEMBL1651126
CHEMBL1651130,O=C(CCC1CCN(Cc2ccccc2)CC1)c1cc2c3c(c1)CCN3C(=O)CC2,0,CHEMBL1651130
CHEMBL1651139,O=C(CCC1CCN(Cc2ccccc2O)CC1)c1cc2c3c(ccn3C(=O)CC2)c1,0,CHEMBL1651139
CHEMBL3415559,O=C1c2ccccc2C(=O)N1CCCCCCNCc1ccccc1,1,CHEMBL3415559
CHEMBL3415564,O=C1c2ccccc2C(=O)N1CCCCCCNCc1ccccc1F,0,CHEMBL3415564
CHEMBL3415568,O=C1c2ccccc2C(=O)N1CCCCCNCc1ccc(F)cc1,0,CHEMBL3415568
CHEMBL3415581,O=C1c2ccccc2C(=O)N1CCCCCCCCNCc1cccc(Cl)c1,0,CHEMBL3415581
CHEMBL1080274,CCCCCCOC(=O)[C@H](CCC(=O)NCCC1CCN(Cc2ccccc2)CC1)NC(=O)c1cc2ccsc2s1,0,CHEMBL1080274
CHEMBL599252,CCN(CC)CCCCOc1ccc2c(c1)C/C(=C\c1ccc(CN(C)Cc3ccccc3)cc1)C2=O,1,CHEMBL599252
CHEMBL3403306,CCN(CC)C(=O)[C@H](Cc1ccc(F)cc1)NC(=O)[C@H](CC(C)C)NC(=O)[C@@H](NC(=O)[C@@H](N)COC(=O)[C@H](CC(C)C)NC(C)=O)C(C)C,1,CHEMBL3403306
CHEMBL3403311,CCN(CC)C(=O)[C@H](Cc1ccccc1)NC(=O)[C@H](CC(C)C)NC(=O)[C@@H](NC(=O)[C@@H](N)COC(=O)[C@@H]1CCCN1C(C)=O)C(C)C,1,CHEMBL3403311
CHEMBL544166,C#CCN(C)C1CCc2cccc(OC(=O)N(C)CCC)c21,1,CHEMBL544166
CHEMBL359288,C#CCC1CCCc2ccc(OC(=O)N(C)C)cc21,1,CHEMBL359288
CHEMBL3410953,Cc1c(C)c2c(c(C)c1O)CCC(C)(C(=O)NCCCCCNc1c3c(nc4ccccc14)CCCC3)O2,0,CHEMBL3410953
CHEMBL2019044,O=C(NCCCCCCCCCCNc1c2c(nc3cc(Cl)ccc13)CCCC2)c1cc(=O)c2cc(O)ccc2o1,0,CHEMBL2019044
CHEMBL2019043,O=C(NCCCCCCCCCCNc1c2c(nc3ccccc13)CCCC2)c1cc(=O)c2cc(O)ccc2o1,0,CHEMBL2019043
CHEMBL12472,CN(C)Cc1ccc(CSCc2ccc(CSCc3ccc(CN(C)C)o3)cc2)o1,0,CHEMBL12472
CHEMBL2047231,COc1cc(CNc2ccnc(NC3CCN(Cc4ccccc4)CC3)n2)cc(OC)c1OC,1,CHEMBL2047231
CHEMBL343780,C/C=C(\C)C(=O)N[C@H]1CC[C@@]2(C)C(=CC[C@H]3[C@@H]4CC[C@H]([C@H](C)N(C)C)[C@@]4(C)CC[C@@H]32)C1=O,1,CHEMBL343780
CHEMBL1082746,CNC(=O)Oc1ccc(-c2cn3c(NC(C)=O)cccc3[n+]2C)cc1,1,CHEMBL1082746
CHEMBL1085017,O=[N+]([O-])c1ccc2nc3c(c(Nc4ccccc4)c2c1)CCCC3,1,CHEMBL1085017
CHEMBL189875,COc1ccc(/N=C/c2cn(-c3ccc(OC)cc3)cc2/C=N/c2ccc(OC)cc2)cc1,1,CHEMBL189875
CHEMBL187370,CN(C)c1ccc(-c2c3cc(O)c(=O)cc-3oc3cc(O)c(O)cc23)cc1,1,CHEMBL187370
CHEMBL586091,COc1cc2c(cc1O)[C@@H]1[C@H](O)[C@@H](O)C=C3CCN(C2)[C@H]31,1,CHEMBL586091
CHEMBL7002,CC1(COc2ccc(CC3SC(=O)NC3=O)cc2)CCCCC1,1,CHEMBL7002
CHEMBL4276675,CN(CCCCCN1C(=O)c2ccccc2S1(=O)=O)Cc1ccccc1,0,CHEMBL4276675
CHEMBL5589962,C=CCNCC(O)COc1cc(C(C)C)ccc1C,0,CHEMBL5589962
CHEMBL2237997,Nc1cc(-c2cccs2)nc2nc(-c3ccccc3)cc(C(F)(F)F)c12,1,CHEMBL2237997
CHEMBL2237991,Nc1cc(-c2ccccc2)nc2nc(-c3ccccc3)cc(C(F)(F)F)c12,1,CHEMBL2237991
CHEMBL3335018,C[C@@H](c1ccc2c(c1)oc(=O)c1ccccc12)N(C)C,1,CHEMBL3335018;CHEMBL3545709
CHEMBL5575440,O=C(NCCCCNc1c2c(nc3ccccc13)CCCC2)Oc1ccc2cc[nH]c2c1,0,CHEMBL5575440
CHEMBL5563794,O=C(NCCCCCCNc1c2c(nc3cc(Br)ccc13)CCCC2)Oc1ccc(-c2cc3cccnc3[nH]2)cc1,0,CHEMBL5563794
CHEMBL4849196,COc1ccc(C2CC(c3cc(F)ccc3F)=NN2c2ccc(S(N)(=O)=O)cc2)cc1OC,0,CHEMBL4849196
CHEMBL3087681,CC(C(=O)NCCCCCCNC1=CC(=O)C(NCCCCCCNC(=O)C(C)c2ccc(-c3ccccc3)c(F)c2)=CC1=O)c1ccc(-c2ccccc2)c(F)c1,1,CHEMBL3087681
CHEMBL1651243,O=C(CCC1CCN(Cc2cccc([N+](=O)[O-])c2)CC1)c1cc2c3c(ccn3C(=O)CC2)c1,0,CHEMBL1651243
CHEMBL1651128,O=C(CCC1CCN(Cc2ccccc2)CC1)c1ccc2c(c1)CNCCO2,0,CHEMBL1651128
CHEMBL518500,O=C1c2ccccc2S(=O)(=O)N1c1c(F)c(F)nc(F)c1F,1,CHEMBL518500
CHEMBL513281,O=C1C2=C(CCCC2)S(=O)(=O)N1c1cccc(Cl)n1,1,CHEMBL513281
CHEMBL4444239,COc1ccc(C2=NN(C(C)=O)C(c3ccc(-n4cncn4)cc3)C2)cc1OC,1,CHEMBL4444239
CHEMBL4566976,COc1ccc2nc3c(c(NCCCCCCCCNC(=S)NC45CC6CC(CC(C6)C4)C5)c2c1)CCCC3,1,CHEMBL4566976
CHEMBL4085482,CCOc1ccc(Cc2nc3cc(C(=O)N(CC)CC)ccc3n2CCCCN2CCCCC2)cc1,1,CHEMBL4085482
CHEMBL3356952,O=C1C(Cl)=C(NCCCNc2c3c(nc4cc(Cl)ccc24)CCCC3)C(=O)c2ccccc21,0,CHEMBL3356952
CHEMBL4292349,CC(C)(C)c1cc(/C=C/C(=O)NCCC2CCN(Cc3cccc([N+](=O)[O-])c3)CC2)cc(C(C)(C)C)c1O,1,CHEMBL4292349
CHEMBL5088557,COc1cccc(CCCCCCCCNc2c3c(nc4cc(Cl)ccc24)CCCC3)c1,0,CHEMBL5088557
CHEMBL5082773,COC(=O)c1c(O)cccc1CCCCCCCCNc1c2c(nc3cc(Cl)ccc13)CCCC2,0,CHEMBL5082773
CHEMBL5072428,Oc1cccc(CCCCCCCCNc2c3c(nc4cc(Cl)ccc24)CCCC3)c1,0,CHEMBL5072428
CHEMBL4291697,CC(C)(C)c1cc(/C=C/C(=O)NCCC2CCN(Cc3ccc(F)cc3F)CC2)cc(C(C)(C)C)c1O,1,CHEMBL4291697
CHEMBL4162070,CN1CCc2cc3c(cc2[C@H]1[C@H]1O[C@@H](O)c2c1ccc1c2OCO1)OCO3,1,CHEMBL4162070
CHEMBL4164862,CO[C@@H]1O[C@@](C)(c2nccc3cc4c(cc23)OCO4)c2ccc3c(c21)OCO3,1,CHEMBL4164862
CHEMBL4086248,COc1ccc(CCNc2nc(NC3CC3)nc3ccccc23)cc1OC,1,CHEMBL4086248
CHEMBL4083601,CCCNc1nc(NCCc2ccccc2)c2ccccc2n1,1,CHEMBL4083601
CHEMBL4091385,c1ccc(CCNc2nc(NC3CC3)nc3ccccc23)cc1,1,CHEMBL4091385
CHEMBL4066365,CCO[P@](=O)(SCC)c1ccccc1,1,CHEMBL4066365
CHEMBL4069847,CCCCN(CC(=O)NC(C)C)C(=O)CCCCCn1ccnc1/C=N/O,1,CHEMBL4069847
CHEMBL4448071,COc1ccc(C2=NN(C(C)=O)C(c3ccc(-n4cnc5ccccc54)cc3)C2)cc1OC,1,CHEMBL4448071
CHEMBL4475612,COc1ccc(C2=NN(C(C)=O)C(c3ccc(N4CCN(Cc5ccccc5)CC4)cc3)C2)cc1,1,CHEMBL4475612
CHEMBL4532224,CCN1CCN(c2ccc(C3CC(c4ccc(OC)cc4)=NN3C(C)=O)cc2)CC1,1,CHEMBL4532224
CHEMBL4100057,COc1cc(/C=N/O)c(O)c(CN2CCc3cc(OC)c(OC)cc3C2)c1,1,CHEMBL4100057
CHEMBL4088116,COc1cc(/C=C/C(=O)Nc2ccccc2)ccc1O,1,CHEMBL4088116
CHEMBL267649,CN(C)Cc1ccc(CSCc2ccccc2CSCc2ccc(CN(C)C)o2)o1,1,CHEMBL267649
CHEMBL432376,COc1cc2cc(C(=O)CCC3CC[N+](C)(Cc4ccccc4)CC3)n(C)c2cc1OC,0,CHEMBL432376
CHEMBL1651047,C[C@@H]([C@H]1CC[C@@]2(C)[C@@H]3CC[C@@H]4C(=CC3=CC[C@]12C)CC[C@H](N(C)C)C4(C)C)N(C)C,1,CHEMBL1651047
CHEMBL5207319,CN(CCC1CCN(Cc2ccccc2)CC1)Cc1c[nH]c2ccccc12,1,CHEMBL5207319
CHEMBL5169453,CCCCN(CCOc1cccc2c(OC(=O)N(C)C)cccc12)CCC1CCCCCC1,0,CHEMBL5169453
CHEMBL5193140,O=[N+]([O-])c1ccc2nc3c(c(N4CCOCC4)c2c1)CCCC3,1,CHEMBL5193140
CHEMBL5174252,O=[N+]([O-])c1ccc2nc3c(c(Nc4[nH]nc5ncccc45)c2c1)CCCC3,0,CHEMBL5174252
CHEMBL5177066,Cc1ccc2nc3c(c(NCCN4CCN(C)CC4)c2c1)CCCC3,0,CHEMBL5177066
CHEMBL4073273,COc1ccc2cc(C(=O)N[C@@H](CCC(=O)NCCC3CCN(Cc4ccccc4)CC3)C(=O)O)ccc2c1,1,CHEMBL4073273
CHEMBL4097374,COc1ccc(CNc2nc(NC3CC3)nc3ccccc23)cc1OC,1,CHEMBL4097374
CHEMBL2425408,O=C1NC(=S)NC(=O)C1=CNNC(=S)Nc1ccccc1,1,CHEMBL2425408
CHEMBL4089082,CC(C)c1ccc(NC(=O)Oc2ccc3c(c2)[C@]2(C)CCN[C@@H]2N3)cc1,0,CHEMBL4089082
CHEMBL435763,O/N=C/c1nc(-c2ccccc2)no1,1,CHEMBL435763
CHEMBL5220884,Cn1ccc2cc(-c3cnc4ccc(C(=O)N5CCCCC5)cc4n3)ccc2c1=O,1,CHEMBL5220884
CHEMBL3634645,CCN(CC)C(=O)Oc1ccc(-c2cc(=O)c3c(O)c(O)c(O)cc3o2)cc1,1,CHEMBL3634645
CHEMBL477770,CN(C)Cc1c(O)c(O)c(O)c2c(=O)cc(-c3ccccc3)oc12,1,CHEMBL477770
CHEMBL5285094,COc1cc2oc3cccc(O)c3c(=O)c2c(O)c1CN(C)C,1,CHEMBL5285094
CHEMBL5290033,Cc1ccc(NCC[C@@H]2CCCN3CCCC[C@H]23)c2c(=O)c3ccccc3oc12,0,CHEMBL5290033
CHEMBL545103,C#CCNC1CCc2c(OC(=O)N(C)CC)cccc21,1,CHEMBL1193656;CHEMBL545103
CHEMBL5184154,COc1cc(C2=NN(C(C)=O)C(c3ccc(-c4ccccc4)cc3)C2)cc(OC)c1OC,1,CHEMBL5184154
CHEMBL3973337,COc1cc2c(cc1OC)C(=O)C(CC1CCN(Cc3cccc(Br)n3)CC1)C2,1,CHEMBL3973337
CHEMBL2047529,CN(CCCOc1ccc2ccc(=O)oc2c1)Cc1cccc(OC(=O)NCCCCCCCN2CCOCC2)c1,0,CHEMBL2047529
CHEMBL3343711,CNc1ccc(/C=C2\Cc3cc(OC)c(OCCN4CCCCC4)cc3C2=O)cc1,0,CHEMBL3343711
CHEMBL3310706,COC(=O)C(CC1=C(c2ccc(Cl)cc2)CC(C)(C)ON1C(C)=O)C(=O)OC,1,CHEMBL3310706
CHEMBL340807,COc1ccc2c3c([nH]c2c1)C(C)=NCC3,1,CHEMBL340807
CHEMBL5267104,Cc1ccc(-c2noc(-c3cccc(OCC4CCN(Cc5ccc(F)cc5)CC4)c3)n2)cn1,1,CHEMBL5267104
CHEMBL3353041,CC1=C[C@H]2Cc3nc4cc(Cl)ccc4c(NCCCCCCCCCCNc4c5c(nc6cc(Cl)ccc46)C[C@@H]4C=C(C)C[C@H]5C4)c3[C@@H](C1)C2,0,CHEMBL3353041
CHEMBL3415579,O=C1c2ccccc2C(=O)N1CCCCCCNCc1cccc(Cl)c1,1,CHEMBL3415579
CHEMBL599057,CCN(CC)CCCCCOc1ccc2c(c1)C(=O)/C(=C/c1ccc(CN(C)Cc3ccccc3)cc1)C2,0,CHEMBL599057
CHEMBL597822,CN(Cc1ccccc1)Cc1ccc(/C=C2\Cc3ccc(OCCCCN4CCCCC4)cc3C2=O)cc1,0,CHEMBL597822
CHEMBL151388,CCN(C)C(=O)Oc1ccc2c(c1)C(N)CCC2,1,CHEMBL151388
CHEMBL5407691,CCOP(=O)(OCC)C(Nc1c(C)cccc1C)c1ccc(OCc2nc3ccccc3c(=O)n2-c2ccc(F)cc2)c(OC)c1,1,CHEMBL5407691
CHEMBL165726,Clc1ccc2c(c1)CN1CCCCCC1=N2,0,CHEMBL165726
CHEMBL4847624,COc1ccc(C2CC(c3cc(F)ccc3F)=NN2c2ccc(S(N)(=O)=O)cc2)c(OC)c1,0,CHEMBL4847624
CHEMBL4099391,COc1cc2c(cc1OC)C(=O)/C(=C/c1cc[n+](Cc3ccccc3C)cc1)C2,0,CHEMBL4099391
CHEMBL4063984,COc1ccc(CN(CC(=O)NCc2ccccc2)C(=O)CCCCCn2ccnc2/C=N/O)cc1,1,CHEMBL4063984
CHEMBL496487,CC(C)=CC(=O)N[C@H]1CC[C@@]2(C)[C@@H](CC[C@@H]3[C@@H]2CC[C@]2(C)C([C@H](C)N(C)C)=CC[C@@H]32)[C@H]1O,1,CHEMBL496487
CHEMBL146873,C#CCN(C)C(C)Cc1cccc(OC(=O)N(C)C)c1,1,CHEMBL146873
CHEMBL85404,COc1ccc2c3c1OC1C[C@@H](O)C=C[C@@]31CC[N+](C)(C)C2,0,CHEMBL85404
CHEMBL3220807,C[C@H]1C[C@@]23CC[C@H]4[C@@](C)(CCC[C@@]4(C)C(=O)OCC[N+](C)(C)C)[C@@H]2CC[C@]1(Cl)C3,1,CHEMBL3220807
CHEMBL4076034,COc1ccc(CNc2c3c(nc4ccccc24)CCCC3)cc1OC,1,CHEMBL4076034
CHEMBL245079,CC1=C[C@H]2Cc3[nH]c(=O)ccc3[C@]3(C1)NCCC[C@H]23,0,CHEMBL245079
CHEMBL2332974,O=C1/C(=C/c2ccccc2Cl)CN(C(=O)C[C@H]2C[C@H]3CCCN3[C@]23C(=O)Nc2ccccc23)C/C1=C\c1ccccc1Cl,1,CHEMBL2332974
CHEMBL2332550,COc1ccccc1/C=C1\CN(C(=O)C[C@H]2C[C@H]3CCCN3[C@]23C(=O)Nc2ccccc23)C/C(=C\c2ccccc2OC)C1=O,1,CHEMBL2332550
CHEMBL3984034,Cc1ccc(/C=C2\CN(Cc3cccc(C)c3)C/C(=C\c3ccc(C)cc3)C2=O)cc1,1,CHEMBL3984034
CHEMBL3356529,COc1ccc2nc3c(c(NCCCNC4=CC(=O)c5ccccc5C4=O)c2c1)CCCC3,1,CHEMBL3356529
CHEMBL342370,CC(=O)Nc1ccc([C@@]2(O)C[N+](C)(C)CCO2)cc1,1,CHEMBL342370
CHEMBL33727,CCCCNC(=O)Oc1ccc2c(c1)[C@@H]1CCN(CC)C1C2,1,CHEMBL33727
CHEMBL2413737,Cc1ccc2[nH]c(-c3ccc(OCCN4CCOCC4)cc3)nc2c1,1,CHEMBL2413737
CHEMBL2413733,Cc1ccc2[nH]c(-c3ccc(OCCN(C)C)cc3)nc2c1,1,CHEMBL2413733
CHEMBL2413558,CC(C)N(CCOc1ccc(-c2nc3ccccc3[nH]2)cc1)C(C)C,1,CHEMBL2413558
CHEMBL418917,CN1CC[C@@]2(C)c3cc(OC(=O)Nc4ccccc4)ccc3NC12,0,CHEMBL418917
CHEMBL3289942,CN(C)c1ccc(/C=C2\CCc3ccccc3C2=O)c([N+](=O)[O-])c1,1,CHEMBL3289942
CHEMBL441808,COc1cc2cc(C(=O)CC(O)CCC3CC[N+](C)(Cc4ccccc4)CC3)sc2cc1OC,0,CHEMBL441808
CHEMBL1344483,COc1ccc(C(C#N)N2CCCCC2)cc1OC,1,CHEMBL1344483
CHEMBL2391486,Cc1cc(=O)oc2cc(OCCN3CCN(CC(=O)Nc4c5c(nc6ccccc46)CCCC5)CC3)ccc12,0,CHEMBL2391486
CHEMBL5594511,COc1ccc(CCNC(=O)COc2cc(C(C)C)ccc2C)cc1OC,1,CHEMBL5594511
CHEMBL5591277,Cc1ccc(C(C)C)cc1OCC(=O)NCc1ccc2c(c1)OCO2,1,CHEMBL5591277
CHEMBL253152,COc1cc([C@@H]2CC(=O)c3c(cc(O)c(C/C=C(\C)CCC=C(C)C)c3O)O2)ccc1O,1,CHEMBL253152
CHEMBL374130,CC(C)=CCC/C(C)=C/Cc1c(O)cc2c(c1O)C(=O)C[C@@H](c1ccc(O)cc1)O2,1,CHEMBL374130
CHEMBL399121,COc1ccc([C@@H]2CC(=O)c3c(O)cc(O)cc3O2)cc1O,1,CHEMBL399121
CHEMBL131318,COc1ccc2c(c1)c(/C=C1\CN(Cc3ccccc3)CCC1=O)cn2C(=O)c1ccccc1,1,CHEMBL131318
CHEMBL2234837,CCOC(=O)C1=C(C)Oc2nc3c(c(N)c2[C@H]1c1cccc(OC)c1)CCCC3,1,CHEMBL2234837
CHEMBL253603,CCOC(=O)c1c(C)nc2nc3c(c(N)c2c1-c1ccc(OC)cc1)CCCC3,1,CHEMBL253603
CHEMBL252578,CCOC(=O)c1c(C)nc2nc3c(c(N)c2c1-c1ccc(F)cc1)CCCCC3,1,CHEMBL252578
CHEMBL5199487,O=C(CCN1CCN(Cc2ccccc2)CC1)Nc1n[nH]c2ncccc12,0,CHEMBL5199487
CHEMBL5182809,Cc1ccc2nc3c(c(Nc4[nH]nc5ncccc45)c2c1)CCCC3,0,CHEMBL5182809
CHEMBL5190530,Cc1ccc2nc3c(c(NCCO)c2c1)CCCC3,0,CHEMBL5190530
CHEMBL2419687,N#Cc1cc(C#N)c(NCCCC2CCN(Cc3ccccc3)CC2)nc1Cl,0,CHEMBL2419687
CHEMBL255230,C#CCN[C@@H]1CCc2cc(Cl)c(OC(=O)N(C)CCC)cc21,1,CHEMBL255230
CHEMBL3597062,CCOC(=O)C1=C(Nc2ccc(C)cc2)C[C@@H](c2ccc(Cl)cc2)N(c2ccc(C)cc2)[C@@H]1c1ccc(Cl)cc1,1,CHEMBL3597062
CHEMBL309351,C[C@]12CCNC1Nc1ccc(OC(=O)Nc3ccccc3)cc12,0,CHEMBL309351
CHEMBL1651245,O=C(CCC1CCN(Cc2ccccc2)CC1)c1cc2c3c(c1)CCN3C(=O)CCC2,0,CHEMBL1651245
CHEMBL57842,C=CC[N+](C)(C)c1ccc(OC)cc1,1,CHEMBL57842
CHEMBL2181432,COc1cc2c(cc1OC)C(c1ccccc1)N(CCCCCc1ccc(O)c(/C=N/O)n1)CC2,1,CHEMBL2181432
CHEMBL2181431,COc1cc2c(cc1OC)C(c1ccccc1)N(CCCCc1ccc(O)c(/C=N/O)n1)CC2,1,CHEMBL2181431
CHEMBL61929,COc1cc2nc3c(c(N)c2cc1OC)CCCC3,1,CHEMBL61929
CHEMBL151125,C#CCN(C)C(C)Cc1cccc(OC(=O)N(C)C2CCCCC2)c1,1,CHEMBL151125
CHEMBL1788306,C#CCN[C@@H]1CCc2ccc(OC(=O)N(C)CCCC)cc21,1,CHEMBL1788306
CHEMBL357843,CC(OC[n+]1ccn(C)c1/C=N/O)C1CCCCC1,1,CHEMBL357843
CHEMBL2047226,Brc1ccc(CNc2ccnc(NC3CCN(Cc4ccccc4)CC3)n2)cc1,1,CHEMBL2047226
CHEMBL2047224,Clc1cccc(CNc2ccnc(NC3CCN(Cc4ccccc4)CC3)n2)c1,1,CHEMBL2047224
CHEMBL137226,CC(=O)Nc1cccc([N+](C)(C)C)c1,1,CHEMBL137226
CHEMBL5266237,Cc1ccc(-c2noc(-c3cccc(OCC4CCN(Cc5ccccc5F)CC4)c3)n2)cn1,0,CHEMBL5266237
CHEMBL571730,O=S(=O)(/N=C(\NCCCCNc1c2c(nc3ccccc13)CCCC2)N1CC(c2ccccc2)C(c2ccc(Cl)cc2)=N1)c1ccc(Cl)cc1,1,CHEMBL571730
CHEMBL13308,CN(C)Cc1ccc(CSCCSCc2ccc(CN(C)C)o2)o1,0,CHEMBL13308
CHEMBL75743,CNC(=O)Oc1ccc2c(c1)[C@@]1(C)CCNC1N2,1,CHEMBL75743
CHEMBL1642977,CC(C)(C)c1cc[n+](CCCCCCCC[n+]2ccc(C(C)(C)C)cc2)cc1,0,CHEMBL1642977
CHEMBL574974,CCC1=CC2Cc3nc4cc(Cl)ccc4c(NCCN=[N+]=[N-])c3C(C1)C2,0,CHEMBL574974
CHEMBL575802,COc1cc2c(cc1OC)C(c1cccc([N+](=O)[O-])c1)N(CCCCCCc1cn(CCNc3c4c(nc5cc(Cl)ccc35)CC3C=C(C)CC4C3)nn1)CC2,0,CHEMBL575802
CHEMBL4064686,O=C(CC[C@@H](NC(=O)c1ccccc1)C(=O)O)NCCC1CCN(Cc2ccccc2)CC1,1,CHEMBL4064686
CHEMBL4086191,O=C(CC[C@H](NC(=O)c1c[nH]c2ccccc12)C(=O)O)NCCC1CCN(Cc2ccccc2)CC1,1,CHEMBL4086191
CHEMBL4081699,CCOC(=O)[C@H](CCC(=O)NCCC1CCN(Cc2ccccc2)CC1)NC(=O)c1c[nH]c2ccccc12,1,CHEMBL4081699
CHEMBL3425890,COc1cc(/C=C/c2ccc3ccccc3[n+]2C)ccc1F,1,CHEMBL3425890
CHEMBL4086152,CCN(CC)c1ccc(/C=C/c2cc(N3CCN(C)CC3)c3ccccc3[n+]2C)c(O)c1,1,CHEMBL4086152
CHEMBL165,Oc1ccc(/C=C/c2cc(O)cc(O)c2)cc1,1,CHEMBL165
CHEMBL154366,CC1CCCN(Cc2ccc(CNCCN3CCNC3=C(C#N)C#N)o2)C1,0,CHEMBL154366
CHEMBL5287904,COc1cc2c(cc1OC)C(=O)[C@]1(C2)[C@H](c2ccccc2OC)[C@H](Cc2c[nH]c3ccccc23)NC12C(=O)Nc1ccccc12,1,CHEMBL5287904
CHEMBL5275040,COc1cc([C@@H](O)[C@H](CO[C@@H]2O[C@H](CO)[C@@H](O)[C@H](O)[C@H]2O)Oc2ccc(CCCO)cc2OC)ccc1O,0,CHEMBL5275040
CHEMBL107254,CN(C)Cc1ccc(CSCCNc2cc(Nc3ccc(F)cc3)c([N+](=O)[O-])cc2[N+](=O)[O-])o1,0,CHEMBL107254
CHEMBL5272625,COc1cc(/C=C/c2nnc(-c3ccc(Cl)cc3Cl)o2)ccc1O,0,CHEMBL5272625
CHEMBL5291052,O=C(/C=C/c1ccc(F)cc1)c1cc(I)c(Br)cc1O,0,CHEMBL5291052
CHEMBL517247,CC(C)=CCC/C(C)=C/Cc1c(O)ccc2cc(-c3cc(O)cc(O)c3CC=C(C)C)oc12,1,CHEMBL517247
CHEMBL5267312,C/C(=C\C1=CCN(C(=O)CCc2ccccc2)C(=O)C1)N1C(=O)c2ccccc2C1=O,0,CHEMBL5267312
CHEMBL275224,c1ccc2c(c1)[nH]c1cnccc12,1,CHEMBL275224
CHEMBL69507,C[n+]1ccc2c(c1)[nH]c1ccccc12,1,CHEMBL69507
CHEMBL472788,c1ccc2c(c1)CN1CCc3c([nH]c4ccccc34)C1=N2,1,CHEMBL472788
CHEMBL18966,Cc1ccc(COc2ccc3c(C)c(C)c(=O)oc3c2)cc1,1,CHEMBL18966
CHEMBL225610,CN(CCCOc1ccc2c(=O)c3ccccc3oc2c1)Cc1ccccc1,1,CHEMBL225610
CHEMBL1221863,CO[C@H]1C=C2[C@H]3CN(Cc4cc5c(cc43)OCO5)[C@H]2C[C@@H]1O,1,CHEMBL1221863
CHEMBL5090336,COc1ccccc1C(=O)O[C@H]1CN2Cc3cc4c(cc3[C@]13C=C[C@@H](O)C[C@H]23)OCO4,1,CHEMBL5090336
CHEMBL371787,CC(NC(=O)Oc1cccc2c1OCC1CCN(C)C21)c1ccccc1,1,CHEMBL371787
CHEMBL363588,CNC(=O)Oc1cccc(CN(C)CCCCCCCOc2ccc3c(c2)OC/C(=C\c2cc(OC)c(OC)c(OC)c2)C3=O)c1,1,CHEMBL363588
CHEMBL396190,CC(C)C1=N[C@H]2CC=C3C[C@H]4C(=O)C[C@]5(C)[C@@H]([C@H](C)N(C)C)[C@H](OC(=O)C(C)(C)C)C[C@@]5(C)[C@@H]4CC[C@H]3[C@]2(C)CO1,0,CHEMBL396190
CHEMBL241536,C[C@@H]([C@H]1[C@H](O)C[C@@]2(C)[C@@H]3CC[C@@H]4C(=CC[C@@H]5N=C(C(C)(C)C)OC[C@]54C)C[C@H]3C(=O)C[C@]12C)N(C)C,0,CHEMBL241536
CHEMBL575813,C[C@@H]1CCC[C@H](C)N1S(=O)(=O)c1ccccc1[N+](=O)[O-],0,CHEMBL575813
CHEMBL491561,CCOC(=O)C1=C(C)Nc2nc3c(c(N)c2C1c1ccccc1C(F)(F)F)CCCC3,0,CHEMBL491561
CHEMBL1642988,CC(C)(C)c1cc[n+](/C=C2\C=CC3=CC/C(=C\[n+]4ccc(C(C)(C)C)cc4)C=C3C2)cc1,0,CHEMBL1642988
CHEMBL1642980,CC(C)(C)c1cc[n+](CCCCCCCCCCC[n+]2ccc(C(C)(C)C)cc2)cc1,0,CHEMBL1642980
CHEMBL1642982,CC(C)(C)c1cc[n+](CCOCC[n+]2ccc(C(C)(C)C)cc2)cc1,1,CHEMBL1642982
CHEMBL63173,CN1CC[C@@]2(C)c3cc(OC(=O)NCCCCN4CCOCC4)ccc3N(C)[C@@H]12,1,CHEMBL63173
CHEMBL3289943,CN(C)c1ccc(/C=C/C(=O)C2CCc3ccccc3C2=O)cc1,1,CHEMBL3289943
CHEMBL3290187,O=C1/C(=C\c2ccc(N3CCCC3)cc2)CCC/C1=C\c1ccc(N2CCCC2)cc1,1,CHEMBL3290187
CHEMBL238573,CC1CCCN(C(=O)Oc2ccc(Oc3ccc(C(F)(F)F)cn3)cc2)C1,1,CHEMBL238573
CHEMBL1766141,COCCN1CCN(c2nccc(NCc3ccccc3)n2)CC1,1,CHEMBL1766141
CHEMBL238572,CC1CCCCN1C(=O)Oc1ccc(Oc2ccc(C(F)(F)F)cn2)cc1,1,CHEMBL238572
CHEMBL259523,CC[C@@]1(c2cccc(O)c2)CCCCN(CCCCCCCCCCN2CCCC[C@@](CC)(c3cccc(O)c3)C2)C1,1,CHEMBL259523
CHEMBL606348,C/C=C1\[C@H]2C=C(C)C[C@]1(/N=C/c1cc(OC)cc(OC)c1)c1ccc(=O)[nH]c1C2,0,CHEMBL606348
CHEMBL596236,C/C=C1\[C@H]2C=C(C)C[C@]1(/N=C/c1ccc(C#N)cc1)c1ccc(=O)[nH]c1C2,0,CHEMBL596236
CHEMBL595114,C/C=C1\[C@H]2C=C(C)C[C@]1(/N=C/C=C/c1ccccc1)c1ccc(=O)[nH]c1C2,0,CHEMBL595114
CHEMBL2206899,Nc1c2c(nc3c1C(c1c(Cl)cccc1Cl)c1ccc4ccccc4c1O3)CCCC2,1,CHEMBL2206899
CHEMBL2047225,Clc1ccc(CNc2ccnc(NC3CCN(Cc4ccccc4)CC3)n2)cc1,1,CHEMBL2047225
CHEMBL3237629,CC[C@H]1[C@H](C[C@H](C)C(=O)OC)O[C@]23CC[C@@H]([C@@H]4C[C@H](C)C(=O)O4)N2CCCC[C@]13O,1,CHEMBL3237629
CHEMBL363535,Cc1coc2c1C(=O)C(=O)c1c-2ccc2c(C)cccc12,1,CHEMBL363535
CHEMBL3233991,COc1ccc(C(C#N)N2CCOCC2)cc1OC,1,CHEMBL3233991
CHEMBL1191355,N#CC(c1ccc2c(c1)OCO2)N1CCOCC1,1,CHEMBL1191355
CHEMBL497686,Cc1ccc(C2CC(c3cccc(O)c3)=Nc3ccccc3S2)cc1,1,CHEMBL497686
CHEMBL508510,Oc1cccc(C2=Nc3ccccc3SC(c3cccc(O)c3)C2)c1,1,CHEMBL508510
CHEMBL133580,CCCCCCSc1nc(-c2ccc(Cl)cc2)nn1C(=O)N(C)c1ccccc1,1,CHEMBL133580
CHEMBL4639128,COCc1nc2cnc3cc(-c4c(C)noc4C)c(OC[C@H]4CCNC4)cc3c2n1[C@H](C)c1ccccc1,1,CHEMBL4639128
CHEMBL396199,COc1cc2cc(-c3ccc(C[N+](C)(C)Cc4ccccc4)cc3)c(=O)oc2cc1OC,0,CHEMBL396199
CHEMBL245055,COc1cc2oc(-c3cccc(CN(C)Cc4ccccc4)c3)cc(=O)c2cc1OC,1,CHEMBL245055
CHEMBL3263731,CN(Cc1ccc(C(=O)NCCc2c[nH]c3ccccc23)cc1)Cc1cccc(Cl)c1,1,CHEMBL3263731
CHEMBL241553,Cc1cccc(N(C)C(=O)Oc2ccc(Oc3ccc(C(F)(F)F)cn3)cc2)c1,1,CHEMBL241553
CHEMBL239633,O=C(Oc1ccc(Oc2ccc(C(F)(F)F)cn2)cc1)N1CCc2ccccc2C1,1,CHEMBL239633
CHEMBL238085,CN(C(=O)Oc1ccc(Oc2ccc(C(F)(F)F)cn2)cc1)c1ccccc1,1,CHEMBL238085
CHEMBL235751,CN(C(=O)Oc1ccc(Oc2ccc(Cl)cn2)cc1)c1ccccc1,1,CHEMBL235751
CHEMBL397160,O=C(Oc1ccc(Oc2ncc(Cl)cc2Cl)cc1)N1CCOCC1,1,CHEMBL397160
CHEMBL3261989,O=C(/C=N\O)Nc1ccc[n+](CCCCCCC[n+]2cccc(NC(=O)/C=N\O)c2)c1,1,CHEMBL3261989
CHEMBL3216116,CC1=CC2Cc3nc4cc(Cl)ccc4c(NCCCCCCCCCNc4c5c(nc6ccccc46)CCCC5)c3C(C1)C2,0,CHEMBL3216116
CHEMBL1669482,c1ccc2c[n+](CCCC[n+]3ccc4ccccc4c3)ccc2c1,1,CHEMBL1669482
CHEMBL3237630,CC[C@H]1[C@H]2OC(=O)[C@](C)(O)[C@H]2[C@]23CC[C@@H]([C@@H]4C[C@@H](C)C(=O)O4)N2CCCC[C@@H]13,1,CHEMBL3237630
CHEMBL5178629,CCN(CC)Cc1ccc(C=C2Cc3ccccc3C2=O)cc1,1,CHEMBL5178629
CHEMBL5185134,CCN(CC)Cc1ccc(C=C2Cc3cc(OC)ccc3C2=O)cc1,0,CHEMBL5185134
CHEMBL131598,Cc1cccc(NC(=O)Oc2ccc3c(c2)[C@]2(C)CCN(C)[C@@H]2N3C)c1,0,CHEMBL131598
CHEMBL59977,Nc1c2c(nc3ccc([N+](=O)[O-])cc13)CCCC2,1,CHEMBL59977
CHEMBL1161716,C=C1c2c(Cl)cccc2N=C2CCCCCN12,1,CHEMBL1161716
CHEMBL4159609,Cc1cc(=O)oc2cc(OCCCSC(=S)N3CCCCC3)ccc12,0,CHEMBL4159609
CHEMBL372279,CC(C)N(CCN1CC(=O)N(CCc2ccc(Cl)cc2Cl)CC1=O)C(C)C,1,CHEMBL372279
CHEMBL212220,CCCCC(CC1(C(=O)Nc2nnc(CC)s2)CCCC1)C(=O)O,1,CHEMBL212220
CHEMBL594186,C/C=C1\[C@H]2C=C(C)C[C@]1(/N=C/C(=C/c1ccccc1)CCCCC)c1ccc(=O)[nH]c1C2,0,CHEMBL594186
CHEMBL606372,C/C=C1\[C@H]2C=C(C)C[C@]1(/N=C/C=C/c1ccc(N(C)C)cc1)c1ccc(=O)[nH]c1C2,0,CHEMBL606372
CHEMBL606538,C=CCOc1ccc(/C=N/[C@@]23CC(C)=C[C@@H](Cc4[nH]c(=O)ccc42)/C3=C\C)cc1,0,CHEMBL606538
CHEMBL3585775,COc1ccccc1C(C)NS(=O)(=O)NC(=O)OCc1ccccc1,0,CHEMBL3585775
CHEMBL3310699,COC(=O)C(CC1=NO[C@@H]2CCC[C@@H]2[C@H]1c1ccccc1)C(=O)OC,1,CHEMBL3310699
CHEMBL74962,O=C(CCC1CCN(Cc2ccccc2)CC1)c1ccc2c(c1)N(Cc1ccccc1)CCCC2,1,CHEMBL74962
CHEMBL4101886,c1ccc(CNc2c3c(nc4ccccc24)CCCC3)nc1,1,CHEMBL4101886
CHEMBL4281066,CC(C)(C)c1cc(/C=C/C(=O)NCCC2CCN(Cc3ccc(F)c(F)c3)CC2)cc(C(C)(C)C)c1O,1,CHEMBL4281066
CHEMBL5272511,COc1cc2c(cc1OC)/C(=N\N)C(CC1CCN(Cc3ccccc3)CC1)C2,0,CHEMBL5272511
CHEMBL4281203,CN1CCN(CCCNC(=O)COc2ccc(I)cc2)CC1,1,CHEMBL4281203
CHEMBL3220513,O=C(Nc1cc2ccccc2oc1=O)c1ccc(Cl)c(Cl)c1,1,CHEMBL3220513
CHEMBL390598,CN(CCCCCCCCCCOc1ccc2c(=O)c3ccccc3oc2c1)Cc1ccccc1,1,CHEMBL390598
CHEMBL209924,COc1cc(Br)c(CN2CCN(C(c3ccc(F)cc3)c3ccc(F)cc3)CC2)cc1OC,1,CHEMBL209924
CHEMBL3115037,CN1CC[C@@H](C(=O)N2C/C(=C\c3ccc(F)cc3)C(=O)[C@@]3(C2)[C@H](c2ccc(F)cc2)CN(C)[C@]32C(=O)Nc3ccccc32)[C@@]12C(=O)Nc1ccccc12,1,CHEMBL3115037
CHEMBL2332541,O=C(C[C@H]1C[C@H]2CCCN2[C@]12C(=O)Nc1ccccc12)N1C/C(=C\c2ccc(Cl)cc2)C(=O)[C@]2(C[C@H]3CCCN3[C@@]23C(=O)Nc2ccccc23)C1,1,CHEMBL2332541
CHEMBL4636698,COc1c2c(cc3c1OCO3)[C@]13C=C[C@H](OC)C[C@@H]1[N@](C2)C[C@H]3OC(=O)C(C)C,1,CHEMBL4636698
CHEMBL3819231,COc1cc(/C=C/C(=O)NCCC2CCN(Cc3ccccc3)CC2)cc(OC)c1O,0,CHEMBL3819231
CHEMBL2047223,Clc1ccccc1CNc1ccnc(NC2CCN(Cc3ccccc3)CC2)n1,1,CHEMBL2047223
CHEMBL294251,COc1ccc(C(=O)CCc2cccc([N+](C)(C)C)c2)cc1OC,1,CHEMBL294251
CHEMBL33101,Cn1cc[n+](COCC(C)(C)C)c1/C=N/O,1,CHEMBL33101
CHEMBL136148,COc1cccc([N+](C)(C)C)c1,1,CHEMBL136148
CHEMBL416586,CCCCCCCNC(=O)Oc1ccc2c(c1)[C@]1(C)CCN(CC)C1C2,0,CHEMBL416586
CHEMBL149427,Cn1c(/C=N/O)[n+](C)c2ccccc21,1,CHEMBL149427
CHEMBL3928343,COc1cc2c(cc1OC)C(=O)C(CC1CCN(Cc3cccc(F)n3)CC1)C2,0,CHEMBL3928343
CHEMBL4557745,CCOc1ccc2[nH]c(SCc3cn(CC4CCN(Cc5ccccc5)CC4)nn3)nc2c1,1,CHEMBL4557745
CHEMBL4440392,c1ccc(CN2CCC(Cn3cc(CNc4ncnc5ccccc45)nn3)CC2)cc1,1,CHEMBL4440392
CHEMBL121810,CCc1ccccc1NC(=O)Oc1ccc2c(c1)[C@]1(C)CCN(C)O[C@@H]1N2C,0,CHEMBL121810
CHEMBL3112614,COc1cc2[se]n(-c3ccc(OCCCN4CCCCC4)cc3)c(=O)c2cc1OC,1,CHEMBL3112614
CHEMBL3122172,CCOC(=O)c1ccc2nc(-c3ccc(Cl)cc3)c3c(c2c1)N(Cc1ccccc1)CCC3,1,CHEMBL3122172
CHEMBL162734,c1ccc2c(c1)CN1CCCCCCC1=N2,1,CHEMBL162734
CHEMBL5202267,O=C(COc1ccccc1C(F)(F)F)NCC1CCN(Cc2ccccc2)CC1,0,CHEMBL5202267
CHEMBL5189408,O=C(COc1cc(F)ccc1[N+](=O)[O-])NCCN1CCN(Cc2ccccc2)CC1,0,CHEMBL5189408
CHEMBL5190969,Cc1cc(Br)cc(C)c1OCC(=O)NCCN1CCN(Cc2ccccc2)CC1,0,CHEMBL5190969
CHEMBL309490,O=c1c(O)c(-c2ccccc2)oc2cc(O)cc(O)c12,0,CHEMBL309490
CHEMBL132619,Cc1cccc2nc3c(c(N)c12)CCCO3,0,CHEMBL132619
CHEMBL4564320,COc1ccc(C2SCC(=O)N2c2ccc3oc(=O)ccc3c2)cc1,0,CHEMBL4564320
CHEMBL360832,COc1cc2c(cc1OC)SC(C(=O)CC1(O)CC[N+](C)(Cc3ccccc3)CC1)C2,0,CHEMBL360832
CHEMBL4559936,O=C(Nc1cc(-c2cn(CCNc3c4c(nc5ccccc35)CCCC4)nn2)ccn1)Nc1cccc2c1C1CCCCN1C2=O,0,CHEMBL4559936
CHEMBL179455,Nc1ccc2c(c1)c(-c1ccccc1)[n+](CCCNCCCNCCCNc1c3c(nc4ccccc14)CCCC3)c1cc(N)ccc21,0,CHEMBL1085702;CHEMBL179455
CHEMBL369554,CCNC(=O)Oc1ccc2c(c1)C1(C)CCOC1O2,0,CHEMBL369554
CHEMBL12473,CN(C)Cc1ccc(CSCc2cccc(CSCc3ccc(CN(C)C)o3)c2)o1,1,CHEMBL12473
CHEMBL3217103,COc1cc2c(cc1OC)CC(CC1CCN(CCCNc3c4c(nc5cc(Cl)ccc35)CCCC4)CC1)C2,0,CHEMBL3217103
CHEMBL3216886,COc1cc2c(cc1OC)C(=O)C(CC1CCN(CCCNc3c4c(nc5ccccc35)CCCC4)CC1)C2,0,CHEMBL3216886
CHEMBL542981,C#CCNC1CCc2cccc(OC(=O)N(C)CCC)c21,1,CHEMBL542981
CHEMBL545798,C#CCN(C)C1CCc2ccc(OC(=O)N(C)CCC)cc21,1,CHEMBL545798
CHEMBL497755,CN(CCCCCCCOc1ccc(-c2cc3ccccc3o2)cc1)Cc1ccccc1,1,CHEMBL497755
CHEMBL447857,COc1cccc(C(=O)c2c(-c3ccc(OCCCCCCCN(C)Cc4ccccc4)cc3)oc3ccccc23)c1,1,CHEMBL447857
CHEMBL506588,Cc1cccc(C(=O)c2c(-c3ccc(OCCCCCCCN(C)Cc4ccccc4)cc3)oc3ccccc23)c1,1,CHEMBL506588
CHEMBL143094,CCC1=CC2Cc3nc4cc(C)cc(C)c4c(N)c3C(C1)C2,0,CHEMBL143094
CHEMBL4541077,COc1ccc2[nH]cc(CCNC(=O)CN(CCCC3CCN(Cc4ccccc4)CC3)C(=O)/C=C/c3ccc(O)c(OC)c3)c2c1,0,CHEMBL4541077
CHEMBL1952062,CCCCCN1CCCN=C1/C=N/O,1,CHEMBL1952062
CHEMBL1952064,O/N=C/C1=NCCCN1Cc1ccc(Cl)cc1Cl,1,CHEMBL1952064
CHEMBL1952065,O/N=C/C1=NCCCN1Cc1cc(C(F)(F)F)cc(C(F)(F)F)c1,1,CHEMBL1952065
CHEMBL1952049,CCCCC/N=C(/C=N/O)N(C)C,1,CHEMBL1952049
CHEMBL3632853,COc1ccc(-c2cc3c(c(=O)o2)C[C@]2(O)[C@@]4(C)CC[C@@H](OC(C)=O)C(C)(C)[C@]4(O)CC[C@@]2(C)O3)cc1,1,CHEMBL3632853
CHEMBL4563523,O=C(c1cccc(F)c1F)n1nc(OCCN2CCCC2)c2ccccc21,1,CHEMBL4563523
CHEMBL3828696,CCCCCCCNC(=O)Oc1ccc(Cn2cc(COc3ccc4ccc(=O)oc4c3)nn2)cc1,0,CHEMBL3828696
CHEMBL3597010,CCOC(=O)C1=C(Nc2ccc(Cl)cc2)C[C@@H](c2ccccc2)N(c2ccc(Cl)cc2)[C@@H]1c1ccccc1,1,CHEMBL3597010
CHEMBL3597001,COC(=O)C1=C(Nc2ccccc2)C[C@@H](c2ccccc2)N(c2ccccc2)[C@@H]1c1ccccc1,1,CHEMBL3597001
CHEMBL1241457,CCNC(=O)Oc1ccc2c(c1)C1(C)COC(O2)O1,0,CHEMBL1241457
CHEMBL1243076,CNC(=O)Oc1ccc2c(c1)[C@]1(C)CCN(C)[C@@H]1N2Cc1ccccc1,0,CHEMBL1243076
CHEMBL295462,CNC(=O)Oc1ccc2c(c1)c(C)cn2Nc1ccncc1F,0,CHEMBL295462
CHEMBL1082740,FC(F)(F)c1cc(-c2ccccc2)nnc1NCCN1CCOCC1,1,CHEMBL1082740
CHEMBL1085937,c1ccc(-c2ccc(NCCCN3CCOCC3)nn2)cc1,1,CHEMBL1085937
CHEMBL1084789,c1ccc(C2=NNC(NCN3CCCCC3)=NC2)cc1,1,CHEMBL1084789
CHEMBL1085030,CN(CCOCCNC(=S)NC(=O)c1ccc2c(c1)C(=O)c1ccccc1-2)Cc1ccccc1,0,CHEMBL1085030
CHEMBL1083983,O=C(CCc1c[nH]c2ccccc12)NCCCCCCNc1c2c(nc3ccccc13)CCCC2,0,CHEMBL1083983
CHEMBL4070057,CC(=O)Nc1ccc(-c2c3ccccc3[n+](C)c3ccccc23)cc1,1,CHEMBL4070057
CHEMBL4063635,C[n+]1c2ccccc2c(N)c2ccccc21,1,CHEMBL4063635
CHEMBL4104589,C[n+]1c(/C=C/c2ccc(Cl)cc2)ccc2ccccc21,1,CHEMBL4104589
CHEMBL4096862,CCN(CC)c1ccc(/C=C/c2ccc3ccccc3[n+]2C)c(OC)n1,1,CHEMBL4096862
CHEMBL4100298,CCN(CCCCNC(=O)COc1ccc(-c2cc(=O)c3c(O)c(OC)c(OC)cc3o2)cc1)Cc1ccccc1OC,0,CHEMBL4100298
CHEMBL4278260,CC(C)(C)c1cc(/C=C/C(=O)NCCC2CCN(Cc3ccc(C#N)cc3)CC2)cc(C(C)(C)C)c1O,1,CHEMBL4278260
CHEMBL4088091,CN1C(=O)C2CN(C)C3(C(=O)c4ccccc4C3=O)C2C1=O,1,CHEMBL4088091
CHEMBL150164,C#CCCCC[n+]1ccc(/C=N/O)cc1,1,CHEMBL150164
CHEMBL3828381,NC(=O)c1cc[n+](CCC[n+]2cccc(NC(=O)/C=N\O)c2)cc1,1,CHEMBL3828381
CHEMBL3828259,Cc1cc(=O)oc2cc(OCCCN(C)Cc3cccc(OC(=O)NCCCCCc4ccccc4)c3)ccc12,0,CHEMBL3828259
CHEMBL3828631,CN(CCCOc1ccc2cc(-c3ccccc3)c(=O)oc2c1)Cc1cccc(OC(=O)NCCCCCc2ccccc2)c1,0,CHEMBL3828631
CHEMBL130672,Cc1ccc(NC(=O)Oc2ccc3c(c2)[C@]2(C)CCN(C)[C@@H]2N3C)cc1C,0,CHEMBL130672
CHEMBL2332531,O=C(C[C@H]1C[C@H]2CCCN2[C@]12C(=O)Nc1ccccc12)N1C/C(=C\c2ccc(Cl)cc2Cl)C(=O)[C@]2(C[C@H]3CCCN3[C@@]23C(=O)Nc2ccccc23)C1,1,CHEMBL2332531
CHEMBL5283238,COc1ccc2c(c1)c(C=O)cn2CCCCCCCCCCCCN(C)Cc1ccc(O)cc1,1,CHEMBL5283238
CHEMBL5282063,CCN(CCCCCCCCCCCCn1cc(C=O)c2cc(OC)ccc21)Cc1cccc(O)c1,1,CHEMBL5282063
CHEMBL5270722,CN(CCCCCCCCCCCCn1cc(C=O)c2cc(O)ccc21)Cc1cccc(O)c1,1,CHEMBL5270722
CHEMBL4439554,Oc1ccc(/C=N/c2c3c(nc4ccccc24)CCCC3)cc1,1,CHEMBL4439554
CHEMBL4555120,COc1ccc(CCOCCCCCNc2c3c(nc4ccccc24)CCCC3)cc1OC,0,CHEMBL4555120
CHEMBL4483487,COc1ccc(C2=NN(C(C)=O)C(c3ccc(N4CCN(c5ccccc5)CC4)cc3)C2)cc1OC,1,CHEMBL4483487
CHEMBL256497,COc1cc(=O)[nH]c2c(OC)cccc12,1,CHEMBL256497
CHEMBL7568,CCN(CC)CCCC(C)Nc1c2ccc(Cl)cc2nc2ccc(OC)cc12,1,CHEMBL7568
CHEMBL3216778,CC1=CC2Cc3nc4cc(Cl)ccc4c(NCCCCCCCCCNc4c5c(nc6cc(Cl)ccc46)CCCC5)c3C(C1)C2,0,CHEMBL3216778
CHEMBL4069444,NC(=O)Cc1nc(NCCc2ccccc2)c2ccccc2n1,1,CHEMBL4069444
CHEMBL4085114,CC(=O)Nc1nc(NCCc2ccccc2)c2ccccc2n1,1,CHEMBL4085114
CHEMBL4095755,CC1CC[C@@]2(C)c3cc(OC(=O)Nc4ccccc4)ccc3C(C)[C@@H]12,0,CHEMBL4095755
CHEMBL4073838,COc1cc2c(cc1OC)C(c1ccccc1)N(Cc1cccc(/C=N/O)c1O)CC2,1,CHEMBL4073838
CHEMBL4092905,COc1cc2c(cc1OC)C(c1ccccc1)N(Cc1cc(Cl)cc(/C=N/O)c1O)CC2,1,CHEMBL4092905
CHEMBL1834073,CCCN1CCN(c2nccc(NC(c3ccccc3)c3ccccc3)n2)CC1,1,CHEMBL1834073
CHEMBL555075,CCn1c(C)nc2cc(C(=O)CCC3CCN(Cc4ccccc4)CC3)ccc21,0,CHEMBL1082435;CHEMBL555075
CHEMBL426113,O/N=C/c1cc[n+](CCC[n+]2ccc(/C=N/O)cc2)cc1,1,CHEMBL32778;CHEMBL426113
CHEMBL599254,CCN(CC)CCCOc1ccc2c(c1)C(=O)/C(=C/c1ccc(CN(C)Cc3ccccc3)cc1)C2,1,CHEMBL599254
CHEMBL597406,CN(Cc1ccccc1)Cc1ccc(/C=C2\Cc3ccccc3C2=O)cc1,1,CHEMBL597406
CHEMBL1651043,C[C@@H]([C@H]1[C@H](O)C[C@@]2(C)[C@@H]3C[C@H](O)[C@H]4[C@]5(C)CO[C@]4(C=C[C@@H]5NC(=O)c4ccccc4)CC3=CC[C@]12C)N(C)C,1,CHEMBL1651043
CHEMBL1651048,C/C=C1/C(=O)C[C@@]2(C)[C@@H]3CC[C@H]4C(C)(C)[C@@H](N(C)C)CC[C@@]45C[C@@]35CC[C@]12C,1,CHEMBL1651048
CHEMBL4064773,CNc1nc(NCCc2ccccc2)c2ccccc2n1,1,CHEMBL4064773
CHEMBL4104534,COc1cc2c(cc1OC)C(c1ccccc1)N(CC1CCN(Cc3ccc(O)c(/C=N/O)c3)CC1)CC2,1,CHEMBL4104534
CHEMBL4063109,COc1cc2c(cc1OC)C(c1ccccc1)N(CC1CCN(Cc3cc(F)cc(/C=N/O)c3O)CC1)CC2,1,CHEMBL4063109
CHEMBL4103664,Cc1ccc(C2c3ccc4cccnc4c3Oc3nc4c(c(N)c32)CCCC4)cc1,1,CHEMBL4103664
CHEMBL1084263,O=C(CCc1c[nH]c2ccccc12)NCCCCCCCCCCNc1c2c(nc3cc(Cl)ccc13)CCCC2,0,CHEMBL1084263
CHEMBL3823538,COc1ccc2[nH]cc(CCNC(=O)CC3CCN(Cc4cccc(C)c4)CC3)c2c1,1,CHEMBL3823538
CHEMBL258928,NCCCCCCCCNc1c2c(nc3ccccc13)CCCC2,0,CHEMBL258928
CHEMBL1084531,c1ccc2c(NCCCCCCCCCCNc3ccncc3)c3c(nc2c1)CCCC3,0,CHEMBL1084531
CHEMBL331637,CC12CCC(c3c1nc1ccccc1c3N)C2(C)C,1,CHEMBL331637
CHEMBL1083488,c1ccc2c(NCCCCCCNc3c4c(nc5ncccc35)CCCCC4)c3c(nc2c1)CCCCC3,0,CHEMBL1083488
CHEMBL4461886,COc1ccc(-c2cc3c(c(=O)o2)C[C@]2(O)[C@@]4(C)CC[C@@H](O)C(C)(C)[C@]4(O)CC[C@@]2(C)O3)cc1,0,CHEMBL4461886
CHEMBL4094837,COc1ccc(C2c3ccccc3N(C)c3ccccc32)cc1,1,CHEMBL4094837
CHEMBL4069472,Cc1ccc(-c2c3ccccc3[n+](C)c3ccccc23)cc1,1,CHEMBL4069472
CHEMBL381499,O=C(CCCCCCNc1c2c(nc3cc(Cl)ccc13)CCCC2)NCCc1c[nH]c2ccccc12,0,CHEMBL381499
CHEMBL4065259,CN1c2ccccc2C(N2CCSCC2)c2ccccc21,1,CHEMBL4065259
CHEMBL4075825,CN1c2ccccc2C(n2cncn2)c2ccccc21,1,CHEMBL4075825
CHEMBL4088659,CN1c2ccccc2C(n2nnc3ccccc32)c2ccccc21,1,CHEMBL4088659
CHEMBL4533477,O=C(/C=C/c1ccc([N+](=O)[O-])cc1)NCCCCCCNc1c2c(nc3ccccc13)CCCC2,0,CHEMBL4533477
CHEMBL3828679,CCCCCCCCCC(C)C1OCc2c[n+](C)c(C)c(OC(=O)N(C)C)c2CO1,0,CHEMBL3828679
CHEMBL3827347,Cc1c(OC(=O)N(C)C)c2c(c[n+]1C)COC(C(C)C)OC2,1,CHEMBL3827347
CHEMBL357981,C#CC(C)C(C)OC[n+]1ccn(C)c1/C=N/O,1,CHEMBL357981
CHEMBL1766148,O=S1(=O)CCN(c2nccc(NCc3ccccc3)n2)CC1,1,CHEMBL1766148
CHEMBL3818801,O=C1/C(=C/C2CCN(Cc3ccccc3)CC2)Cc2cc3c(cc21)OCO3,0,CHEMBL3818801
CHEMBL3335019,COc1cc(C(C)N(C)C)cc2oc(=O)c3ccccc3c12,1,CHEMBL3335019;CHEMBL3545710
CHEMBL3338386,C/C=C1\[C@H]2C=C(C)C[C@]1(N[C@H]1OC(=O)C3=C4CC(C)(C)C[C@H]4[C@@H](C)[C@@H](O)C[C@]31OC)c1ccc(=O)[nH]c1C2,0,CHEMBL3338386
CHEMBL4470448,Cc1c(C)c2ccc(OCC3CCN(Cc4cccc(OCCCO)c4)CC3)cc2oc1=O,0,CHEMBL4470448
CHEMBL4459482,Cc1c(C)c2ccc(OCC3CCN(Cc4cccc(CO[N+](=O)[O-])c4)CC3)cc2oc1=O,1,CHEMBL4459482
CHEMBL3985059,COc1cc2c(cc1OC)C(=O)C(CC1CCN(Cc3ccc(F)cc3)CC1)C2,0,CHEMBL3985059
CHEMBL3960861,COc1cc2c(cc1OC)C(=O)C(CC1CCN(Cc3cccc(Cl)c3)CC1)C2,0,CHEMBL3960861
CHEMBL3892502,COc1cc2c(cc1OC)C(=O)C(CC1CCN(Cc3ccc(C(F)(F)F)cc3)CC1)C2,1,CHEMBL3892502
CHEMBL171048,COc1cc2c(cc1OC)C(=O)C(CC1CCN(Cc3ccc([N+](=O)[O-])cc3)CC1)C2,1,CHEMBL171048
CHEMBL3910513,COc1cc2c(cc1OC)C(=O)C(CC1CCN(Cc3ccccn3)CC1)C2,0,CHEMBL3910513
CHEMBL3828693,CCCCCCCNC(=O)Oc1cccc(CN(C)CCCCCOc2ccc3ccc(=O)oc3c2)c1,0,CHEMBL3828693
CHEMBL3827220,O=C(NCCCCCc1ccccc1)Oc1cccc(Cn2cc(COc3ccc4ccc(=O)oc4c3)nn2)c1,0,CHEMBL3827220
CHEMBL3827950,O=C(NCCCCCc1ccccc1)Oc1ccc(-n2cc(COc3ccc4ccc(=O)oc4c3)nn2)cc1,1,CHEMBL3827950
CHEMBL1082980,CN1CCN(c2nccc(NCCc3ccccc3)n2)CC1,1,CHEMBL1082980
CHEMBL1766149,c1ccc(CNc2ccnc(N3CCNCC3)n2)cc1,1,CHEMBL1766149
CHEMBL1766146,c1ccc(CNc2ccnc(NC3CCN(Cc4ccccc4)CC3)n2)cc1,1,CHEMBL1766146
CHEMBL1085780,c1ccc(CNc2ccnc(N3CCCC3)n2)cc1,1,CHEMBL1085780
CHEMBL3786937,CN(C)C(=O)N[C@H]1CCc2c(O)cccc2C1,0,CHEMBL3786937
CHEMBL4632994,O=[N+]([O-])C1C(Cc2c[nH]cn2)NC2(c3ccccc3-c3nc4ccccc4nc32)C1c1ccco1,1,CHEMBL4632994
CHEMBL1669490,C(=C/C[n+]1ccc2ccccc2c1)/C[n+]1ccc2ccccc2c1,1,CHEMBL1669490
CHEMBL4649545,COc1c2c(cc3c1OCO3)[C@]13C=C[C@H](OC)C[C@@H]1[N@](C2)C[C@H]3OC(=O)c1ccc([N+](=O)[O-])cc1,1,CHEMBL4649545
CHEMBL4646747,COc1c2c(cc3c1OCO3)[C@]13C=C[C@H](OC)C[C@@H]1[N@](C2)C[C@H]3OC(=O)c1cccc([N+](=O)[O-])c1,1,CHEMBL4646747
CHEMBL4644410,COc1ccccc1C(=O)O[C@@H]1C[N@@]2Cc3c(cc4c(c3OC)OCO4)[C@@]13C=C[C@H](OC)C[C@H]23,1,CHEMBL4644410
CHEMBL1084212,c1ccc2c(CNc3ccnc(N4CCSCC4)n3)cccc2c1,1,CHEMBL1084212
CHEMBL62031,COc1ccc(C(=O)COc2cccc([N+](C)(C)C)c2)cc1OC,1,CHEMBL62031
CHEMBL2088784,N#Cc1cc(C#N)c(NCCC2CCN(Cc3ccccc3)CC2)nc1N,0,CHEMBL2088784
CHEMBL4445377,COc1ccc(C2=NN(C(C)=O)C(c3ccc(N4CCC(C)CC4)cc3)C2)cc1OC,1,CHEMBL4445377
CHEMBL122983,C[C@H]1C(=O)N(C(=O)NCc2ccccc2)[C@@H]1Oc1ccc(C(=O)C(C)(C)C)cc1,1,CHEMBL122983
CHEMBL598632,COc1cc2c(cc1OC)C(=O)/C(=C/c1ccc(CN(C)Cc3ccccc3)cc1)C2,1,CHEMBL598632
CHEMBL1081448,c1cc[n+](COC[n+]2ccccc2)cc1,1,CHEMBL1081448
CHEMBL4213345,Cc1cc(=O)oc2cc(OCc3cc[n+](Cc4ccc(Br)cc4)cc3)ccc12,0,CHEMBL4213345
CHEMBL74107,CCCCCCCCNC(=O)Oc1ccc2c(c1)[C@]1(C)CCN(C)[C@@H]1N2C,0,CHEMBL74107
CHEMBL4436169,COc1ccc(C(=O)CNc2ccc3oc(=O)ccc3c2)cc1,0,CHEMBL4436169
CHEMBL4449161,O=c1ccc2cc(/N=C/c3ccc(Cl)cc3)ccc2o1,0,CHEMBL4449161
CHEMBL3785269,COc1cccc2c1CCC(NS(=O)(=O)N(C)C)C2,0,CHEMBL3785269
CHEMBL1669483,c1ccc2c[n+](CCCCC[n+]3ccc4ccccc4c3)ccc2c1,1,CHEMBL1669483
CHEMBL1669486,c1ccc2c[n+](CCCCCCCC[n+]3ccc4ccccc4c3)ccc2c1,0,CHEMBL1669486
CHEMBL137059,CC[N+](C)(CCCCCC(=O)N(C)CCCCCCCCN(C)C(=O)CCCCC[N+](C)(CC)Cc1ccccc1)Cc1ccccc1,0,CHEMBL137059
CHEMBL4077157,O=C(Nc1ccc(CN2CCOCC2)cc1C(=O)C(=O)N1C(=O)CCC1=O)c1ccccc1,0,CHEMBL4077157
CHEMBL4077169,CN1c2ccccc2C(N2CCOCC2)c2ccccc21,1,CHEMBL4077169
CHEMBL4167058,c1ccc2c(c1)CN[C@@H](CN(CCCN1CCNCC1)[C@H]1CCCc3cccnc31)C2,1,CHEMBL4167058
CHEMBL4177133,COc1ccc2c(c1)CCC(Cc1cc[n+](Cc3ccccc3Cl)cc1C(C)=O)C2=O,0,CHEMBL4177133
CHEMBL4172950,COc1ccc2c(c1)CCC(CC1C=CN(Cc3cccc(C(F)(F)F)c3)C=C1C(C)=O)C2=O,1,CHEMBL4172950
CHEMBL4591636,COc1ccccc1CN1CCN(CCCCCOc2cccc3[nH]c4ccccc4c23)CC1,1,CHEMBL4591636
CHEMBL221753,CC(C)(C)CC(C)(C)c1ccc(OCCOCC[N+](C)(C)Cc2ccccc2)cc1,1,CHEMBL221753
CHEMBL1714574,CC(C)N1CCN(c2ccc(OCC3COC(Cn4cncn4)(c4ccc(Cl)cc4Cl)O3)cc2)CC1,1,CHEMBL1714574
CHEMBL3343708,CCN(CC)c1ccc(/C=C2\Cc3cc(OC)c(OCCN4CCCCC4)cc3C2=O)cc1,0,CHEMBL3343708
CHEMBL4282357,Cc1cccc2c1ccc1c3occ(C)c3c(=O)oc(=O)c21,1,CHEMBL4282357
CHEMBL4290236,Cc1coc2c1c(=O)oc(=O)c1c3c(ccc12)C(C)(C)CCC3,1,CHEMBL4290236
CHEMBL4285759,Cc1cccc2c1ccc1c3c(c(=O)oc(=O)c12)[C@@H](C)CO3,1,CHEMBL4285759
CHEMBL1831286,CCC(c1ccc(O)c(OC)c1)c1cccc(O)c1O,1,CHEMBL1831286
CHEMBL224811,CN(CCCCCCCOc1ccc2c(=O)c3ccccc3oc2c1)Cc1ccccc1[N+](=O)[O-],1,CHEMBL224811
CHEMBL224981,COc1cc2oc3cc(OCCCCCCCN(C)Cc4ccccc4)ccc3c(=O)c2cc1OC,1,CHEMBL224981
CHEMBL4205954,O=C(Nc1ccc2c(c1)CN(C(=O)c1ccccc1)C(=O)C2)c1cccc(Cl)c1,0,CHEMBL4205954
CHEMBL4213042,c1ccc2c(NCCCCC[Se]CCCCCNc3c4c(nc5ccccc35)CCCC4)c3c(nc2c1)CCCC3,0,CHEMBL4213042
CHEMBL490507,COc1ccc(C(=O)c2ccc(CN(C)Cc3ccccc3)cc2)cc1OC,0,CHEMBL490507
CHEMBL470907,CCN(Cc1ccccc1)Cc1ccc(C(=O)c2ccc(OC)c(OC)c2)cc1,0,CHEMBL470907
CHEMBL4170793,C[C@]1(c2nccc3cc4c(cc23)OCO4)Oc2ccc3c(c2O1)OCO3,1,CHEMBL4170793
CHEMBL4175274,C[C@H](c1ccc2c(c1O)OCO2)c1nccc2cc3c(cc12)OCO3,1,CHEMBL4175274
CHEMBL4208866,O=C(Nc1ccc2c(c1)CN(C(=O)c1cccc(Cl)c1)C(=O)C2)c1ccccc1,0,CHEMBL4208866
CHEMBL4214430,COc1ccccc1C(=O)Nc1ccc2c(c1)CN(C(=O)c1cccc(Cl)c1)C(=O)C2,0,CHEMBL4214430
CHEMBL4063045,COc1cc(/C=C/C(=O)Nc2ccccc2)ccc1OCCCCCCN(C)C,1,CHEMBL4063045
CHEMBL4089033,CN1CC2C(=O)N(C3CCCCC3)C(=O)C2C12C(=O)c1ccccc1C2=O,1,CHEMBL4089033
CHEMBL236487,COc1cc2ncnc(N3CCN(Cc4ccc(F)cc4)CC3)c2cc1OC,0,CHEMBL236487
CHEMBL3425885,C[n+]1c(/C=C/c2cc([N+](=O)[O-])ccc2O)ccc2ccccc21,1,CHEMBL3425885
CHEMBL4086807,CCN(CC)c1ccc(/C=C/c2ccc3ccccc3n2)c(O)c1,1,CHEMBL4086807
CHEMBL4164525,COc1ccc2c3c1O[C@H]1C[C@@H](O)CC[C@@]31CC[N@@+](C)([O-])C2,1,CHEMBL4164525
CHEMBL1172893,COc1cc2c(cc1OC)[C@@H]1[C@H](O)[C@@H](OC)C=C3CCN(C2)[C@H]31,1,CHEMBL1172893
CHEMBL5574870,COc1ccccc1Oc1ccc2nc3c(c(N)c2c1)CCCC3,0,CHEMBL5574870
CHEMBL5575002,Cc1cc(C)cc(Oc2ccc3nc4c(c(N)c3c2)CCCCC4)c1,0,CHEMBL5575002
CHEMBL5595836,CN(Cc1ccc(COc2ccc3c(CO)cc(=O)oc3c2)cc1)Cc1ncc[nH]1,1,CHEMBL5595836
CHEMBL5203969,COC1CC(=O)c2c(O)ccc(O)c2C1,1,CHEMBL5203969
CHEMBL188823,COc1cc2onc(CCC3CCN(Cc4ccccc4)CC3)c2cc1C,0,CHEMBL188823
CHEMBL189283,COc1cc2cc(C(=O)CC3CCC(O)C[N+](C)(Cc4ccccc4)CC3)sc2cc1OC,0,CHEMBL189283
CHEMBL173136,CCN(CCCCCC(=O)N(C)CCCCCCCCN(C)C(=O)CCCCCN(CC)Cc1ccccc1C(F)(F)F)Cc1ccccc1C(F)(F)F,1,CHEMBL173136
CHEMBL172442,CC[N+](C)(CCCCCCOCCCCCCCCOCCCCCC[N+](C)(CC)Cc1ccccc1OC)Cc1ccccc1OC,0,CHEMBL172442
CHEMBL2160221,CCN(CC)Cc1cccc(C(=O)c2c(-c3ccc(OCCCCCCCN(C)Cc4ccccc4)cc3)oc3ccccc23)c1,1,CHEMBL2160221
CHEMBL427082,O=C(CCCc1c[nH]c2ccccc12)NCCCCCCNc1c2c(nc3cc(Cl)ccc13)CCCC2,0,CHEMBL427082
CHEMBL430679,CN(CCOCCNC(=S)NC(=O)c1cccc([N+](=O)[O-])c1)Cc1ccccc1,0,CHEMBL430679
CHEMBL101940,CN(CCOCCNC(=S)NC(=O)c1ccc(Cl)c(Cl)c1)Cc1ccccc1,0,CHEMBL101940
CHEMBL1084369,c1ccc2c(NCCCCCCCNc3ccncc3)c3c(nc2c1)CCCC3,0,CHEMBL1084369
CHEMBL74940,Fc1ccc2c(NCCCCCCNc3c4c(nc5cc(F)ccc35)CCCC4)c3c(nc2c1)CCCC3,0,CHEMBL74940
CHEMBL1085933,CNC(=O)Oc1cccc(CN(C)CCCCCCCOc2ccc3c(c2)O/C(=C\c2ccc4ccccc4c2)C3=O)c1,0,CHEMBL1085933
CHEMBL137561,Cc1ccc(O)cc1[N+](C)(C)C,1,CHEMBL137561
CHEMBL4583716,CCOc1ccc(Cc2nc3cc(C(=O)N(CC)CC)ccc3n2CCCCCNc2c3c(nc4ccccc24)CCCC3)cc1,0,CHEMBL4583716
CHEMBL32966,CCCCCCCNC(=O)Oc1ccc2c(c1)[C@]1(C)CCN(C)C1C2,0,CHEMBL32966
CHEMBL609719,C[N+]1(C)CCO[C@@](O)(c2ccc([N+](=O)[O-])cc2)C1,1,CHEMBL609719
CHEMBL288316,CC(C)OC[n+]1ccn(C)c1/C=N/O,1,CHEMBL288316
CHEMBL542749,CCN(C)C(=O)Oc1cccc2c1C(N)CC2,1,CHEMBL542749
CHEMBL136870,COc1ccc(C)c([N+](C)(C)C)c1,1,CHEMBL136870
CHEMBL326308,CCCCCCCCCN(Cc1ccccc1OC)C(=O)CCCCCNCc1ccc(-c2ccc(-c3ccc(CNCCCCCC(=O)NCc4ccccc4OC)cc3)cc2)cc1,1,CHEMBL326308
CHEMBL3986315,COc1ccccc1[N+]1=Cc2c(cccc2OC)CC1,1,CHEMBL3986315
CHEMBL2323356,CCOc1ccc(/C=N/NC(=O)CN2CCC(Cc3ccccc3)CC2)cc1,1,CHEMBL2323356
CHEMBL4787690,O=c1c(-c2ccc(OCCCCN3CCCCC3)cc2)coc2cc(OCCCCN3CCCCC3)cc(O)c12,0,CHEMBL4787690
CHEMBL2234522,COc1ccccc1[C@H]1C2=C(CC(C)(C)CC2=O)Oc2nc3c(c(N)c21)CCCC3,1,CHEMBL2234522
CHEMBL4527805,COc1ccc(/C=C2\COc3cc(OCCCN4CCCCC4)ccc3C2=O)cc1,1,CHEMBL4527805
CHEMBL5202021,COc1cc2oc(C(=O)Nc3cccc(CN(C)Cc4ccccc4)c3)cc(=O)c2cc1OC,1,CHEMBL5202021
CHEMBL166194,N=c1c2ccc(Cl)cc2nc2n1CCCCC2,1,CHEMBL166194
CHEMBL5185234,O=C(COc1ccc(CCc2ccccc2)cc1)NCCN1CCN(Cc2ccccc2)CC1,0,CHEMBL5185234
CHEMBL4857592,COc1cccc(C2CC(c3cc(F)cc(F)c3)=NN2c2ccc(S(N)(=O)=O)cc2)c1OC,0,CHEMBL4857592
CHEMBL4847613,COc1ccc(C2CC(c3cc(F)cc(F)c3)=NN2c2ccc(S(N)(=O)=O)cc2)c(OC)c1,0,CHEMBL4847613
CHEMBL343365,C[C@@H]([C@H]1CC[C@H]2[C@@H]3CC[C@H]4C[C@@H](NC(=O)c5ccccc5)[C@@H](O)C[C@]4(C)[C@H]3CC[C@]12C)N(C)C,1,CHEMBL343365
CHEMBL110045,COc1ccccc1CN1CCCCCC(=O)N(C)CCCCCCCCN(C)C(=O)CCCCCN(Cc2ccccc2OC)Cc2ccc(cc2)-c2ccc(cc2)C1,1,CHEMBL110045
CHEMBL2163795,COc1cc2c(cc1OC)-c1cc3ccc(OC)c(OC)c3c[n+]1CC2,1,CHEMBL206106;CHEMBL2163795
CHEMBL342245,C/C=C(\C)C(=O)N[C@H]1C(OC(C)=O)C[C@@]2(C)C(CC[C@H]3C4CC=C([C@H](C)N(C)C)[C@@]4(C)CC[C@@H]32)[C@H]1OC(C)=O,1,CHEMBL342245
CHEMBL1766151,CC1CCN(c2nccc(NCc3cccc4ccccc34)n2)CC1,1,CHEMBL1766151
CHEMBL1084213,CN1CCN(c2nccc(NCc3cccc4ccccc34)n2)CC1,1,CHEMBL1084213
CHEMBL1085781,c1ccc(CNc2ccnc(N3CCOCC3)n2)cc1,1,CHEMBL1085781
CHEMBL4172510,O=C(Nc1ccncc1Br)OCCCCCNCc1ccccc1,1,CHEMBL4172510
CHEMBL191729,COc1cc2cc(C3=CC[N+](C)(Cc4ccccc4)CC3)sc2cc1OC,1,CHEMBL191729
CHEMBL3233022,COc1ccc(C(C#N)N2CCN(C)CC2)cc1OC,1,CHEMBL3233022
CHEMBL1194868,CN1CCN(C(C#N)c2ccc3c(c2)OCO3)CC1,1,CHEMBL1194868
CHEMBL1190535,COc1cc(C(C#N)N2CCN(C)CC2)cc(OC)c1OC,1,CHEMBL1190535
CHEMBL3425889,C[n+]1c(/C=C/c2ccccc2)ccc2ccccc21,1,CHEMBL3425889
CHEMBL1242180,CN(C)c1ccc(/C=C/c2ccc3ccccc3[n+]2C)cc1,0,CHEMBL1242180
CHEMBL4061433,CCN(CC)c1ccc(/C=C/c2ccc3ccccc3[n+]2C)c(O)c1,1,CHEMBL4061433
CHEMBL4099308,CN1CCN(c2cc(/C=C/c3ccc(N(C)C)cc3)[n+](C)c3ccccc23)CC1,1,CHEMBL4099308
CHEMBL4064920,CN(C)c1ccc(/C=C/c2cc(N3CCOCC3)c3ccccc3[n+]2C)cc1,1,CHEMBL4064920
CHEMBL4072484,CCN(CC)c1ccc(/C=C/c2cc(N3CCN(CCO)CC3)c3ccccc3[n+]2C)c(OC)c1,1,CHEMBL4072484
CHEMBL4065374,COc1cc(/C=C/c2cc(N3CCN(CCO)CC3)c3ccccc3[n+]2C)cc(OC)c1O,1,CHEMBL4065374
CHEMBL3425908,CCn1c2ccccc2c2cc(/C=C/c3ccc4ccccc4n3)ccc21,1,CHEMBL3425908
CHEMBL4071149,CCOC(=O)CC[C@H](NC(=O)OCc1ccccc1)C(=O)OCC,1,CHEMBL4071149
CHEMBL340866,O=C1/C(=C/c2ccc[nH]2)CN(Cc2ccccc2)C/C1=C\c1ccc[nH]1,1,CHEMBL340866
CHEMBL4174269,COc1cc2c(cc1OC)C(=O)C(CC1CCN(Cc3cc(N)c4ccccc4n3)CC1)C2,0,CHEMBL4174269
CHEMBL535,CCN(CC)CCNC(=O)c1c(C)[nH]c(/C=C2\C(=O)Nc3ccc(F)cc32)c1C,1,CHEMBL535
CHEMBL1325943,Cc1ccc(C(=O)Nc2cc3ccccc3oc2=O)cc1,1,CHEMBL1325943
CHEMBL1801816,COc1ccc(C(=O)N2c3ccccc3Sc3ccc(Cl)cc32)cc1,1,CHEMBL1801816
CHEMBL3786544,CCCN1Cc2cc(O)ccc2N(C)C1c1ccccc1,1,CHEMBL3786544
CHEMBL3819220,COc1ccc2c(c1)C(=O)/C(=C/C1CCN(Cc3ccccc3)CC1)C2,0,CHEMBL3819220
CHEMBL3818084,COc1ccc2c(c1)C/C(=C\C1CCN(Cc3ccccc3)CC1)C2=O,0,CHEMBL3818084
CHEMBL3819531,COc1cccc(CN2CCC(/C=C3\Cc4cc(OC)ccc4C3=O)CC2)c1,0,CHEMBL3819531
CHEMBL3819574,COc1cccc(CN2CCC(/C=C3\Cc4cccc(OC)c4C3=O)CC2)c1,1,CHEMBL3819574
CHEMBL3764211,Cc1cc(=O)oc2cc(CNCCC3CCN(Cc4ccccc4)CC3)ccc12,0,CHEMBL3764211
CHEMBL3902616,COc1cccc([N+]2=Cc3c(cccc3OC)CC2)c1,1,CHEMBL3902616
CHEMBL143812,CCC1=CC2Cc3nc4cc(Cl)ccc4c(N)c3C(C1)C2,0,CHEMBL143812
CHEMBL3914364,COc1cccc2c1C=[N+](c1ccc(Cl)cc1)CC2,0,CHEMBL3914364
CHEMBL3897347,COc1cccc2c1C=[N+](c1cccc(I)c1)CC2,1,CHEMBL3897347
CHEMBL3943261,COc1cccc2c1C=[N+](c1cccc(C(F)(F)F)c1)CC2,1,CHEMBL3943261
CHEMBL3892569,COc1cccc2c1C=[N+](c1ccccc1C#N)CC2,1,CHEMBL3892569
CHEMBL4779440,Brc1ccc([N+]2=Cc3ccccc3CC2)cc1,1,CHEMBL4779440
CHEMBL4786386,O=C(CN1CCN(C(=O)c2cccc(Cl)c2)CC1)N1CCN(CCCc2c[nH]c3ccccc23)CC1,1,CHEMBL4786386
CHEMBL4786060,O=C(CN1CCN(C(=O)c2ccc(F)cc2)CC1)N1CCN(CCCc2c[nH]c3ccc(F)cc23)CC1,1,CHEMBL4786060
CHEMBL4798858,O=C(CN1CCN(C(=O)c2cccc(F)c2)CC1)N1CCN(CCCc2c[nH]c3ccc(F)cc23)CC1,1,CHEMBL4798858
CHEMBL4856895,COc1ccc(CN2CCN(C(=O)/C=C/c3ccc(O)c(OC)c3)CC2)cc1,1,CHEMBL4856895
CHEMBL4788557,COc1cc(/C=C/C(=O)NCC(=O)Nc2ccccc2)ccc1O,1,CHEMBL4788557
CHEMBL4085450,O=C1C(=O)N(C(=O)c2ccccc2)c2ccc(CN3CCCCC3)cc21,0,CHEMBL4085450
CHEMBL4164347,COc1cc2c(cc1OC)C(=O)/C(=C/C1CCN(Cc3cc(Cl)c4ccccc4n3)CC1)C2,1,CHEMBL4164347
CHEMBL3263735,COc1ccc2[nH]cc(CCNC(=O)c3ccc(CN(C)Cc4ccccc4OC)cc3)c2c1,1,CHEMBL3263735
CHEMBL13206,CN(C)Cc1ccc(CSCCN/C=C(/NCCSCc2ccc(CN(C)C)o2)[N+](=O)[O-])o1,0,CHEMBL13206
CHEMBL362350,C=[N+]1N=C(CCC2CCN(Cc3ccccc3)CC2)c2ccccc21,0,CHEMBL362350
CHEMBL186090,COc1cc2c(cc1OC)SC(C(=O)CC1C=CC[N+](C)(Cc3ccccc3)CC1)C2,0,CHEMBL186090
CHEMBL186042,COc1cc2c(cc1OC)SC(C(=O)CCc1cc[n+](Cc3ccccc3)cc1)C2,0,CHEMBL186042
CHEMBL3577505,CCN(CCCOc1ccc(-c2cc(=O)c3c(OC)c(OC)c(OC)cc3o2)cc1)Cc1ccccc1OC,0,CHEMBL3577505
CHEMBL3577508,COc1cc2oc(-c3ccc(OCCCCN(C)Cc4ccccc4)cc3)cc(=O)c2c(OC)c1OC,0,CHEMBL3577508
CHEMBL3577522,CCN(CCCCOc1ccc(-c2cc(=O)c3c(O)c(OC)c(OC)cc3o2)cc1)Cc1ccccc1OC,0,CHEMBL3577522
CHEMBL3621333,CC[N+]1(Cc2ccccc2[N+](=O)[O-])CCCCCn2c(C)cc(=O)n(c2=O)CCCCC[N+](CC)(Cc2ccccc2[N+](=O)[O-])Cc2ccc(cc2)C1,0,CHEMBL3621333
CHEMBL1085939,CNC(=O)Oc1cccc(CN(C)CCCCCCCOc2ccc3c(c2)OC/C(=C/c2cc(O)c(O)c(O)c2)C3=O)c1,0,CHEMBL1085939
CHEMBL4589980,O=C(CCCCCCNc1c2c(nc3cccc(Cl)c13)CCCC2)NCCc1c[nH]c2ccccc12,0,CHEMBL4589980
CHEMBL4449083,N[C@H](Cc1c[nH]c2ccccc12)C(=O)NCCCCCCNc1c2c(nc3cc(Cl)ccc13)CCCC2,0,CHEMBL4449083
CHEMBL4456435,N[C@@H](Cc1c[nH]c2ccccc12)C(=O)NCCCCCCCCNc1c2c(nc3ccccc13)CCCC2,0,CHEMBL4456435
CHEMBL3323059,O=c1c2cc(OCCCN3CCCCC3)ccc2nc2n1CCCC2,0,CHEMBL3323059
CHEMBL2332976,O=C1/C(=C/c2cccc([N+](=O)[O-])c2)CN(C(=O)C[C@H]2C[C@H]3CCCN3[C@]23C(=O)Nc2ccccc23)C/C1=C\c1cccc([N+](=O)[O-])c1,1,CHEMBL2332976
CHEMBL990,CN(Cc1ccc(C(C)(C)C)cc1)Cc1cccc2ccccc12,1,CHEMBL990
CHEMBL3338991,CN(C)CCCOc1ccc(C(=O)/C=C/c2ccccc2)cc1,1,CHEMBL3338991
CHEMBL3115021,COc1cc2[se]n(-c3ccc(CN4CCCCC4)cc3)c(=O)c2cc1OC,1,CHEMBL3115021
CHEMBL3115042,C=CC(=O)N1C/C(=C\c2ccccc2Cl)C(=O)[C@@]2(C1)[C@H](c1ccccc1Cl)CN(C)[C@]21C(=O)Nc2ccccc21,1,CHEMBL3115042
CHEMBL3115041,C=CC(=O)N1C/C(=C\c2ccccc2OC)C(=O)[C@@]2(C1)[C@H](c1ccccc1OC)CN(C)[C@]21C(=O)Nc2ccccc21,1,CHEMBL3115041
CHEMBL1917826,COc1ccc2nc3c(c(N4CCCCCN(c5c6c(nc7ccc(OC)cc57)CCCC6)CCCCC4)c2c1)CCCC3,1,CHEMBL1917826
CHEMBL1086358,C/C(=N\O)c1ccc(Cl)c(NC(=O)c2c(-c3ccccc3Cl)noc2C)c1,1,CHEMBL1086358
CHEMBL131827,CNC(=O)Oc1cccc(CN(C)CCCOc2ccc3c(=O)c4cccnc4oc3c2)c1,0,CHEMBL131827
CHEMBL73800,c1ccc2c(NCCCCCCNc3c4c(nc5ccccc35)CCCC4)c3c(nc2c1)CCCC3,0,CHEMBL73800
CHEMBL75274,c1ccc2c(NCCCCCCCCNc3c4c(nc5ccccc35)CCCC4)c3c(nc2c1)CCCC3,0,CHEMBL75274
CHEMBL2181435,COc1cc2c(cc1OC)C(c1ccccc1)N(CCCc1ccnc(/C=N/O)c1O)CC2,1,CHEMBL2181435
CHEMBL3582212,N#Cc1cc2c(cn1)[nH]c1ncc(-c3ccc(CN4CCC5(CC4)COC5)cc3)cc12,1,CHEMBL3582212
CHEMBL3582226,c1cc(-c2cnc3[nH]c4cnc(-c5cnoc5)cc4c3c2)ccc1CN1CCCCC1,0,CHEMBL3582226
CHEMBL4474399,Cc1ccc2oc(-c3ccc(OCCCCCCN4CCCCC4)cc3)cc(=O)c2c1,0,CHEMBL4474399
CHEMBL4458217,CCOc1ccc(Cc2nc3cc(C(=O)N(CC)CC)ccc3n2CCNc2c3c(nc4ccccc24)CCCC3)cc1,0,CHEMBL4458217
CHEMBL4522757,O=C(/C=C/c1ccc(OCc2ccccc2)cc1)NCCNc1c2c(nc3ccccc13)CCCC2,0,CHEMBL4522757
CHEMBL4068888,CCN(CC)Cc1ccc(NC(=O)c2ccccc2)c(C(=O)C(=O)N(CC)CC)c1,0,CHEMBL4068888
CHEMBL4075624,CN1c2ccccc2C(n2cnc([N+](=O)[O-])n2)c2ccccc21,1,CHEMBL4075624
CHEMBL4167973,Cc1cc(=O)oc2cc(OCCSC(=S)N3CCN(C(C)C)CC3)ccc12,1,CHEMBL4167973
CHEMBL4175175,Cc1cc(=O)oc2cc(OCCSC(=S)N3CCCCC3)ccc12,0,CHEMBL4175175
CHEMBL4169394,Cc1cc(=O)oc2cc(OCCSC(=S)N(C)C)ccc12,1,CHEMBL4169394
CHEMBL2206900,Nc1c2c(nc3c1C(c1ccc(Cl)c(Cl)c1)c1ccc4ccccc4c1O3)CCCC2,1,CHEMBL2206900
CHEMBL1834063,c1ccc2c(CNc3ccnc(N4CCN(C5CCCCC5)CC4)n3)cccc2c1,1,CHEMBL1834063
CHEMBL1834074,c1ccc(C(Nc2ccnc(N3CCN(C4CCCCC4)CC3)n2)c2ccccc2)cc1,1,CHEMBL1834074
CHEMBL1834079,COCCN1CCN(c2nccc(NC(c3ccccc3)c3ccccc3)n2)CC1,1,CHEMBL1834079
CHEMBL436367,Nc1c2c(nc3c1CCCO3)CCCC2,0,CHEMBL436367
CHEMBL1783535,CC(C)C1=N[C@H]2CC[C@]34C[C@]35C(=O)C[C@]3(C)[C@@H]([C@H](C)N(C)C)[C@H](O)C[C@@]3(C)[C@@H]5CC[C@H]4[C@]2(C)CC1,0,CHEMBL1783535
CHEMBL1783522,CC(=O)N(C)[C@@H](C)[C@H]1[C@H](O)C[C@@]2(C)[C@@H]3CC[C@H]4[C@]5(C)CSC(C(C)C)=N[C@H]5CC[C@@]45C[C@@]35C(=O)C[C@]12C,0,CHEMBL1783522
CHEMBL1783524,CC(C)C1=N[C@H]2CC[C@]34C[C@]35C(=O)C[C@]3(C)[C@@H]([C@H](C)N(C)C(=O)OC(C)(C)C)[C@H](O)C[C@@]3(C)[C@@H]5CC[C@H]4[C@]2(C)CS1,0,CHEMBL1783524
CHEMBL1784957,C[C@@H](Cc1ccccc1)NC(=O)Oc1cccc([C@H](C)N(C)C)c1,0,CHEMBL1784957
CHEMBL3115024,COc1cc2[se]n(-c3ccc(CCN4CCCCC4)cc3)c(=O)c2cc1OC,1,CHEMBL3115024
CHEMBL3338993,CN(C)CCCCCOc1ccc(C(=O)/C=C/c2ccccc2)cc1,1,CHEMBL3338993
CHEMBL3338996,CCN(CC)CCCCOc1ccc(C(=O)/C=C/c2ccccc2)cc1,1,CHEMBL3338996
CHEMBL5219352,CCOC(=O)c1cc2c(OC(=O)N(C)C)cccc2[n+](C)c1,0,CHEMBL5219352
CHEMBL5218632,CNC(=O)Oc1cccc(CN(C)CCCCCCCOc2ccc(-c3cc(=O)c4ccccc4o3)cc2)c1,0,CHEMBL5218632
CHEMBL87823,COc1ccc2cc(C(=O)CCC3CC[N+](C)(Cc4ccccc4)CC3)ccc2c1,0,CHEMBL87823
CHEMBL5176633,C=C1c2[nH]c3ccc(OC)cc3c2C2[C@@H](CC)C1CCN2C,1,CHEMBL5176633
CHEMBL3220808,C[C@H]1C[C@@]23CC[C@H]4[C@@](C)(CCC[C@@]4(C)C(=O)OCC[N+](C)(C)Cc4ccccc4)[C@@H]2CC[C@]1(Cl)C3,1,CHEMBL3220808
CHEMBL3335054,O=c1oc2cc(OCCCCN3CCN(Cc4ccccc4)CC3)ccc2c2c1CCCC2,1,CHEMBL3335054
CHEMBL3290194,O=C1/C(=C/c2ccc(N3CCCC3)cc2)Cc2ccccc21,1,CHEMBL3290194
CHEMBL3290196,O=C(/C=C/c1ccc(N2CCCC2)cc1)C1CCc2ccccc2C1=O,1,CHEMBL3290196
CHEMBL4466944,COc1cc(NCc2ccc(Oc3c(N)cccc3Cl)cc2)cc(OC)c1,1,CHEMBL4466944
CHEMBL4515376,Nc1cccc(Cl)c1Oc1ccc(CNc2ccc(O)cc2)cc1,1,CHEMBL4515376
CHEMBL4518298,Nc1cccc(Cl)c1Oc1ccc(CNc2ccc(Br)cc2)cc1,1,CHEMBL4518298
CHEMBL99284,CN1CC[C@]2(C)c3cc(OC(=O)Nc4ccccc4)ccc3NC12,1,CHEMBL99284
CHEMBL4467520,Cc1ccc2[nH]c3c(c2c1)CN(CCCCCN1CCc2[nH]c4ccc(C)cc4c2C1)CC3,0,CHEMBL4467520
CHEMBL3403878,COc1cc2oc(-c3cccc(OCC(=O)NCCCCCCNc4c5c(nc6cc(Cl)ccc46)CCCC5)c3)cc(=O)c2c(OC)c1OC,0,CHEMBL3403878
CHEMBL4633343,COc1c2c(cc3c1OCO3)[C@]13C=C[C@H](OC)C[C@@H]1[N@](C2)C[C@H]3OC(=O)c1ccccc1,1,CHEMBL4633343
CHEMBL1080813,CCCCCCOC(=O)[C@H](CCC(=O)NCCC1CCN(Cc2ccccc2)CC1)NC(=O)c1cccs1,0,CHEMBL1080813
CHEMBL3263726,COc1ccc2[nH]cc(CCNC(=O)c3ccc(CN(C)Cc4ccccc4)cc3)c2c1,1,CHEMBL3263726
CHEMBL1834809,CCCCCCCC/C=C\CCCCCCCC(=O)OCCCc1ccc2oc(-c3ccc4c(c3)OCO4)cc2c1,1,CHEMBL1834809
CHEMBL4444516,O=C1CSC(c2ccc(F)cc2)N1c1ccc2oc(=O)ccc2c1,0,CHEMBL4444516
CHEMBL2160213,CN(CCCCCOc1ccc(-c2cc3ccccc3o2)cc1)Cc1ccccc1,1,CHEMBL2160213
CHEMBL1084519,CCOC(=O)c1cc2c(N)c3c(nc2nc1C)CCCCCC3,1,CHEMBL1084519
CHEMBL1086184,COC(=O)c1cc2c(N)c3c(nc2nc1C)CCCC3,1,CHEMBL1086184
CHEMBL136251,C/C=C(\C)C(=O)N[C@@H]1C=C2CC[C@H]3C4=CC[C@H]([C@H](C)N(C)C)[C@@]4(C)CC[C@@H]3[C@@]2(C)CC1,1,CHEMBL136251
CHEMBL542265,CCCN(C)C(=O)Oc1ccc2c(c1)C(N)CC2,1,CHEMBL542265
CHEMBL74809,O=C(CCC1CCN(Cc2cccc(Cl)c2)CC1)c1ccc2c(c1)CCN2,0,CHEMBL74809
CHEMBL1086246,CNC(=O)Oc1cccc(CN(C)CCCOc2ccc(Cc3ccccc3)cc2)c1,0,CHEMBL1086246
CHEMBL224158,O=C(CCc1c[nH]c2ccccc12)NCCCCCNc1c2c(nc3ccccc13)CCCC2,0,CHEMBL224158
CHEMBL223170,N#Cc1ccc2[nH]cc(CCC(=O)NCCCCCCNc3c4c(nc5cc(Cl)ccc35)CCCC4)c2c1,0,CHEMBL223170
CHEMBL286690,CCN1CC[C@@]2(C)c3cc(OC(=O)NCc4ccccc4)ccc3CC12,0,CHEMBL286690
CHEMBL1834061,CC(C)C1CCN(c2nccc(NCc3cccc4ccccc34)n2)CC1,1,CHEMBL1834061
CHEMBL1783533,CC(C)C1=N[C@H]2CC[C@]34C[C@]35C(=O)C[C@]3(C)[C@@H]([C@H](C)N(C)C)[C@H](O)C[C@@]3(C)[C@@H]5CC[C@H]4[C@]2(C)N1,1,CHEMBL1783533
CHEMBL1783520,CC(C)C1=N[C@H]2CC[C@]34C[C@]35C(=O)C[C@]3(C)[C@@H]([C@H](C)N(C)C)[C@H](O)C[C@@]3(C)[C@@H]5CC[C@H]4[C@]2(C)CS1,0,CHEMBL1783520
CHEMBL1773482,CCN(CC)CCCOc1ccc(C(=O)c2ccc(CN(C)Cc3ccccc3)cc2)cc1,0,CHEMBL1773482
CHEMBL1773486,CCN(CC)CCCCCOc1ccc(C(=O)c2ccc(CN(C)Cc3ccccc3)cc2)cc1,0,CHEMBL1773486
CHEMBL1773487,CN(Cc1ccccc1)Cc1ccc(C(=O)c2ccc(OCCCCCN3CCCCC3)cc2)cc1,0,CHEMBL1773487
CHEMBL1773492,CCN(CC)CCc1ccc(Oc2ccc(C(=O)c3ccc(CN(C)Cc4ccccc4)cc3)cc2)cc1,0,CHEMBL1773492
CHEMBL1784955,C[C@@H](c1cccc(OC(=O)N(C)[C@@H](C)Cc2ccccc2)c1)N(C)C,0,CHEMBL1784955
CHEMBL4093532,CC(C)c1ccc(N2C(=O)C3CN(C)C4(C(=O)c5ccccc5C4=O)C3C2=O)cc1,1,CHEMBL4093532
CHEMBL4072825,COc1ccc(N2C(=O)C3CN(C)C4(C(=O)c5ccccc5C4=O)C3C2=O)cc1,0,CHEMBL4072825
CHEMBL1773485,CN(Cc1ccccc1)Cc1ccc(C(=O)c2ccc(OCCCN3CCC(n4c(=O)[nH]c5ccccc54)CC3)cc2)cc1,0,CHEMBL1773485
CHEMBL4160394,CO[C@@H]1O[C@](C)(c2nccc3cc4c(cc23)OCO4)c2ccc3c(c21)OCO3,1,CHEMBL4160394
CHEMBL3581580,C/C(=C\C[C@]12C[C@H]3C[C@@H]4C(C)(C)CC[C@@]4(C1=O)C(=O)[C@](C(=O)c1ccccc1)(C2=O)C3(C)C)CC/C=C/C(C)C,1,CHEMBL3581580
CHEMBL3582208,N#Cc1cc2c(cn1)[nH]c1ncc(-c3ccc(CN4CCC[C@@H](O)C4)cc3)cc12,0,CHEMBL3582208
CHEMBL3582231,c1cc(-c2cc3c(cn2)[nH]c2ncc(-c4ccc(CN5CCCCC5)cc4)cc23)cnn1,1,CHEMBL3582231
CHEMBL2088782,N#Cc1c(N)nc(NCCCCC2CCN(Cc3ccccc3)CC2)c(C#N)c1-c1ccccc1,0,CHEMBL2088782
CHEMBL5189830,CN(C)C1CCC(CCN(CCCc2c[nH]c3ccccc23)CCC2CCCCCC2)CC1,1,CHEMBL5189830
CHEMBL5189102,CCCCN(CCc1c[nH]c2cc(O)ccc12)CCC1CCCCCC1,1,CHEMBL5189102
CHEMBL5267817,CN1c2ccc(OC(=O)Nc3ccncc3)cc2[C@]2(C)CCO[C@H]12,1,CHEMBL5267817
CHEMBL4598256,Cc1c(C)c2ccc(OCC3CCN(Cc4ccccc4)CC3)cc2oc1=O,0,CHEMBL4598256
CHEMBL1766145,FC(F)(F)c1ccc(CN2CCN(c3nccc(NCc4ccccc4)n3)CC2)cc1,1,CHEMBL1766145
CHEMBL1766143,Brc1ccc(CN2CCN(c3nccc(NCc4ccccc4)n3)CC2)cc1,1,CHEMBL1766143
CHEMBL1766019,CC(C)N1CCN(c2nccc(NCc3ccccc3)n2)CC1,1,CHEMBL1766019
CHEMBL5419364,COc1ccc2sc3c(C)ccc(NCC[C@@H]4CCCN5CCCC[C@H]45)c3c(=O)c2c1,1,CHEMBL5419364
CHEMBL3233994,COc1cc(C(C#N)N2CCCCC2)cc(OC)c1OC,1,CHEMBL3233994
CHEMBL3234000,COc1cc(C(C#N)N2CCCC2)ccc1O,1,CHEMBL3234000
CHEMBL1611608,COc1cc(C(C#N)N2CCOCC2)ccc1O,1,CHEMBL1611608
CHEMBL3632851,COc1ccc2nc3c(c(NCCCCCCCCNC(=O)C4(C)CCc5c(C)c(O)c(C)c(C)c5O4)c2c1)CCCC3,1,CHEMBL3632851
CHEMBL3971112,O=C1NCCCc2c1c1ccccc1n2CCc1ccccc1,1,CHEMBL3971112
CHEMBL4173815,COc1cc2c(cc1OC)[C@@H]1[C@H](O)[C@@H](OC)C=C3CC[N@+]([O-])(C2)[C@H]31,1,CHEMBL4173815
CHEMBL469638,COc1ccc2c3c1O[C@H]1C[C@@H](O)CC[C@@]31CCN(C)C2,1,CHEMBL469638
CHEMBL5406473,O/N=C/c1cc(Cl)cc(CN2CCN(c3ccccn3)CC2)c1O,1,CHEMBL5406473
CHEMBL5429752,Cc1cc(/C=N/O)c(O)c(CN2CCC(c3ccncc3)CC2)c1,1,CHEMBL5429752
CHEMBL5429288,O=[N+]([O-])c1ccc(N2CCN(Cc3cc(Cl)cc(/C=N/O)c3O)CC2)cc1,1,CHEMBL5429288
CHEMBL5427748,O=[N+]([O-])c1ccc(N2CCN(Cc3cc(Br)cc(/C=N/O)c3O)CC2)cc1,1,CHEMBL5427748
CHEMBL5423171,Cc1cc(/C=N/O)c(O)c(CN2CCN(c3ccc(O)cc3)CC2)c1,1,CHEMBL5423171
CHEMBL5412906,Cc1ccc(N2CCN(Cc3cc(Cl)cc(/C=N/O)c3O)CC2)cc1,1,CHEMBL5412906
CHEMBL5405601,O/N=C/c1cc(Cl)cc(CN2CCN(c3ccccc3F)CC2)c1O,1,CHEMBL5405601
CHEMBL5557329,COc1cc2ncnc(N3CCN(c4ccccc4)CC3)c2cc1OC,1,CHEMBL5557329
CHEMBL468000,CC1(C)CC(=O)C2=C(C1)Nc1nc3c(c(N)c1C2c1ccc(F)cc1)CCCC3,1,CHEMBL468000
CHEMBL4786658,COc1cc2c(cc1OC)C(=O)/C(=C/c1ccc(N3CCN(C)CC3)cc1)C2,0,CHEMBL4786658
CHEMBL5083432,COc1c(-c2ccc(O)cc2)cc2oc3cc(O)c(O)cc3c2c1O,1,CHEMBL5083432
CHEMBL3335025,CN(CCOc1ccc2c3c(c(=O)oc2c1)CCCC3)Cc1ccccc1,1,CHEMBL3335025
CHEMBL4450045,Cc1c(C)c2ccc(OCC3CCN(Cc4cccc(CO)c4)CC3)cc2oc1=O,1,CHEMBL4450045
CHEMBL4578377,Cc1c(C)c2ccc(OCC3CCN(Cc4cccc(OCCCO[N+](=O)[O-])c4)CC3)cc2oc1=O,0,CHEMBL4578377
CHEMBL3403877,COc1cc2oc(-c3cccc(OCC(=O)NCCCCCNc4c5c(nc6cc(Cl)ccc46)CCCC5)c3)cc(=O)c2c(OC)c1OC,0,CHEMBL3403877
CHEMBL526476,Oc1cccc(C2=Nc3ccccc3SC(c3ccccc3F)C2)c1,1,CHEMBL526476
CHEMBL176773,COc1cccc(CN(C)CCCCCC(=O)N(C)CCCCCCCCN(C)C(=O)CCCCCN(C)Cc2cccc(OC)c2)c1,0,CHEMBL176773
CHEMBL424,O=C(O)c1ccccc1O,1,CHEMBL424
CHEMBL481657,CC1(C)Oc2cc3oc(=O)ccc3cc2C[C@@H]1O,1,CHEMBL481657
CHEMBL4218191,Cc1cccc(C(=O)N2Cc3cc(NC(=O)c4ccccc4)ccc3CC2=O)c1,0,CHEMBL4218191
CHEMBL3262661,COc1cc2c(cc1OC)C(Cc1ccc(OCCCCCCN(C)C)cc1)NCC2,1,CHEMBL3262661
CHEMBL3262665,COc1cc2c(cc1OC)C(Cc1ccc(OCCCCCCN3CCCCC3C)cc1)NCC2,1,CHEMBL3262665
CHEMBL3262671,COc1cc2c(cc1OC)C(Cc1ccc(OCCCCCCN3CCN(c4ccccc4)CC3)cc1)NCC2,1,CHEMBL3262671
CHEMBL1819178,Clc1ccc2c(NCCCCCCCOc3ccc(-c4cc5ccccc5o4)cc3)c3c(nc2c1)CCCC3,0,CHEMBL1819178
CHEMBL5187881,COc1cc2c(cc1OC)C(=O)/C(=C/c1cc[n+](Cc3ccc(F)cc3)cc1)OC2,0,CHEMBL5187881
CHEMBL4469343,FC12CC3CC(NCCCCNc4c5c(nc6cc(Cl)ccc46)CCCC5)(CC(C1)c1ccccc13)C2,0,CHEMBL4469343
CHEMBL5176580,CC(=O)c1ccc(N2CCN(CCC(=O)Nc3nc4c(C)cccc4s3)CC2)cc1,1,CHEMBL5176580
CHEMBL5206534,Cc1cccc2sc(NC(=O)CCN3CCN(c4ccncc4)CC3)nc12,1,CHEMBL5206534
CHEMBL12131,Cc1cc(C(C#N)c2ccc(Cl)cc2)c(Cl)cc1NC(=O)c1cc(I)cc(I)c1O,1,CHEMBL12131
CHEMBL3822890,Cc1ccccc1CN1CCC(C(=O)NCCc2c[nH]c3ccccc23)CC1,1,CHEMBL3822890
CHEMBL3828293,CN(CCCCCOc1ccc2ccc(=O)oc2c1)Cc1cccc(OC(=O)NCCCCCc2ccccc2)c1,0,CHEMBL3828293
CHEMBL5201804,CCCCCCCNC(=O)Oc1ccc(Cc2nc3cc(C(=O)N(CC)CC)ccc3n2CCN2CCCCC2)cc1,1,CHEMBL5201804
CHEMBL3323043,CCN(CC)CCCOc1ccc2nc3n(c(=O)c2c1)CCc1ccccc1-3,0,CHEMBL3323043
CHEMBL3289932,CCOC(OCC)c1ccc(/C=C2\CCc3ccccc3C2=O)cc1,1,CHEMBL3289932
CHEMBL3289933,CCOC(OCC)c1ccc(/C=C/C(=O)C2CCc3ccccc3C2=O)cc1,1,CHEMBL3289933
CHEMBL3289930,CCOC(OCC)c1ccc(/C=C2\CC/C(=C\c3ccc(C(OCC)OCC)cc3)C2=O)cc1,1,CHEMBL3289930
CHEMBL3289936,CN(C)c1ccc(/C=C2/CNC/C(=C\c3ccc(N(C)C)cc3[N+](=O)[O-])C2=O)c([N+](=O)[O-])c1,0,CHEMBL3289936
CHEMBL3338995,CCN(CC)CCCOc1ccc(C(=O)/C=C/c2ccccc2)cc1,1,CHEMBL3338995
CHEMBL3339008,CCCCN(CCCC)CCCCCCOc1ccc(C(=O)/C=C/c2ccccc2)cc1,1,CHEMBL3339008
CHEMBL113,Cn1c(=O)c2c(ncn2C)n(C)c1=O,1,CHEMBL113
CHEMBL3310704,COC(=O)C(CC1=C(c2ccc(OC)cc2)CC(C)(C)ON1C(C)=O)C(=O)OC,1,CHEMBL3310704
CHEMBL4515603,Nc1cccc(Cl)c1Oc1ccc(CNc2cc(Cl)cc(Cl)c2)cc1,1,CHEMBL4515603
CHEMBL3605314,CN(C)CCC[C@@]1(c2ccc(F)cc2)OCc2cc(-c3nnc(-c4ccc(O)cc4)[nH]3)ccc21,1,CHEMBL3605314
CHEMBL4527729,COc1cc(CN2CCC(CCC(=O)c3cc(Cl)c(N)cc3OC)CC2)ccc1O,0,CHEMBL4527729
CHEMBL5646469,COc1ccc2c3c1O[C@H]1C[C@@H](O)C=C[C@@]31CCN(C/C=C/CNC13CC4CC(C)(CC(C)(C4)C1)C3)C2,0,CHEMBL5646469
CHEMBL576005,C[C@@H]1CCC[C@H](C)N1S(C)(=O)=O,0,CHEMBL576005
CHEMBL575620,Cc1ccc(S(=O)(=O)N2[C@H](C)CCC[C@@H]2C)cc1,0,CHEMBL575620
CHEMBL1770548,COc1cc(CNCCCNC2=CC(=O)C(NCCCNCc3ccc(O)c(OC)c3)=CC2=O)ccc1O,0,CHEMBL1770548
CHEMBL1770554,O=C1C=C(NCCCNCc2ccc(-c3nc4ccccc4s3)cc2)C(=O)C=C1NCCCNCc1ccc(-c2nc3ccccc3s2)cc1,1,CHEMBL1770554
CHEMBL4585711,COc1cc2c(cc1Oc1c3c(cc(OC)c1OC)CCN(C)C3)C(Cc1ccc(O)cc1)N(C)CC2,1,CHEMBL4585711
CHEMBL4592037,Cc1ccc(-n2cc(COc3ccc(/C=N/Nc4c5c(nc6ccccc46)CCCC5)cc3)nn2)cc1,1,CHEMBL4592037
CHEMBL4438286,CC1C[C@H]2[C@H](O)[C@@H]3O[C@]4(C1)OC1CCN5CCCC24[C@]13C5,1,CHEMBL4438286
CHEMBL4466829,C(=N\Nc1c2c(nc3ccccc13)CCCC2)/c1ccc(OCc2cn(Cc3ccccc3)nn2)cc1,1,CHEMBL4466829
CHEMBL4444030,NS(=O)(=O)c1ccc(-n2cc(COc3ccc(/C=N/Nc4c5c(nc6ccccc46)CCCC5)cc3)nn2)cc1,1,CHEMBL4444030
CHEMBL2047531,CN(CCCOc1ccc2c(=O)c3cccnc3oc2c1)Cc1cccc(OC(=O)NCCCCCCCN2CCOCC2)c1,0,CHEMBL2047531
CHEMBL3752969,COc1cccc2cc(CNCCCCCCNc3c4c(nc5ccccc35)CCCC4)oc12,0,CHEMBL3752969
CHEMBL3752543,c1ccc2oc(CNCCCCCCCNc3c4c(nc5ccccc35)CCC4)cc2c1,0,CHEMBL3752543
CHEMBL1766018,c1ccc(CNc2ccnc(N3CCN(C4CCCCC4)CC3)n2)cc1,1,CHEMBL1766018
CHEMBL1766016,CC(=O)N1CCN(c2nccc(NCc3ccccc3)n2)CC1,1,CHEMBL1766016
CHEMBL1084808,CN1CCN(c2nccc(NCc3ccccc3)n2)CC1,1,CHEMBL1084808
CHEMBL139684,C[N+](C)(C)CCCBr,1,CHEMBL139684
CHEMBL3632847,COc1ccc2nc3c(c(NCCCNC(=O)C4(C)CCc5c(C)c(O)c(C)c(C)c5O4)c2c1)CCCC3,1,CHEMBL3632847
CHEMBL426441,CN1C(=O)Cc2cc3onc(CCC4CCN(Cc5ccccc5)CC4)c3cc21,0,CHEMBL426441
CHEMBL185799,COc1cc2c(cc1OC)C(=O)C(C1CC[N+](C)(Cc3ccccc3)CC1)=C2,0,CHEMBL185799
CHEMBL5428301,O=[N+]([O-])c1ccc(N2CCN(Cc3cc(Cl)cc(/C=N/O)c3O)CC2)c(Cl)c1,1,CHEMBL5428301
CHEMBL469423,COc1c(O)cc2c3c1-c1ccccc1C[C@H]3NCC2,1,CHEMBL469423
CHEMBL4792248,CC1c2ccccc2CCN1CCCCOc1ccc(-c2coc3cc(OCCCCN4CCc5ccccc5C4C)cc(O)c3c2=O)cc1,1,CHEMBL4792248
CHEMBL3751866,O=C(NCCCCCCCNc1c2c(nc3ccccc13)CCCC2)c1cc2ccccc2o1,0,CHEMBL3751866
CHEMBL3632848,COc1ccc2nc3c(c(NCCCCCNC(=O)C4(C)CCc5c(C)c(O)c(C)c(C)c5O4)c2c1)CCCC3,1,CHEMBL3632848
CHEMBL5290940,Cc1ccc(-c2noc(-c3cccc(OCC4CCN(Cc5ccccc5Cl)CC4)c3)n2)cn1,0,CHEMBL5290940
CHEMBL3262673,COc1cc2c(cc1OC)C(Cc1ccc(OCCCCCCN3CCC(c4ccccc4)CC3)cc1)NCC2,1,CHEMBL3262673
CHEMBL4749346,COc1ccc2cc3[n+](cc2c1OCc1ccc(Cl)cc1)CCc1cc2c(cc1-3)OCO2,1,CHEMBL4749346
CHEMBL4753478,NC(=O)c1sc(-c2ccnc(NC(=O)C3CC3)c2)nc1OCC1CCN(Cc2ccccc2)CC1,1,CHEMBL4753478
CHEMBL164660,O=c1ccc2cc3ccoc3cc2o1,1,CHEMBL164660
CHEMBL3753957,COc1cccc2cc(CN(CCCCCCNc3c4c(nc5ccccc35)CCCC4)Cc3cc4cccc(OC)c4o3)oc12,0,CHEMBL3753957
CHEMBL32749,COc1cc(/C=C/C(=O)O)ccc1O,1,CHEMBL32749
CHEMBL4800310,CCN(C)C(=O)Oc1ccc(/C=C/C(=O)N(CC)Cc2ccccc2)cc1OC,1,CHEMBL4800310
CHEMBL4762653,COc1cc(/C=C/C(=O)N2CCN(Cc3ccccc3)CC2)ccc1OC(=O)N(c1ccccc1)c1ccccc1,1,CHEMBL4762653
CHEMBL3752908,ICC1CN=C(Nc2ccccn2)S1,1,CHEMBL3752908
CHEMBL4447438,Nc1cccc(Cl)c1Oc1ccc(CNc2ccc(Cl)cc2)cc1,1,CHEMBL4447438
CHEMBL3642044,CC(=O)NCCc1c[nH]c2ccc(OC(=O)NCCNc3c4c(nc5cc(Cl)ccc35)CCCC4)cc12,0,CHEMBL3642044
CHEMBL3410954,Cc1c(C)c2c(c(C)c1O)CCC(C)(C(=O)NCCCCCCNc1c3c(nc4ccccc14)CCCC3)O2,0,CHEMBL3410954
CHEMBL3632992,Cc1c(C)c2c(c(C)c1O)CCC(C)(C(=O)NCCCCCCNc1c3c(nc4cc(Cl)ccc14)CCCC3)O2,0,CHEMBL3632992
CHEMBL3289928,CCOC(OCC)c1ccc(/C=C2\CN(Cc3ccccc3)C/C(=C\c3ccc(C(OCC)OCC)cc3)C2=O)cc1,1,CHEMBL3289928
CHEMBL5194197,Cc1cccc2sc(NC(=O)CCN3CCN(CCCN(C)C)CC3)nc12,0,CHEMBL5194197
CHEMBL5207817,Cc1cccc2sc(NC(=O)CCN3CCN(CC4CCCO4)CC3)nc12,1,CHEMBL5207817
CHEMBL5198839,Cc1cccc2sc(NC(=O)CCN3CCN(C4CCN(C)CC4)CC3)nc12,1,CHEMBL5198839
CHEMBL4208392,CN(Cc1ccccc1)Cc1ccc(NC(=O)Cc2ccc(O)cc2)cc1,1,CHEMBL4208392
CHEMBL4212229,CCN(Cc1ccccc1)Cc1ccc(NC(=O)Cc2ccc(O)c(O)c2)cc1,1,CHEMBL4212229
CHEMBL4217212,COc1ccc(CC(=O)Nc2ccc(CN(C)Cc3ccccc3)cc2)cc1O,1,CHEMBL4217212
CHEMBL4203653,CCN(Cc1ccccc1)Cc1ccc(NC(=O)Cc2ccc(OC)c(OC)c2)cc1,1,CHEMBL4203653
CHEMBL5202625,O=C1CC(O)C(O)c2c(O)cccc21,1,CHEMBL5202625
CHEMBL5205498,COc1ccc(/C=C2\CCc3cc([N+](=O)[O-])ccc3C2=O)c(Cl)c1OC,1,CHEMBL5205498
CHEMBL3753587,O=C1OCc2cc(-c3ccc(-c4ccc(CO)cc4)s3)ccc21,1,CHEMBL3753587
CHEMBL4060058,COc1cc2c(cc1OC)CN(Cc1cc(C)cc(/C=N/O)c1O)CC2,1,CHEMBL4060058
CHEMBL4089550,COc1cc2c(cc1OC)CN(CC1CCN(Cc3cc(C)cc(/C=N/O)c3O)CC1)CC2,1,CHEMBL4089550
CHEMBL2297277,CC(C)=CCC/C(C)=C/Cc1cc(-c2cc(=O)c3c(O)cc(O)cc3o2)c(O)cc1O,1,CHEMBL2297277
CHEMBL3338998,CCN(CC)CCCCCCOc1ccc(C(=O)/C=C/c2ccccc2)cc1,1,CHEMBL3338998
CHEMBL3338999,CCCN(CCC)CCOc1ccc(C(=O)/C=C/c2ccccc2)cc1,1,CHEMBL3338999
CHEMBL3339002,CCCN(CCC)CCCCCOc1ccc(C(=O)/C=C/c2ccccc2)cc1,1,CHEMBL3339002
CHEMBL3818167,COc1cccc2c1C(=O)/C(=C/C1CCN(Cc3ccccc3)CC1)C2,1,CHEMBL3818167
CHEMBL4781509,COc1cccc2cc[n+](-c3ccc(Cl)cc3)cc12,0,CHEMBL4781509
CHEMBL4776765,O=c1ccoc2ccc(OCCCCN3CCCCC3)cc12,1,CHEMBL4776765
CHEMBL3335061,COc1cccc(CN2CCN(CCOc3ccc4c(c3)oc(=O)c3ccccc34)CC2)c1,1,CHEMBL3335061
CHEMBL3335055,COc1cccc(CN2CCN(CCCCOc3ccc4c5c(c(=O)oc4c3)CCCC5)CC2)c1,1,CHEMBL3335055
CHEMBL3335050,CN(CCCCOc1ccc2c3c(c(=O)oc2c1)CCCC3)Cc1ccccc1,1,CHEMBL3335050
CHEMBL4855755,CCOC(=O)/C(=N\Nc1ccc(OC)cc1)C(=O)C(F)(F)F,1,CHEMBL4855755
CHEMBL4854298,CCOC(=O)/C(=N\Nc1ccccc1[N+](=O)[O-])C(=O)C(F)(F)F,0,CHEMBL4854298
CHEMBL4849436,COC(=O)/C(=N\Nc1ccccc1)C(=O)C(F)(F)F,1,CHEMBL4849436
CHEMBL4755736,Clc1ccccc1-c1nnc(Nc2ncccn2)o1,1,CHEMBL4755736
CHEMBL4777412,CCN(C)C(=O)Oc1ccc(/C=C/C(=O)N2CCc3ccccc3C2)cc1,1,CHEMBL4777412
CHEMBL4747710,CCN(C)C(=O)Oc1ccc(/C=C/C(=O)N2CCCCC2)cc1OC,1,CHEMBL4747710
CHEMBL4792013,COc1cc(/C=C/C(=O)N2CCC(Cc3ccccc3)CC2)ccc1OC(=O)N(C)C,1,CHEMBL4792013
CHEMBL4787165,CCN(C)C(=O)Oc1ccc(/C=C/C(=O)N2CCC(Cc3ccccc3)CC2)cc1OC,1,CHEMBL4787165
CHEMBL4761179,CCN(CC)C(=O)Oc1ccc(/C=C/C(=O)N2CCC(Cc3ccccc3)CC2)cc1OC,1,CHEMBL4761179
CHEMBL1940737,COc1cc2c(C)c(OC)c(=O)oc2cc1OCCCCOc1cc(O)cc(N(C)C)c1,0,CHEMBL1940737
CHEMBL3322234,O=C(NCCCCCNc1c2c(nc3cc(Cl)ccc13)CCCC2)c1ccc2nc(-c3ccc(Cl)cc3)c3c(c2c1)NCCC3,0,CHEMBL3322234
CHEMBL4791084,CC(C)c1ccc([C@@H]2CN(C)C3(C(=O)c4ccccc4C3=O)[C@]23CSc2ccccc2C3=O)cc1,1,CHEMBL4791084
CHEMBL334255,CCCCCCCCCCCCCCCC[n+]1ccccc1,1,CHEMBL334255
CHEMBL3233934,COc1cc2[nH]c(=O)c(C(=O)NCC3CCN(Cc4ccccc4)CC3)c(O)c2cc1OC,0,CHEMBL3233934
CHEMBL4084189,COc1cc(/C=N/O)c(O)c(CN2CCc3cc(OC)c(OC)cc3C2c2ccccc2)c1,1,CHEMBL4084189
CHEMBL147527,C#CCN(C)C(C)Cc1cccc(OC(=O)N(C)CC)c1,1,CHEMBL147527
CHEMBL5558946,O=C(Cn1nc(-c2ccccc2)c(-c2ccccc2)nc1=O)Nc1ccc(F)cc1,0,CHEMBL5558946
CHEMBL4779365,CCOC(=O)c1c(C)nc(N2CCN(S(=O)(=O)c3ccc(N)c(F)c3)CC2)nc1-c1ccc(OC)cc1,0,CHEMBL4779365
CHEMBL573095,CCC1=CC2Cc3nc4cc(Cl)ccc4c(NCCO)c3C(C1)C2,0,CHEMBL573095
CHEMBL33642,CCCCCCCNC(=O)Oc1ccc2c(c1)[C@]1(C)CCN(CCC)C1C2,0,CHEMBL33642
CHEMBL4758460,COc1ccc2cc3[n+](cc2c1OCc1cccc(C)c1)CCc1cc2c(cc1-3)OCO2,1,CHEMBL4758460
CHEMBL4756491,COc1ccc2cc3[n+](cc2c1OCc1ccccc1C)CCc1cc2c(cc1-3)OCO2,1,CHEMBL4756491
CHEMBL3234594,c1ccc(CCCCCSc2c3c(nc4ccccc24)CCCC3)nc1,1,CHEMBL3234594
CHEMBL4791089,CNC(=O)c1sc(-c2ccnc(NC(=O)C3CC3)c2)nc1OCC1CCN(Cc2ccc(Cl)cc2)CC1,1,CHEMBL4791089
CHEMBL4785551,CNC(=O)c1sc(-c2ccnc(NC(=O)C3CC3)c2)nc1OCC1CCN(Cc2cccc(Br)c2)CC1,1,CHEMBL4785551
CHEMBL398406,CCCCC1=NC2(CCCC2)C(=O)N1Cc1cc(OC)c(OC)cc1Br,0,CHEMBL398406
CHEMBL5872661,Oc1cc(O)cc(Oc2c(O)cc(O)c3c2Oc2c(OCc4ccccc4)cc4oc5c(Oc6cc(O)cc(O)c6)c(O)cc(O)c5c4c2O3)c1,1,CHEMBL5872661
CHEMBL4761847,O=C(NO)c1ccc(Nc2c3ccccc3nc3ccc(OCc4ccccc4)cc23)cc1,1,CHEMBL4761847
CHEMBL4799871,O=C(NO)c1ccc(Nc2c3c(nc4ccccc24)CCCC3)cc1,1,CHEMBL4799871
CHEMBL4785620,Cc1cc(S(=O)(=O)N2CCOCC2)c(C(C)C)cc1O,1,CHEMBL4785620
CHEMBL3220509,O=C(Nc1cc2ccccc2oc1=O)c1ccc(Cl)cc1,1,CHEMBL3220509
CHEMBL2368067,C/C=C(\C)C(=O)N[C@H]1CC[C@@]2(C)C(=CC[C@H]3[C@@H]4CC[C@H]([C@H](C)N(C)C)[C@@]4(C)CC[C@@H]32)[C@H]1O,1,CHEMBL2368067
CHEMBL4085671,COc1cc(/C=C/C(=O)Nc2ccccc2)ccc1OCCCCN(C)C,1,CHEMBL4085671
CHEMBL4067562,CCN(CC)CCCCCOc1ccc(/C=C/C(=O)Nc2ccccc2)cc1OC,1,CHEMBL4067562
CHEMBL4087978,CCOC(=O)/C=C/c1ccc(OCCCCCCCCN(CC)CC)c(OC)c1,1,CHEMBL4087978
CHEMBL4060687,COc1ccc(CNc2nc(NC(N)=O)nc3ccccc23)cc1OC,1,CHEMBL4060687
CHEMBL3237527,O=C(c1ccc(CN2CCC(CCO)CC2)cc1)c1ccc(O)c(F)c1,1,CHEMBL3237527
CHEMBL1761996,c1ccc2c(c1)ccc[n+]2COC[n+]1cccc2ccccc21,1,CHEMBL1761996
CHEMBL5081574,Cc1c(C)c2ccc(OCC3CCN(CCCC(F)F)CC3)cc2oc1=O,1,CHEMBL5081574
CHEMBL5078658,Cc1c(C)c2ccc(OCc3ccc(CN(C)CCCC(F)F)cc3)cc2oc1=O,1,CHEMBL5078658
CHEMBL4794823,NC(=O)c1sc(-c2ccnc(NC(=O)C3CC3)c2)nc1OCCCC1CCN(Cc2ccccc2)CC1,0,CHEMBL4794823
CHEMBL4787873,NC(=O)c1sc(-c2ccnc(NC(=O)C3CC3)c2)nc1O,1,CHEMBL4787873
CHEMBL4757216,COc1cc(CNC2CCN(Cc3ccccc3)C2)cc(OC)c1OC,1,CHEMBL4757216
CHEMBL4852721,Cc1ccc(S(=O)(=O)SCc2ccc(C(C)(C)C)cc2)cc1,0,CHEMBL4852721
CHEMBL4874126,C[n+]1ccc2c(c1)c1cc(F)ccc1n2CCC(=O)N1c2ccccc2Sc2ccccc21,1,CHEMBL4874126
CHEMBL341437,CCSc1nc(-c2ccc(OC)cc2)nn1C(=O)N1CCOCC1,1,CHEMBL341437
CHEMBL211383,CCC[C@@H](CC1(C(=O)NC2(CO)Cc3ccccc3C2)CCCC1)C(=O)O,1,CHEMBL211383
CHEMBL377041,CCCC(CC1(C(=O)N[C@@H]2CCN(Cc3ccccc3)C2)CCCC1)C(=O)O,1,CHEMBL377041
CHEMBL211529,CCCC(CC1(C(=O)N[C@@H]2CCCC[C@@H]2CCC)CCCC1)C(=O)O,1,CHEMBL211529
CHEMBL212377,CCCC(CC1(C(=O)Nc2nnc(CC3CC3)s2)CCCC1)C(=O)O,1,CHEMBL212377
CHEMBL377037,CCCC(CC1(C(=O)NC2(CO)Cc3ccccc3C2)CCCC1)C(=O)O,1,CHEMBL377037
CHEMBL212065,CCCC(CC1(C(=O)NC2(CO)CCCC2)CCCC1)C(=O)O,1,CHEMBL212065
CHEMBL377283,CCNC(=O)Oc1ccc2c(c1)[C@@]1(C)CCO[C@H]1O2,0,CHEMBL377283
CHEMBL4453905,CCOc1ccc(Cc2nc3cc(C(=O)NCCCCCNc4c5c(nc6ccccc46)CCCC5)ccc3n2CCC(C)C)cc1,0,CHEMBL4453905
CHEMBL4545532,CCOc1ccc(Cc2nc3cc(C(=O)N(CC)CCCCNc4c5c(nc6ccccc46)CCCC5)ccc3n2CCC(C)C)cc1,0,CHEMBL4545532
CHEMBL29300,CN(CCn1cc[n+](C)c1/C=N/O)S(C)(=O)=O,1,CHEMBL29300
CHEMBL5430188,O=C1C(=O)N2CCc3cc4c(c5c3c2c1c1ccccc15)OCO4,1,CHEMBL5430188
CHEMBL510954,COc1ccc2c(c1)C[C@@H]1c3c(cc4c(c3-2)OCO4)CCN1C,1,CHEMBL510954
CHEMBL5434024,COc1cc2c(cc1O)CC[n+]1cc3c(OC)c(O)ccc3cc1-2,1,CHEMBL5434024
CHEMBL4755679,COc1ccc2nc3c(c(NCCCCCCCCN(CC(=O)NCCc4c[nH]c5ccc(OC)cc45)C(=O)CCCC[C@@H]4CCSS4)c2c1)CCCC3,1,CHEMBL4755679
CHEMBL4762463,Cc1cc(S(=O)(=O)NN)c(C(C)C)cc1O,1,CHEMBL4762463
CHEMBL4217466,Cc1cc(=O)oc2cc(OCc3cc[n+](Cc4ccccc4)cc3)ccc12,0,CHEMBL4217466
CHEMBL4205764,Cc1cc(=O)oc2cc(OCc3cc[n+](Cc4ccccc4F)cc3)ccc12,0,CHEMBL4205764
CHEMBL4217755,Cc1cc(=O)oc2cc(OCc3cc[n+](Cc4ccc(F)cc4)cc3)ccc12,0,CHEMBL4217755
CHEMBL4210401,Cc1ccccc1C[n+]1ccc(COc2ccc3c(C)cc(=O)oc3c2)cc1,0,CHEMBL4210401
CHEMBL3263725,CN(Cc1ccccc1)Cc1ccc(C(=O)NCCc2c[nH]c3ccc(O)cc23)cc1,1,CHEMBL3263725
CHEMBL3263724,CN(Cc1ccccc1)Cc1ccc(C(=O)NCCc2c[nH]c3ccccc23)cc1,1,CHEMBL3263724
CHEMBL3263727,COc1ccc2c(CCNC(=O)c3ccc(CN(C)Cc4ccccc4)cc3)c[nH]c2c1,1,CHEMBL3263727
CHEMBL3263730,COc1ccc2[nH]cc(CCNC(=O)c3ccc(CN(C)Cc4ccccc4Cl)cc3)c2c1,1,CHEMBL3263730
CHEMBL3263737,COc1cccc(CN(C)Cc2ccc(C(=O)NCCc3c[nH]c4ccc(OC)cc34)cc2)c1,1,CHEMBL3263737
CHEMBL4210274,COc1ccc(Cn2cc(C(=O)NCCCCCCCCNc3c4c(nc5ccc(OC)cc35)CCCC4)c(=O)c3ccccc32)cc1,1,CHEMBL4210274
CHEMBL608112,COc1ccc(Cn2cc(C(=O)O)c(=O)c3ccccc32)cc1,1,CHEMBL608112
CHEMBL4217346,COc1ccc(Cn2cc(C(=O)NCCCCCCNc3c4c(nc5cc(Cl)ccc35)CCCC4)c(=O)c3ccccc32)cc1,0,CHEMBL4217346
CHEMBL3824239,Cc1ccccc1CN1CCC(CC(=O)NCCc2c[nH]c3ccccc23)CC1,1,CHEMBL3824239
CHEMBL3824362,COc1ccc2[nH]cc(CCNC(=O)C3CCN(Cc4ccccc4)CC3)c2c1,1,CHEMBL3824362
CHEMBL3335049,COc1cccc(CN2CCN(CCCOc3ccc4c5c(c(=O)oc4c3)CCCC5)CC2)c1,1,CHEMBL3335049
CHEMBL3335046,O=c1oc2cc(OCCCN3CCC(Cc4ccccc4)CC3)ccc2c2c1CCCC2,1,CHEMBL3335046
CHEMBL3335026,COc1cccc(CN(C)CCOc2ccc3c4c(c(=O)oc3c2)CCCC4)c1,1,CHEMBL3335026
CHEMBL623,CCc1nn(CCCN2CCN(c3cccc(Cl)c3)CC2)c(=O)n1CCOc1ccccc1,1,CHEMBL623
CHEMBL3262251,CC(C)Nc1nc(NCc2ccccc2)c2ccccc2n1,1,CHEMBL3262251
CHEMBL4070462,CC(C)Nc1nc(NCCc2ccccc2)c2ccccc2n1,1,CHEMBL4070462
CHEMBL4073193,NC(=O)Cc1nc(NCc2ccccc2)c2ccccc2n1,1,CHEMBL4073193
CHEMBL1082419,CCCCCCNC(=O)Oc1cccc(CN(CC)CCCOc2ccc3c(=O)c4ccccc4oc3c2)c1,0,CHEMBL1082419
CHEMBL131219,CCCN(CCCOc1ccc2c(=O)c3ccccc3oc2c1)Cc1cccc(OC(=O)NC)c1,0,CHEMBL131219
CHEMBL1083976,CCCCCCNC(=O)Oc1cccc(CN(CCC)CCCOc2ccc3c(=O)c4ccccc4oc3c2)c1,0,CHEMBL1083976
CHEMBL1084257,CN(CCCCNc1ccc(-c2ccccc2)nn1)Cc1ccccc1,1,CHEMBL1084257
CHEMBL1083057,CN(CCCCCNc1ccc(-c2ccccc2)nn1)Cc1ccccc1,0,CHEMBL1083057;CHEMBL553187
CHEMBL101518,CN(CCOCCNC(=S)NC(=O)c1ccc(Cl)cc1)Cc1ccccc1,0,CHEMBL101518
CHEMBL1083790,NCCCCCCCCCNc1c2c(nc3ccccc13)CCCC2,0,CHEMBL1083790
CHEMBL117826,Nc1c2ccccc2nc2c1cnc1cc(Cl)ccc12,1,CHEMBL117826
CHEMBL115697,Nc1c2c(nc3ccccc13)-c1ccccc1NCC2,1,CHEMBL115697
CHEMBL119528,CCCCC1(O)c2nc3ccccc3c(N)c2CC1C,1,CHEMBL119528
CHEMBL127465,CN(CCCOc1ccc2c(=O)c3ccccc3oc2c1)Cc1cccc(OC(=O)NCCCCCCCCN2CCOCC2)c1,0,CHEMBL127465
CHEMBL75985,c1cnc2nc3c(c(NCCCCCCCCNc4c5c(nc6ncccc46)CCCC5)c2c1)CCCC3,0,CHEMBL75985
CHEMBL1084776,Cc1ccc2c(Nc3ccccc3)c3c(nc2c1)CCCC3,0,CHEMBL1084776
CHEMBL1084777,Clc1ccc2c(Nc3ccccc3)c3c(nc2c1)CCCC3,0,CHEMBL1084777
CHEMBL362579,CC(C)Cc1ccc(C(=O)CC(Sc2ccccc2N)c2cccc([N+](=O)[O-])c2)cc1,1,CHEMBL362579
CHEMBL360186,Cc1nn(S(=O)(=O)c2cc(C(F)(F)F)cc(C(F)(F)F)c2)cc1-c1nsc(Nc2ccccc2)n1,1,CHEMBL360186
CHEMBL187030,O=C(CC1S/C(=N/c2ccc(C3CCCCC3)cc2)NC1=O)Nc1ccc(OC(F)(F)F)cc1,1,CHEMBL187030
CHEMBL1085465,CCCc1cc(N2CCC=N2)ccc1C(=O)O/N=C(\N)c1ccc(C(F)(F)F)cc1,1,CHEMBL1085465
CHEMBL328085,O=C(OC1Cc2c(O)cc(O)cc2OC1c1ccc(O)c(O)c1)c1cc(O)c(O)c(O)c1,1,CHEMBL328085
CHEMBL4281409,C[N+](C)(CC#CCOC1=NOCC1)CCCCCCCCCC[N+](C)(C)CCCN1C(=O)c2ccccc2C1=O,1,CHEMBL4281409
CHEMBL341251,O=C1CCN(Cc2ccccc2)C/C1=C\c1cc[nH]c1,1,CHEMBL341251
CHEMBL4172883,COc1ccc(C(=O)CCc2cc[n+](Cc3cccc(Cl)c3)cc2C(N)=O)cc1OC,1,CHEMBL4172883
CHEMBL4162281,COc1ccc2c(c1)CCC(CC1C=CN(Cc3ccc(Cl)cc3)C=C1C(C)=O)C2=O,1,CHEMBL4162281
CHEMBL340854,O=C1CCN(Cc2ccccc2)C/C1=C\c1c[nH]c2ccc(OCc3ccccc3)cc12,1,CHEMBL340854
CHEMBL4846730,COc1ccc2[nH]c3ccncc3c2c1,1,CHEMBL4846730
CHEMBL1783534,CC(C)C1=N[C@H]2CC[C@]34C[C@]35C(=O)C[C@]3(C)[C@@H]([C@H](C)N(C)C)[C@H](O)C[C@@]3(C)[C@@H]5CC[C@H]4[C@]2(C)C=C1,0,CHEMBL1783534
CHEMBL544637,CNC1CCc2ccc(OC(=O)N(C)C)cc21,1,CHEMBL544637
CHEMBL5914393,COc1c(C(N)=O)cc(Cl)c(N)c1CC1CCN(CC2CCCCC2)CC1,1,CHEMBL5914393
CHEMBL5852183,COc1cc(N)c(Br)cc1C(=O)NCC1CCN(CC2CCCCC2)CC1,1,CHEMBL5852183
CHEMBL136719,CC(=O)Oc1cccc([N+](C)(C)C)c1C,1,CHEMBL136719
CHEMBL3941497,COC(=O)C1=C(C)Nc2nc3c(c(N)c2C1c1cccc([N+](=O)[O-])c1)CCCC3Cl,0,CHEMBL3941497
CHEMBL5172343,COc1ccc(C(=O)Cc2ncc(C(=O)N(C)CCCOc3ccc([N+](=O)[O-])cc3)cn2)cc1,1,CHEMBL5172343
CHEMBL4091317,COc1ccc(CNc2nc(NC(C)=O)nc3ccccc23)cc1OC,1,CHEMBL4091317
CHEMBL3261991,O=C(/C=N/O)Nc1ccc[n+](Cc2cccc(C[n+]3cccc(NC(=O)/C=N/O)c3)c2)c1,1,CHEMBL3261991
CHEMBL1079905,CCCn1cnc2c1c(=O)n(CCCCC(C)=O)c(=O)n2C,1,CHEMBL1079905
CHEMBL1424,O=c1[nH]c(=O)c2nc[nH]c2[nH]1,1,CHEMBL1424
CHEMBL481,CCc1c2c(nc3ccc(OC(=O)N4CCC(N5CCCCC5)CC4)cc13)-c1cc3c(c(=O)n1C2)COC(=O)[C@]3(O)CC,1,CHEMBL481
CHEMBL4636881,CC(=O)Nc1c(F)cc(C(=O)N[C@H]2CC[C@H](O)CC2)cc1O[C@@H](C)c1ccccc1,1,CHEMBL4636881
CHEMBL4080917,COc1cc2c(cc1OC)CN(Cc1cc(Cl)cc(/C=N/O)c1O)CC2,1,CHEMBL4080917
CHEMBL4104406,COc1cc2c(cc1OC)CN(Cc1cc(Br)cc(/C=N/O)c1O)CC2,1,CHEMBL4104406
CHEMBL4062826,COc1cc2c(cc1OC)CN(Cc1cc(F)cc(/C=N/O)c1O)CC2,1,CHEMBL4062826
CHEMBL4085722,COc1cc(/C=N/O)c(O)c(CN2CCC(CN3CCc4cc(OC)c(OC)cc4C3)CC2)c1,1,CHEMBL4085722
CHEMBL4086639,COc1cc2c(cc1OC)C(c1ccccc1)N(CC1CCN(Cc3cccc(/C=N/O)c3O)CC1)CC2,1,CHEMBL4086639
CHEMBL4064304,COc1cc(/C=N/O)c(O)c(CN2CCC(CN3CCc4cc(OC)c(OC)cc4C3c3ccccc3)CC2)c1,1,CHEMBL4064304
CHEMBL3632850,COc1ccc2nc3c(c(NCCCCCCCNC(=O)C4(C)CCc5c(C)c(O)c(C)c(C)c5O4)c2c1)CCCC3,1,CHEMBL3632850
CHEMBL3632990,Cc1c(C)c2c(c(C)c1O)CCC(C)(C(=O)NCCCCNc1c3c(nc4cc(Cl)ccc14)CCCC3)O2,0,CHEMBL3632990
CHEMBL4091001,COc1cc2c(cc1OC)C(c1ccccc1)N(CC1CCN(Cc3cc(Br)cc(/C=N/O)c3O)CC1)CC2,1,CHEMBL4091001
CHEMBL2323353,CCOc1ccc(/C=N/NC(=O)CN2CCN(Cc3ccccc3)CC2)cc1,1,CHEMBL2323353
CHEMBL32452,CCCCNC(=O)Oc1ccc2c(c1)[C@]1(C)CCN(CC)C1C2,0,CHEMBL32452
CHEMBL4093408,COc1cc(/C=C/C(=O)Nc2ccccc2)ccc1OCCN(C)C,1,CHEMBL4093408
CHEMBL4086323,COc1cc(/C=C/C(=O)Nc2ccccc2)ccc1OCCCCCCCCCCN(C)C,1,CHEMBL4086323
CHEMBL4085283,COc1cc(/C=C/C(=O)Nc2ccccc2)ccc1OCCCN1CCCC1,1,CHEMBL4085283
CHEMBL4093019,COc1cc(/C=C/C(=O)Nc2ccccc2)ccc1OCCCCCN1CCCC1,1,CHEMBL4093019
CHEMBL4100736,COc1cc(/C=C/C(=O)Nc2ccccc2)ccc1OCCCCCCCCN1CCCC1,1,CHEMBL4100736
CHEMBL136145,C[N+](C)(C)CCS,1,CHEMBL136145
CHEMBL4085222,COc1cc(/C=C/C(=O)N2CCC(Cc3ccccc3)CC2)ccc1OCCCCN1CCc2ccccc2C1,1,CHEMBL4085222
CHEMBL4456336,O=C(O)CC1(CC(=O)c2cc(O)ccc2O)C=C(CO)CCC1,1,CHEMBL4456336
CHEMBL5080685,COC(=O)c1c(CCCCCCCCNc2c3c(nc4ccccc24)CCCC3)cccc1OC,0,CHEMBL5080685
CHEMBL2323351,COc1ccc(/C=N/NC(=O)CN2CCN(Cc3ccccc3)CC2)cc1OC,1,CHEMBL2323351
CHEMBL3403312,CCN(CC)C(=O)[C@H](Cc1ccc(F)cc1)NC(=O)[C@H](CC(C)C)NC(=O)[C@@H](NC(=O)[C@@H](N)COC(=O)[C@@H]1CCCN1C(C)=O)C(C)C,1,CHEMBL3403312
CHEMBL3322140,CCN(CCC(=O)NCCNc1c2c(nc3ccccc13)CCCC2)C1CCCCC1,0,CHEMBL3322140
CHEMBL3322232,O=C(NCCCNc1c2c(nc3cc(Cl)ccc13)CCCC2)c1ccc2nc(-c3ccc(Cl)cc3)c3c(c2c1)NCCC3,0,CHEMBL3322232
CHEMBL3642056,CC(=O)NCCc1c[nH]c2ccc(OC(=O)NCCCCCCCCCCCCNc3c4c(nc5cc(Cl)ccc35)CCCC4)cc12,0,CHEMBL3642056
CHEMBL4060016,COc1ccc(CCNc2nc(NC(C)=O)nc3ccccc23)cc1OC,1,CHEMBL4060016
CHEMBL4854913,CC1=CC2Cc3nc4cc(Cl)ccc4c(NCCCCCCCCC(=O)N4CCNC(=O)C4)c3C(C1)C2,0,CHEMBL4854913
CHEMBL3220805,C[C@@]12CC[C@@H]3[C@]4(CC[C@H]5[C@@]3(C)CCC[C@@]5(C)C(=O)OCC[N+](C)(C)CCCCCCCCC[N+](C)(C)CCOC(=O)[C@]3(C)CCC[C@@]5(C)[C@@H]6CC[C@@]7(C)C[C@]6(CC[C@@H]53)C[C@H]7OC(=O)CCCCCCCCC(=O)O[C@@H]1C4)C2,1,CHEMBL3220805
CHEMBL2332544,O=C(C[C@H]1C[C@H]2CCCN2[C@]12C(=O)Nc1ccccc12)N1C/C(=C\c2ccccc2)C(=O)[C@]2(C[C@H]3CCCN3[C@@]23C(=O)Nc2ccccc23)C1,1,CHEMBL2332544
CHEMBL3605433,COc1ccccc1-c1nnc(-c2ccc3c(c2)CO[C@@]3(CCCN(C)C)c2ccc(F)cc2)[nH]1,1,CHEMBL3605433
CHEMBL3605432,CN(C)CCC[C@@]1(c2ccc(F)cc2)OCc2cc(-c3nnc(-c4ccc(I)cc4)[nH]3)ccc21,1,CHEMBL3605432
CHEMBL2206895,COc1cc(C2c3ccc4ccccc4c3Oc3nc4c(c(N)c32)CCCC4)ccc1O,0,CHEMBL2206895
CHEMBL2206894,COc1ccccc1C1c2ccc3ccccc3c2Oc2nc3c(c(N)c21)CCCC3,1,CHEMBL2206894
CHEMBL2206892,Cc1ccc(C2c3ccc4ccccc4c3Oc3nc4c(c(N)c32)CCCC4)cc1,0,CHEMBL2206892
CHEMBL3425894,C[n+]1c(/C=C/c2cc3ccccc3[nH]2)ccc2ccccc21,0,CHEMBL3425894
CHEMBL4060972,COc1ncccc1/C=C/c1ccc2ccccc2[n+]1C,1,CHEMBL4060972
CHEMBL4102810,CCN(CC)c1ccc(/C=C/c2cc(N3CCOCC3)c3ccccc3[n+]2C)c(OC)c1,1,CHEMBL4102810
CHEMBL4067639,C[n+]1c(/C=C/c2cc3ccccc3[nH]2)cc(N2CCOCC2)c2ccccc21,1,CHEMBL4067639
CHEMBL2238007,Nc1c2c(nc3nc(-c4ccccc4)cc(C(F)(F)F)c13)-c1ccccc1CC2,1,CHEMBL2238007
CHEMBL2238001,Nc1c2c(nc3nc(-c4ccccc4)cc(C(F)(F)F)c13)CCCCC2,1,CHEMBL2238001
CHEMBL491360,CCOC(=O)C1=C(C)Nc2nc3c(c(N)c2C1c1ccncc1)CCCC3,0,CHEMBL491360
CHEMBL491359,CCOC(=O)C1=C(C)Nc2nc3c(c(N)c2C1c1cccnc1)CCCC3,0,CHEMBL491359
CHEMBL491358,CCOC(=O)C1=C(C)Nc2nc3c(c(N)c2C1c1ccc(OC)c(OC)c1)CCCC3,0,CHEMBL491358
CHEMBL220294,CCOC(=O)C1=C(C)Nc2nc3c(c(N)c2C1c1cccc([N+](=O)[O-])c1)CCCC3,0,CHEMBL220294
CHEMBL470715,CCOC(=O)C1=C(C)Nc2nc3c(c(N)c2[C@@H]1c1ccc(OC)cc1)CCCC3,0,CHEMBL470715
CHEMBL1076243,CCCCCCOC(=O)[C@H](CCC(=O)NCCC1CCN(Cc2ccccc2)CC1)NC(=O)Cc1cc2ccc(Cl)cc2s1,0,CHEMBL1076243
CHEMBL591469,COP(=O)(OC)O/C(C)=C1/CCOC1=O,1,CHEMBL591469
CHEMBL4796736,O=c1c(-c2ccc(OCCCCN3CCN(Cc4ccccc4)CC3)cc2)coc2cc(OCCCCN3CCN(Cc4ccccc4)CC3)cc(O)c12,1,CHEMBL4796736
CHEMBL1161714,Nc1c2c(nc3cccc(F)c13)C1CC(C2)C1,0,CHEMBL1161714
CHEMBL1161719,C=C1c2ccccc2N=C2CCCCCN12,1,CHEMBL1161719
CHEMBL4781384,O=c1ccoc2ccc(OCCCCCN3CCOCC3)cc12,1,CHEMBL4781384
CHEMBL4754186,O=c1ccoc2ccc(OCCCN3CCCCCC3)cc12,1,CHEMBL4754186
CHEMBL6030402,COc1cc(N)c(F)cc1C(=O)CCC1CCN(CC2CCCCC2)CC1,0,CHEMBL6030402;CHEMBL6149735
CHEMBL6040839,COc1cc(N)c(I)cc1C(=O)CCC1CCN(CC2CCCCC2)CC1,0,CHEMBL6040839
CHEMBL80619,COc1ccc2[nH]c3cnccc3c2c1,1,CHEMBL80619
CHEMBL278193,COc1ccc2[nH]c3c(C)nccc3c2c1,1,CHEMBL278193
CHEMBL5087321,CO[C@H]1C[C@H]2C(=C[C@@H]1OC(=O)c1ccc(Cl)c([N+](=O)[O-])c1)[C@H]1CN2Cc2cc3c(cc21)OCO3,1,CHEMBL5087321
CHEMBL1642984,CC(C)(C)c1cc[n+](C/C=C\C[n+]2ccc(C(C)(C)C)cc2)cc1,1,CHEMBL1642984
CHEMBL1642981,CC(C)(C)c1cc[n+](COC[n+]2ccc(C(C)(C)C)cc2)cc1,1,CHEMBL1642981
CHEMBL1642970,CC(C)(C)c1cc[n+](C[n+]2ccc(C(C)(C)C)cc2)cc1,1,CHEMBL1642970
CHEMBL611732,CCN(CCCCCCNc1ccc(CCc2ccc(NCCCCCCN(CC)Cc3ccccc3OC)cc2)cc1)Cc1ccccc1OC,1,CHEMBL611732
CHEMBL222043,CC[N+](C)(CCCCCC(=O)Nc1ccc(CCc2ccc(NC(=O)CCCCC[N+](C)(CC)Cc3ccccc3OC)cc2)cc1)Cc1ccccc1OC,0,CHEMBL222043
CHEMBL222818,CCN(CCCCCC(=O)Nc1ccc(Cc2ccc(NC(=O)CCCCCN(CC)Cc3ccccc3OC)cc2)cc1)Cc1ccccc1OC,0,CHEMBL222818
CHEMBL222378,CCN(CCCCCC(=O)N1CCC(CCCC2CCN(C(=O)CCCCCN(CC)Cc3ccccc3OC)CC2)CC1)Cc1ccccc1OC,0,CHEMBL222378
CHEMBL4863431,Cc1ccc(S(=O)(=O)SCc2ccc(Cl)cc2)cc1,0,CHEMBL4863431
CHEMBL2297280,COc1cc2occ(-c3ccc(OC4CCN(Cc5ccccc5)CC4)cc3)c(=O)c2cc1OC,0,CHEMBL2297280
CHEMBL40583,Cc1ccc2cc3c(ccc4ccccc43)c3c2c1CC3,1,CHEMBL40583
CHEMBL610243,COc1cc2cc(C(=O)C3CCC[N+](C)(Cc4ccc([N+](=O)[O-])o4)CC3)sc2cc1OC,0,CHEMBL610243
CHEMBL365904,COc1cc2c(cc1OC)SC(C(=O)CCc1cc[n+](CC3CCC3)cc1)C2,0,CHEMBL365904
CHEMBL672,CC(C)OC(=O)C(C)(C)Oc1ccc(C(=O)c2ccc(Cl)cc2)cc1,1,CHEMBL672
CHEMBL87014,Cc1cc(C(=O)CCC2CC[N+](C)(Cc3ccccc3)CC2)nn1-c1ccccc1,0,CHEMBL87014
CHEMBL1651137,COc1cccc(CN2CCC(CCC(=O)c3cc4c5c(ccn5C(=O)CC4)c3)CC2)c1,0,CHEMBL1651137
CHEMBL54014,Cc1ccccc1NC(=O)Oc1ccc2c(c1)[C@]1(C)CCN(C)C1N2Cc1ccccc1,0,CHEMBL54014
CHEMBL70182,O/N=C/c1nc(Cc2ccccc2)no1,1,CHEMBL70182
CHEMBL155191,CC1Cc2ccccc2C1=O,0,CHEMBL155191
CHEMBL337142,C[N+](C)(C)CCCCI,1,CHEMBL337142
CHEMBL33332,Cn1cc[n+](COCc2cccc3ccccc23)c1/C=N/O,1,CHEMBL33332
CHEMBL154848,COc1cc2c(cc1OC)C(=O)C(C)C2,0,CHEMBL154848
CHEMBL1626784,C[N+](C)(C)c1cccc(N)c1,1,CHEMBL1626784
CHEMBL1773484,CN(Cc1ccccc1)Cc1ccc(C(=O)c2ccc(OCCCN3CCOCC3)cc2)cc1,0,CHEMBL1773484
CHEMBL88049,COc1cc2cc(C(=O)CCCCC3CC[N+](C)(Cc4ccccc4)CC3)sc2cc1OC,0,CHEMBL88049
CHEMBL1834065,CC(C)(C)OC(=O)N1CCN(c2nccc(NCc3cccc4ccccc34)n2)CC1,1,CHEMBL1834065
CHEMBL1834071,CC(C)N1CCN(c2nccc(NC(c3ccccc3)c3ccccc3)n2)CC1,1,CHEMBL1834071
CHEMBL293751,COc1cccc([N+](C)(C)Cc2ccccc2)c1,1,CHEMBL293751
CHEMBL5415204,COc1cccc(CNCC(C)c2ccccc2)c1OCc1ccccc1,1,CHEMBL5415204
CHEMBL5523504,FC(F)(F)c1ccc(-c2nnc(NC3CCN(Cc4ccccc4)CC3)o2)cc1,0,CHEMBL5523504
CHEMBL542497,CCC1=CC2CC(C1)Cc1nc3ccccc3c(N)c12,0,CHEMBL542497
CHEMBL6120514,Cc1ccc(C(=O)c2coc3ccc(OCC(=O)Nc4ccc(Cl)cc4)cc23)cc1,1,CHEMBL6120514
CHEMBL6078552,O=C(COc1ccc2occ(C(=O)c3ccc(Cl)cc3)c2c1)Nc1ccc(Cl)cc1,1,CHEMBL6078552
CHEMBL6102372,Cc1ccc(NC(=O)COc2ccc(O)c(-c3cn[nH]c3-c3ccccc3)c2)cc1,1,CHEMBL6102372
CHEMBL6144333,O=C(COc1ccc(O)c(-c2cn[nH]c2-c2ccc(Cl)cc2)c1)Nc1ccc(Cl)cc1,1,CHEMBL6144333
CHEMBL5574923,O=C(CCCCN1CCN(Cc2ccccc2)CC1)Nc1ccc2nc3n(c(=O)c2c1)CCC3,0,CHEMBL5574923
CHEMBL5074625,O=C(O[C@H]1CN2Cc3cc4c(cc3[C@]13C=C[C@@H](O)C[C@H]23)OCO4)c1cccc([N+](=O)[O-])c1,1,CHEMBL5074625
CHEMBL5407081,COc1ccc(C2c3c(nc(C)[nH]c3=O)Oc3c2n(C(C)=O)c2ccccc32)cc1[N+](=O)[O-],1,CHEMBL5407081
CHEMBL388615,O=C(NCCCCCCCNc1c2c(nc3cc(Cl)ccc13)CCCC2)c1n[nH]c2ccccc12,0,CHEMBL388615
CHEMBL187017,Cc1cc(C2(c3cc(C)c(O)c(C)c3)CCCCC2)cc(C)c1O,1,CHEMBL187017
CHEMBL339039,CCCCNC(=O)Oc1cccc(CN(CC)CCCOc2ccc3c(=O)c4ccccc4oc3c2)c1,0,CHEMBL339039
CHEMBL25264,c1ccc(-c2ccc(NCCCCN3CCc4ccccc4C3)nn2)cc1,1,CHEMBL25264
CHEMBL1083367,c1ccc(CN2CCC(CNc3ccc(-c4ccccc4)nn3)CC2)cc1,1,CHEMBL1083367
CHEMBL1084542,c1ccc(-c2ccc(NCN3CCCCC3)nc2)cc1,1,CHEMBL1084542
CHEMBL347749,CC#CCCOC[n+]1ccn(C)c1/C=N/O,1,CHEMBL347749
CHEMBL4444497,COc1cc(NCc2ccc(Oc3c(N)cccc3Cl)cc2)cc(OC)c1OC,1,CHEMBL4444497
CHEMBL4749209,Cc1cc(/C=N/O)c(O)c(CN2CCN(c3ccncc3)CC2)c1,1,CHEMBL4749209
CHEMBL4778747,O=c1ccoc2ccc(OCCCN3CCCCC3)cc12,1,CHEMBL4778747
CHEMBL344864,C[N+]1(C)CCO[C@@](O)(C(F)(F)F)C1,1,CHEMBL344864
CHEMBL311849,C[n+]1c(/C=N/O)cccc1CCO[n+]1ccc(C(N)=O)cc1,1,CHEMBL311849
CHEMBL304820,O/N=C/c1nc(-c2cccs2)no1,1,CHEMBL304820
CHEMBL147968,CCCCCCOC[n+]1ccn(C)c1/C=N/O,1,CHEMBL147968
CHEMBL147793,Cc1n(C)cc[n+]1COC(C)C(C)(C)C,1,CHEMBL147793
CHEMBL87849,COc1cc2cc(C(=O)CCc3cc[n+](Cc4ccc(F)cc4)cc3)sc2cc1OC,0,CHEMBL87849
CHEMBL5085674,Cc1c(C)c2ccc(OCC3CCN(Cc4cccc(C(F)(F)F)c4)CC3)cc2oc1=O,0,CHEMBL5085674
CHEMBL2409142,C=C[C@@H]1[C@H]2C=C(C)C[C@]1(N)c1ccc(=O)[nH]c1C2,0,CHEMBL2409142
CHEMBL2019041,COc1cc2oc(C(=O)NCCCCCCCCCCNc3c4c(nc5cc(Cl)ccc35)CCCC4)cc(=O)c2cc1OC,0,CHEMBL2019041
CHEMBL591470,COP(=O)(OC)O/C(C)=C1\CCOC1=O,1,CHEMBL591470
CHEMBL358323,COC[n+]1c(/C=N/O)n(C)c2ccccc21,1,CHEMBL358323
CHEMBL340599,O=C1CCN(Cc2ccccc2)C/C1=C\c1cn(C(=O)c2ccc(Cl)cc2)c2ccccc12,1,CHEMBL340599
CHEMBL139259,C[N+]1(C)CCO[C@@](O)(c2ccc(N)cc2)C1,1,CHEMBL139259
CHEMBL1642987,CC(C)(C)c1cc[n+](Cc2ccc(C[n+]3ccc(C(C)(C)C)cc3)cc2)cc1,0,CHEMBL1642987
CHEMBL5196988,COc1ccc(OCCCN(C)C(=O)c2cnc(CC(=O)c3ccc(OC)cc3)nc2)cc1,1,CHEMBL5196988
CHEMBL5199425,COc1ccc(C(=O)Cc2ncc(C(=O)Nc3ccncc3)cn2)cc1,1,CHEMBL5199425
CHEMBL5090504,Cc1c(C)c2ccc(OCC3CCN(Cc4cccc(F)c4)CC3)cc2oc1=O,0,CHEMBL5090504
CHEMBL3787116,CCCCCCCNC(=O)Oc1ccc2c(c1)CN(C)C(c1ccc(F)cc1)N2C,1,CHEMBL3787116
CHEMBL5197349,COc1cc(/C=C/c2cc(=O)oc3c2ccc2oc(-c4cccc(Cl)c4)cc23)cc(OC)c1,1,CHEMBL5197349
CHEMBL5185240,COc1cc(/C=C/c2cc(=O)oc3c2ccc2oc(-c4ccc(Cl)cc4)cc23)cc(OC)c1,1,CHEMBL5185240
CHEMBL5169638,COc1cc(/C=C/c2cc(=O)oc3c2ccc2oc(-c4ccc(C)cc4)cc23)cc(OC)c1,1,CHEMBL5169638
CHEMBL5395312,CN1CCN(c2ccc(C(=O)Nc3cc(-c4nc5ccccc5[nH]4)n[nH]3)cc2)CC1,1,CHEMBL5395312
CHEMBL5569900,CN(Cc1ccncc1)Cc1ccc(COc2ccc3c(CO)cc(=O)oc3c2)cc1,1,CHEMBL5569900
CHEMBL4861956,COc1ccc2[nH]c(C(=O)Nc3ccc4nc5n(c(=O)c4c3)CCC5)cc2c1,0,CHEMBL4861956
CHEMBL513063,COc1ccc(-c2csc(NC(=O)CCN3CCCC3)n2)cc1,0,CHEMBL513063
CHEMBL5178828,CCCCN(CCCc1c[nH]c2ccccc12)CCC1CCN(Cc2ccccc2)CC1,1,CHEMBL5178828
CHEMBL5273737,COc1ccc(-c2cc(=O)c3ccc(OCCN4CCN(CCO)CC4)cc3o2)cc1,0,CHEMBL5273737
CHEMBL5284318,CCN(CC)CCOc1ccc2c(=O)cc(-c3ccc(OC)cc3)oc2c1,0,CHEMBL5284318
CHEMBL284519,CCN1CC[C@@]2(C)c3cc(OC(=O)NC)ccc3CC12,0,CHEMBL284519
CHEMBL25629,C[C@]12CC[C@H](O)[C@@](C)(CO)C1C[C@H](O)[C@@]1(C)Oc3cc(-c4cccnc4)oc(=O)c3C(=O)C21,1,CHEMBL25629
CHEMBL5412297,O/N=C/c1cc(Cl)cc(CN2CCN(c3ccc(F)cc3)CC2)c1O,1,CHEMBL5412297
CHEMBL5431200,O/N=C/c1cc(Cl)cc(CN2CCN(c3ccc(Cl)cc3)CC2)c1O,1,CHEMBL5431200
CHEMBL5424871,O/N=C/c1cc(Cl)cc(CN2CCN(c3ccc(C(F)(F)F)cc3)CC2)c1O,1,CHEMBL5424871
CHEMBL3220804,C[C@@]12CC[C@@H]3[C@@](CC[C@H]4[C@@]3(C)CCC[C@@]4(C)C(=O)OCC[N+](C)(C)CCCCCCCCCCCC[N+](C)(C)CCOC(=O)[C@]3(C)CCC[C@@]4(C)[C@@H]5CC[C@@]6(C)C[C@]5(CC[C@@H]43)CC6=O)(CC1=O)C2,1,CHEMBL3220804
CHEMBL507885,CCN(CCCCCC(=O)N1Cc2ccc3c4c(ccc(c24)C1)CN(C(=O)CCCCCN(CC)Cc1ccccc1OC)C3)Cc1ccccc1OC,0,CHEMBL507885
CHEMBL3220507,Cc1ccc(C(=O)Nc2cc3cc(C)ccc3oc2=O)cc1,1,CHEMBL3220507
CHEMBL499722,CCN(CCCCCC(=O)N[C@H]1CC[C@H](NC(=O)CCCCCN(CC)Cc2ccccc2OC)CC1)Cc1ccccc1OC,1,CHEMBL499722
CHEMBL4467284,S=C(CCCCCCCNc1c2c(nc3ccccc13)CCCC2)NCCc1c[nH]c2ccccc12,0,CHEMBL4467284
CHEMBL4455677,COc1ccc2[nH]cc(CCNC(=O)CCCCNc3c4c(nc5ccccc35)CCCC4)c2c1,0,CHEMBL4455677
CHEMBL3262668,COc1cc2c(cc1OC)C(Cc1ccc(OCCCCCCN3CCC(O)CC3)cc1)NCC2,1,CHEMBL3262668
CHEMBL269863,O=C(CCO[N+](=O)[O-])NCCCNc1c2c(nc3ccccc13)CCCC2,0,CHEMBL269863
CHEMBL1834067,OCCN1CCN(c2nccc(NCc3cccc4ccccc34)n2)CC1,1,CHEMBL1834067
CHEMBL21,Nc1ccc(S(N)(=O)=O)cc1,1,CHEMBL21
CHEMBL4277879,Cc1[nH]c2ccccc2c1CC(=O)NCCC1CCN(Cc2ccccc2)CC1,1,CHEMBL4277879
CHEMBL4784191,COc1cc2c(cc1OC)C(=O)/C(=C/c1ccc(N3CC[N+](C)(Cc4ccccn4)CC3)cc1)C2,0,CHEMBL4784191
CHEMBL4797677,CCCCC[N+]1(C)CCN(c2ccc(/C=C3\Cc4cc(OC)c(OC)cc4C3=O)cc2)CC1,0,CHEMBL4797677
CHEMBL4745500,COc1cc(/C=N\C2CCN(Cc3ccccc3)C2)cc(OC)c1OC,1,CHEMBL4745500
CHEMBL4755117,Oc1ccc(/C=N\C2CCN(Cc3ccccc3)C2)cc1,1,CHEMBL4755117
CHEMBL4780232,Oc1ccc(/C=N\C2CCN(Cc3ccccc3)C2)c(O)c1,1,CHEMBL4780232
CHEMBL4785769,Clc1ccc(/C=N\C2CCN(Cc3ccccc3)C2)cc1,1,CHEMBL4785769
CHEMBL4793341,FC(F)(F)Oc1ccc(CNC2CCN(Cc3ccccc3)C2)cc1,0,CHEMBL4793341
CHEMBL779,CN1CC(=O)N2[C@H](c3ccc4c(c3)OCO4)c3[nH]c4ccccc4c3C[C@@H]2C1=O,1,CHEMBL779
CHEMBL4540497,CN(C)c1ccc(/C=C2/S/C(=N/c3ccc4oc(=O)ccc4c3)NC2=O)cc1,0,CHEMBL4540497
CHEMBL361409,CCNC(=O)Oc1ccc2c(c1)[C@]1(C)CCN(C)C1N2C,0,CHEMBL361409
CHEMBL61965,COc1ccc(C(=O)COc2ccc([N+](C)(C)Cc3ccccc3)cc2)cc1OC,1,CHEMBL61965
CHEMBL293316,C=CC[N+](C)(C)c1cccc(OC)c1,1,CHEMBL293316
CHEMBL61515,C=CCC[N+](C)(C)c1ccccc1O,1,CHEMBL61515
CHEMBL263198,Nc1c2c(nc3c1CCCC3)CCCC2,0,CHEMBL263198
CHEMBL87550,COc1cc2cc(C=C3CC[N+](C)(Cc4ccccc4)CC3)sc2cc1OC,1,CHEMBL87550
CHEMBL175047,CCN(CCCCCCOCCCCCCCCOCCCCCCN(CC)Cc1ccccc1OC)Cc1ccccc1OC,0,CHEMBL175047
CHEMBL3642045,CC(=O)O[C@@]12CCN(C(C)=O)[C@@H]1N(C(C)=O)c1ccc(OC(=O)NCCCCCCNc3c4c(nc5ccccc35)CCCC4)cc12,0,CHEMBL3642045
CHEMBL3960962,c1ccc(COc2ccc(CN3CCc4ccccc4C3)cc2)cc1,1,CHEMBL3960962
CHEMBL3931517,O=C(COc1ccccc1)N1CCN(C2CCN(Cc3ccccc3)CC2)CC1,1,CHEMBL3931517
CHEMBL3939698,Fc1ccccc1COc1ccccc1CNCCN1CCOCC1,1,CHEMBL3939698
CHEMBL87295,CCC[n+]1ccc(CCC(=O)c2cc3cc(OC)c(OC)cc3s2)cc1,1,CHEMBL87295
CHEMBL82810,COc1cc2cc(C(=O)CCc3cc[n+](CC4CCC4)cc3)sc2cc1OC,0,CHEMBL82810
CHEMBL350496,S=c1c2ccc(Cl)cc2nc2n1CCCCC2,1,CHEMBL350496
CHEMBL139571,CC(C)c1ccc(NC(=O)N2CCC[C@H]2C(=O)N2CC[C@H]3[C@H]2[C@H](C)C(=O)N3C(=O)[C@@H]2[C@H](C)[C@@H]2C)cc1,1,CHEMBL139571
CHEMBL4637652,COc1ccc(C(=O)O[C@@H]2C[N@@]3Cc4c(cc5c(c4OC)OCO5)[C@@]24C=C[C@H](OC)C[C@H]34)cc1,1,CHEMBL4637652
CHEMBL334938,C[N+]1(C)CCO[C@@](O)(c2ccc(C#N)cc2)C1,1,CHEMBL334938
CHEMBL3355580,COc1cc(CCC(=O)/C=C/c2ccc(CNc3c4c(nc5cc(Cl)ccc35)CC3CC(C)=CC4C3)cc2)ccc1O,0,CHEMBL3355580
CHEMBL3355579,COc1cc(CCC(=O)/C=C/CCCNc2c3c(nc4cc(Cl)ccc24)CC2CC(C)=CC3C2)ccc1O,0,CHEMBL3355579
CHEMBL266084,COc1ccc2[nH]c3c(c2c1)CCNC3,1,CHEMBL266084
CHEMBL374729,COc1ccc2[nH]c3c(C)[n+](C)ccc3c2c1,0,CHEMBL374729
CHEMBL368075,CCCOc1ccccc1CN(CC)CCCCCC(=O)N(C)CCCCCCCCN(C)C(=O)CCCCCN(CC)Cc1ccccc1OCCC,0,CHEMBL368075
CHEMBL344736,C#CC(CC)OC[n+]1ccn(C)c1/C=N/O,1,CHEMBL344736
CHEMBL191416,CNC(=O)Oc1cccc(CN(C)CCCOc2ccc3c(c2)O/C(=C\c2cc(OC)c(OC)c(OC)c2)C3=O)c1,1,CHEMBL191416
CHEMBL371798,CN(CCCCCCCOc1ccc2c(c1)O/C(=C\c1cccc3ccccc13)C2=O)Cc1cccc(O)c1,1,CHEMBL371798
CHEMBL139819,CCC1=CC2Cc3nc4cccc(Cl)c4c(N)c3C(C1)C2,0,CHEMBL139819
CHEMBL3263728,CN(Cc1ccccc1)Cc1ccc(C(=O)NCCc2c[nH]c3cc(F)ccc23)cc1,1,CHEMBL3263728
CHEMBL81,O=C(c1ccc(OCCN2CCCCC2)cc1)c1c(-c2ccc(O)cc2)sc2cc(O)ccc12,0,CHEMBL81
CHEMBL3343929,CC1N[C@H](C(=O)NCCCCCCNc2c3c(nc4ccccc24)CCCC3)Cc2c1[nH]c1ccccc21,0,CHEMBL3343929
CHEMBL4856400,CC1=CC2Cc3nc4cc(Cl)ccc4c(NCCCCCCNC(=O)[C@@H](N)Cc4c[nH]c5ccccc45)c3C(C1)C2,0,CHEMBL4856400
CHEMBL772,COC(=O)[C@H]1[C@H]2C[C@@H]3c4[nH]c5cc(OC)ccc5c4CCN3C[C@H]2C[C@@H](OC(=O)c2cc(OC)c(OC)c(OC)c2)[C@@H]1OC,1,CHEMBL772
CHEMBL3763232,CC1(C)CNC2=C([N+](=O)[O-])C3(C(=O)Nc4ccc(F)cc43)C(C#N)=C(N)N2C1,1,CHEMBL3763232
CHEMBL4784756,COc1cc(/C=C/C(=O)NCC(=O)Nc2ccc(C)cc2)ccc1O,1,CHEMBL4784756
CHEMBL4786839,COc1cc(/C=C/C(=O)NCC(=O)Nc2cccc(Cl)c2)ccc1O,1,CHEMBL4786839
CHEMBL4785206,COc1cc(/C=C/C(=O)NCC(=O)Nc2cccc(C(F)(F)F)c2)ccc1O,1,CHEMBL4785206
CHEMBL196116,C=CCC1(OC)OCc2c(OC)c(OC)cc3ccnc1c23,1,CHEMBL196116
CHEMBL3597942,Cc1ccc(-c2csc(NC(=O)C[n+]3ccc(/C=N/O)cc3)n2)cc1,1,CHEMBL3597942
CHEMBL5425032,CC(=O)n1c2c(c3ccccc31)Oc1nc(C)[nH]c(=O)c1C2c1ccc(C)cc1,1,CHEMBL5425032
CHEMBL5408735,COc1cc(CN(C)CCc2ccc(O)cc2)c(-c2cccc3c2N(C)CC3)cc1OC,1,CHEMBL5408735
CHEMBL5398025,C#CCN(CCc1ccc(O)cc1)Cc1cccc(OC)c1OCc1ccccc1,1,CHEMBL5398025
CHEMBL5403494,C#CCOc1ccc(CCN(CC#C)Cc2cccc(OC)c2OCc2ccccc2)cc1,1,CHEMBL5403494
CHEMBL5420342,C=CCN(CCc1ccccc1)Cc1cccc(OC)c1OCc1ccccc1,1,CHEMBL5420342
CHEMBL5394805,C#CCN(CCc1ccccc1OC)Cc1cccc(OC)c1OCc1ccccc1,1,CHEMBL5394805
CHEMBL5422439,C=CCN(CCc1ccc(OC)cc1)Cc1cccc(OC)c1OCc1ccccc1,1,CHEMBL5422439
CHEMBL5417071,C#CCN(CCCc1ccccc1)Cc1cccc(OC)c1OCc1ccccc1,1,CHEMBL5417071
CHEMBL5418400,COc1cccc(CN(C)CCCc2ccccc2)c1OCc1ccccc1,1,CHEMBL5418400
CHEMBL5406889,CCCN(C/C=C/c1ccccc1)Cc1cccc(OC)c1OCc1ccccc1,1,CHEMBL5406889
CHEMBL5412993,CCCN(CCCc1cccc(F)c1)Cc1cccc(OC)c1OCc1ccccc1,1,CHEMBL5412993
CHEMBL3322157,CN(CCC(=O)NCCCCNc1c2c(nc3ccccc13)CCCC2)C1CCCCC1,0,CHEMBL3322157
CHEMBL387394,CCN(CCCCCC(=O)N1CCC(CCC2CCN(C(=O)CCCCCN(CC)Cc3ccccc3OC)CC2)CC1)Cc1ccccc1OC,0,CHEMBL387394
CHEMBL3093787,O=c1c2ccccc2[se]n1CCCCCCNc1c2c(nc3ccccc13)CCCC2,0,CHEMBL3093787
CHEMBL147517,C#CC(C)(C)OC[n+]1ccn(C)c1/C=N/O,1,CHEMBL147517
CHEMBL150212,C#CCCOC[n+]1ccc(/C=N/O)cc1,1,CHEMBL150212
CHEMBL2402007,CC(C)=CC(=O)OC(C)(C)[C@@H]1Cc2cc3ccc(=O)oc3cc2O1,1,CHEMBL2402007
CHEMBL421601,CN(C)Cc1ccc(CSCCNc2cccc(F)c2C#N)o1,1,CHEMBL421601
CHEMBL335439,C[N+]1(C)CCO[C@@](O)(c2ccc(Cl)cc2)C1,1,CHEMBL335439
CHEMBL416772,CCCCOC[n+]1ccn(C)c1/C=N/O,1,CHEMBL416772
CHEMBL5272491,COc1ccc2c(c1)c(CC(=O)N/N=C1\c3cc(OC)c(OC)cc3CC1CC1CCN(Cc3ccccc3)CC1)c(C)n2C(=O)c1ccc(Cl)cc1,0,CHEMBL5272491
CHEMBL125278,NC(=O)O,1,CHEMBL125278
CHEMBL5288840,COc1cc2c(cc1OC)/C(=N\NC(=O)CNC(=O)C(C)c1ccc(CC(C)C)cc1)C(CC1CCN(Cc3ccccc3)CC1)C2,1,CHEMBL5288840
CHEMBL5288918,COc1cc2c(cc1OC)/C(=N\NC(=O)C(NC(=O)C(C)c1ccc(CC(C)C)cc1)C(C)C)C(CC1CCN(Cc3ccccc3)CC1)C2,0,CHEMBL5288918
CHEMBL5221017,COC(=O)C1=CN([11CH3])c2cccc(OC(=O)N(C)C)c2C1,1,CHEMBL5221017
CHEMBL5218900,CNC(=O)Oc1cccc(CN(C)CCCCCCOc2ccc(C(=O)/C=C/c3cc(OC)c(OC)c(OC)c3)c(O)c2)c1,0,CHEMBL5218900
CHEMBL3339006,CCCCN(CCCC)CCCCOc1ccc(C(=O)/C=C/c2ccccc2)cc1,1,CHEMBL3339006
CHEMBL32964,CCCNC(=O)Oc1ccc2c(c1)[C@]1(C)CCN(CC)C1C2,0,CHEMBL32964
CHEMBL1916475,CCCOCCn1c(=O)nc(NC2CCC(O)CC2)c2nnc(-c3ccc(OC)nc3)cc21,1,CHEMBL1916475
CHEMBL376327,C[C@H]1C=C2N3CC[C@@H](O)C24[C@H](CC(=O)[C@H]4C[C@H](O)C3)C1,1,CHEMBL376327
CHEMBL423352,CC(C)(C)[C@@]1(O)C[N+](C)(C)CCO1,1,CHEMBL423352
CHEMBL218939,CCOC(=O)C1=C(C)Nc2nc3c(c(N)c2C1c1ccccc1)CCCC3,0,CHEMBL218939
CHEMBL5278549,Cc1ccc(-c2noc(-c3cccc(OCC4CCN(Cc5ccccc5)CC4)c3)n2)cn1,0,CHEMBL5278549
CHEMBL2332538,C=CC(=O)N1C/C(=C\c2ccccc2C)C(=O)/C(=C/c2ccccc2C)C1,1,CHEMBL2332538
CHEMBL1085026,COc1cccc2n1cc(-c1ccc(OC(=O)N(C)C)cc1)[n+]2C,1,CHEMBL1085026
CHEMBL1084167,CC(=O)Nc1cccc2n1cc(-c1ccc(OC(=O)N(C)C)cc1)[n+]2C,0,CHEMBL1084167
CHEMBL75127,O=C(CCC1CCN(Cc2ccccc2F)CC1)c1ccc2c(c1)NCCCC2,0,CHEMBL75127
CHEMBL74698,O=C(CCC1CCN(Cc2ccccc2)CC1)c1ccc2c(c1)NCCCCC2,0,CHEMBL74698
CHEMBL127527,COc1cccc(N(CCC2CCN(Cc3ccccc3)CC2)C(C)=O)c1,0,CHEMBL127527
CHEMBL125578,CC(=O)N(C)CCC1CCN(Cc2ccccc2)CC1,0,CHEMBL125578
CHEMBL140948,CN1CCC(CCN2C(=O)c3ccc([N+](=O)[O-])cc3C2=O)CC1,1,CHEMBL140948
CHEMBL141042,O=C1Cc2ccccc2C(=O)N1CCC1CCN(Cc2ccccc2)CC1,0,CHEMBL141042
CHEMBL140328,O=c1c2ccccc2ncn1CCC1CCN(Cc2ccccc2)CC1,1,CHEMBL140328
CHEMBL3216018,O=C(CCc1ccc2nc(-c3ccccc3)c3c(c2c1)OCCC3)NCCCCNc1c2c(nc3cc(Cl)ccc13)CCCC2,0,CHEMBL3216018
CHEMBL4784480,COc1cc(-c2nnc(Nc3ncccn3)o2)cc(OC)c1OC,1,CHEMBL4784480
CHEMBL2297279,O=c1c(OC2O[C@H](CO)[C@H](O)[C@H](O)[C@H]2O)c(-c2ccc(O)cc2)oc2cc(O)cc(O)c12,0,CHEMBL2297279
CHEMBL3215602,Oc1c(CNCCCCCCCCCNc2c3c(nc4ccccc24)CCCC3)ccc2cccnc12,0,CHEMBL3215602
CHEMBL5174709,CCC(c1ccc(O)c(OC)c1)c1ccc(OC)cc1O,1,CHEMBL5174709
CHEMBL2234523,COc1cccc([C@H]2C3=C(CC(C)(C)CC3=O)Oc3nc4c(c(N)c32)CCCC4)c1,1,CHEMBL2234523
CHEMBL2234514,CCOC(=O)C1=C(C)Oc2nc3c(c(N)c2[C@H]1c1cccnc1Br)CCCC3,1,CHEMBL2234514
CHEMBL2234845,CCOC(=O)C1=C(C)Oc2nc3c(c(N)c2[C@H]1c1ccc(C#N)cc1)CCCC3,1,CHEMBL2234845
CHEMBL2234830,CCOC(=O)C1=C(C)Oc2nc3c(c(N)c2[C@H]1c1cccs1)CCCC3,1,CHEMBL2234830
CHEMBL252378,CCOC(=O)c1c(C)nc2nc3c(c(N)c2c1-c1ccc(OC)cc1)CCCCC3,1,CHEMBL252378
CHEMBL2234541,CCOC(=O)c1c(C)nc2nc3c(c(N)c2c1-c1cccc([N+](=O)[O-])c1)CCCCC3,1,CHEMBL2234541
CHEMBL400675,CCOC(=O)c1c(C)nc2nc3c(c(N)c2c1-c1cccc([N+](=O)[O-])c1)CCCC3,0,CHEMBL400675
CHEMBL1171854,CN(C)c1cccc(OC(=O)Nc2ccccc2)c1,1,CHEMBL1171854
CHEMBL4785572,COc1cc(/C=C/C(=O)N2CCN(c3cccc([N+](=O)[O-])c3)CC2)ccc1O,1,CHEMBL4785572
CHEMBL4786736,COc1cc(/C=C/C(=O)N2CCN(c3ccccc3)CC2)ccc1O,1,CHEMBL4786736
CHEMBL4780578,O=C(CN1CCN(C(=O)c2cccc(F)c2)CC1)N1CCN(CCCc2c[nH]c3ccccc23)CC1,1,CHEMBL4780578
CHEMBL4799854,COc1cccc(NC(=O)CNC(=O)/C=C/c2ccc(O)c(OC)c2)c1,1,CHEMBL4799854
CHEMBL4787493,COc1cc(/C=C/C(=O)NCC(=O)Nc2ccccc2C(F)(F)F)ccc1O,1,CHEMBL4787493
CHEMBL4793936,COc1cc(/C=C/C(=O)NCC(=O)Nc2cccc(C#N)c2)ccc1O,1,CHEMBL4793936
CHEMBL4791662,COc1ccc(N2CCN(C(=O)/C=C/c3ccc(O)c(OC)c3)CC2)cc1,1,CHEMBL4791662
CHEMBL4792208,CC(C)c1ccc(NC(=O)OCC2CCCN(Cc3ccccc3)C2)cc1,1,CHEMBL4792208
CHEMBL4798315,C#CCN1CCCC(OC(=O)Nc2ccc(C(C)C)cc2)C1,1,CHEMBL4798315
CHEMBL4793319,C#CCN1CCC(OC(=O)N(C)CC)CC1,1,CHEMBL4793319
CHEMBL4792634,C#CCN1CCC(OC(=O)Nc2ccc(C(C)C)cc2)CC1,1,CHEMBL4792634
CHEMBL4780765,C#CCN1CCCC(CO)C1,1,CHEMBL4780765
CHEMBL1504199,OC1CCCN(Cc2ccccc2)C1,1,CHEMBL1504199
CHEMBL413549,CCCCCCNC(=O)Oc1ccc2c(c1)C1CCN(CC)C2C1,0,CHEMBL413549
CHEMBL1203986,CC[N+](CC)(CC)CCOc1cc(OCC[N+](CC)(CC)CC)cc(C(=O)NCCCCCC(=O)NNc2c3c(nc4ccccc24)CCCC3)c1,0,CHEMBL1203986
CHEMBL4797670,COc1ccc(-[n+]2ccc3cccc(OC)c3c2)cc1,0,CHEMBL4797670
CHEMBL188714,COC(=O)C[N+]1(C)CCC(CCC(=O)C2Cc3cc(OC)c(OC)cc3S2)CC1,0,CHEMBL188714
CHEMBL4797691,COc1cccc2cc[n+](-c3cc(Cl)cc(Cl)c3)cc12,1,CHEMBL4797691
CHEMBL3982580,COc1cccc2c1C=[N+](c1ccc(Br)cc1Br)CC2,1,CHEMBL3982580
CHEMBL4792068,COc1cccc(C(=O)N2CCN(CC(=O)N3CCN(CCCc4c[nH]c5ccccc45)CC3)CC2)c1,1,CHEMBL4792068
CHEMBL4786778,COc1ccc(C(=O)N2CCN(CC(=O)N3CCN(CCCc4c[nH]c5ccc(OC)cc45)CC3)CC2)cc1,1,CHEMBL4786778
CHEMBL238063,CC[C@H](C)C1=N[C@H]2CC[C@]34C[C@]35C(=O)C[C@]3(C)[C@@H]([C@H](C)N(C)C)[C@H](O)C[C@@]3(C)[C@@H]5CC[C@H]4[C@]2(C)CN1,1,CHEMBL238063
CHEMBL5203299,CCOCCN1CCN(CCC(=O)Nc2nc3c(C)cccc3s2)CC1,1,CHEMBL5203299
CHEMBL4283621,C[C@@H]1C[C@H]2CC(=O)[C@H]3CCCN4CCC[C@@H]2[C@]34C1,1,CHEMBL4283621
CHEMBL5429608,CN(CCC1CCCCCC1)Cc1c[nH]c2c(OC(=O)N(C)C(C)(C)C)cccc12,1,CHEMBL5429608
CHEMBL5399188,C#CCN(CC#C)C(=O)Oc1cccc2c(CN(C)CCC3CCCCCC3)c[nH]c12,0,CHEMBL5399188
CHEMBL5435599,CN(CCC1CCCCCC1)Cc1c[nH]c2c(OC(=O)N(C)N(C)C)cccc12,1,CHEMBL5435599
CHEMBL2234832,CCOC(=O)C1=C(C)Oc2nc3c(c(N)c2[C@H]1c1ccncc1)CCCCC3,1,CHEMBL2234832
CHEMBL252379,CCOC(=O)c1c(C)nc2nc3c(c(N)c2c1-c1ccc(OC)c(OC)c1)CCCC3,1,CHEMBL252379
CHEMBL5557905,O=C(Cn1nc(-c2ccccc2)c(-c2ccccc2)nc1=O)Nc1cc(Br)cc(Br)c1,0,CHEMBL5557905
CHEMBL5555737,COc1cc(NC(=O)Cn2nc(-c3ccccc3)c(-c3ccccc3)nc2=O)cc(OC)c1OC,0,CHEMBL5555737
CHEMBL5555983,O=C(Cn1nc(-c2ccccc2)c(-c2ccccc2)nc1=O)Nc1ccccc1[N+](=O)[O-],0,CHEMBL5555983
CHEMBL5193282,CCCCC1OC(=O)c2cc(OCc3ccc(CN(C)C)c(O)c3)ccc21,1,CHEMBL5193282
CHEMBL4790766,CCOC(=O)c1c(C)nc(N2CCN(S(=O)(=O)c3ccc(NC(C)=O)c(Cl)c3)CC2)nc1-c1ccc(OC)c(OC)c1,0,CHEMBL4790766
CHEMBL4762860,CCOC(=O)c1c(C)nc(N2CCN(S(=O)(=O)c3ccc(N)cc3)CC2)nc1-c1ccc(OC)cc1,0,CHEMBL4762860
CHEMBL4741162,COc1cc(CNC(=O)CCCC/C=C/CNc2c3c(nc4cc(Cl)ccc24)CC2C=C(C)CC3C2)ccc1O,0,CHEMBL4741162
CHEMBL5270248,Cc1c(C)c2c(c(C)c1O)CCC(C)(C(=O)NCCC1CCN(Cc3ccccc3F)CC1)O2,0,CHEMBL5270248
CHEMBL4165631,COc1ccc(C(=O)CCC2C=CN(Cc3cccc(Cl)c3)C=C2C(C)=O)cc1OC,1,CHEMBL4165631
CHEMBL4173562,COc1ccc(C(=O)CCC2C=CN(Cc3cccc(Cl)c3)C=C2C(N)=O)cc1OC,1,CHEMBL4173562
CHEMBL3754399,N#Cc1cccnc1N1CCN(c2cc(Oc3cccc4cccnc34)ncn2)CC1,0,CHEMBL3754399
CHEMBL5175950,O=C(COc1ccc(Cl)cc1)NCC1CCN(Cc2ccccc2)CC1,1,CHEMBL5175950
CHEMBL5185868,O=C(COc1ccc(Cl)cc1[N+](=O)[O-])NCCN1CCN(Cc2ccccc2)CC1,0,CHEMBL5185868
CHEMBL5195980,O=C(COc1cc(F)ccc1[N+](=O)[O-])NCC1CCN(Cc2ccccc2)CC1,0,CHEMBL5195980
CHEMBL4168225,COC(=O)C1=CN(Cc2cccc(Cl)c2)C=CC1CCC(=O)c1ccc(OC)c(OC)c1,1,CHEMBL4168225
CHEMBL4163016,COc1cc2c(cc1OC)C(=O)C(Cc1cc[n+](Cc3nc4ccccc4o3)cc1C(N)=O)C2,1,CHEMBL4163016
CHEMBL3763609,N#CC1=C(N)N2CCNC2=C([N+](=O)[O-])C12C(=O)Nc1ccc(F)cc12,1,CHEMBL3763609
CHEMBL3763820,CC1(C)CNC2=C([N+](=O)[O-])C3(C(=O)Nc4ccc([N+](=O)[O-])cc43)C(C#N)=C(N)N2C1,1,CHEMBL3763820
CHEMBL3764100,Cc1ccc2c(c1)C1(C(=O)N2)C(C#N)=C(N)N2CCCNC2=C1[N+](=O)[O-],0,CHEMBL3764100
CHEMBL3786516,COc1ccc2c(c1)CCC(NC(=O)N(C)C)C2,0,CHEMBL3786516
CHEMBL3786448,COc1ccc2c(c1)CC(NS(=O)(=O)N(C)C)CC2,0,CHEMBL3786448
CHEMBL3785391,CN(C)C(=O)NC1CCc2cc(O)ccc2C1,0,CHEMBL3785391
CHEMBL4858117,Cc1ccc(S(=O)(=O)SCc2ccc(C#N)cc2)cc1,0,CHEMBL4858117
CHEMBL5220250,O=c1c(NCCCCc2c3c(nc4cc(Cl)ccc24)CCCC3)c(NCCCCc2c3c(nc4ccc(Cl)cc24)CCCC3)c1=O,0,CHEMBL5220250
CHEMBL4845755,Cc1ccc(S(=O)(=O)SCc2ccc(F)cc2)cc1,0,CHEMBL4845755
CHEMBL4241840,COc1ccc2c(c1)C/C(=C/C1CCN(Cc3ccccc3)CC1)C2=O,0,CHEMBL4241840
CHEMBL205940,CNC(=O)Oc1ccc2c(c1)[C@@]1(C)CCO[C@H]1N2C,0,CHEMBL205940
CHEMBL381782,Cc1ccccc1NC(=O)Oc1ccc2c(c1)[C@@]1(C)CCN(C)[C@H]1N2C,1,CHEMBL381782
CHEMBL380830,CCNC(=O)Oc1ccc2c(c1)[C@@]1(C)CO[C@H](C1)O2,0,CHEMBL380830
CHEMBL206237,CC(C)c1ccc(NC(=O)Oc2ccc3c(c2)[C@@]2(C)CCO[C@H]2O3)cc1,1,CHEMBL206237
CHEMBL55315,Cc1ccccc1NC(=O)Oc1ccc2c(c1)[C@]1(C)CCN(C)C1N2,0,CHEMBL55315
CHEMBL3597941,O=C(C[n+]1ccc(/C=N/O)cc1)Nc1nc(-c2ccccc2)cs1,1,CHEMBL3597941
CHEMBL3597944,COc1ccc(-c2csc(NC(=O)C[n+]3ccc(/C=N/O)cc3)n2)cc1,1,CHEMBL3597944
CHEMBL3402718,CN(CCCCCCN1C(=O)c2ccccc2C1=O)Cc1cccc(Cl)c1,1,CHEMBL3402718
CHEMBL1311140,COc1ccccc1N=C(S)NCCN1CCOCC1,1,CHEMBL1311140
CHEMBL96246,C(=C/C1CCN(Cc2ccccc2)CC1)/c1noc2ccccc12,0,CHEMBL96246
CHEMBL135503,C=CC[N+](C)(C)C,1,CHEMBL135503
CHEMBL572865,CC1=CC2Cc3nc4cc(Cl)ccc4c(Cl)c3C(C1)C2,1,CHEMBL572865
CHEMBL91,Clc1ccc(COC(Cn2ccnc2)c2ccc(Cl)cc2Cl)c(Cl)c1,1,CHEMBL91
CHEMBL4289908,CN(C)CCOC(=O)/C=C/c1ccc2oc(C(=O)Nc3cccc(Cl)c3)cc(=O)c2c1,1,CHEMBL4289908
CHEMBL567532,CCc1c(C(=O)NCCCCCCCNc2c3c(nc4ccccc24)CCCC3)nc(-c2ccccc2Cl)n1-c1ccc(Cl)cc1,1,CHEMBL567532
CHEMBL570158,O=S(=O)(/N=C(\NCCCCCCCNc1c2c(nc3ccccc13)CCCC2)N1CC(c2ccccc2)C(c2ccc(Cl)cc2)=N1)c1ccc(Cl)cc1,1,CHEMBL570158
CHEMBL315515,COc1cc2cc(C(=O)CCC3CC[N+](C)(CC4CCCCO4)CC3)sc2cc1OC,0,CHEMBL315515
CHEMBL1794936,COc1ccc2c3c1O[C@H]1C[C@@H](O)C=C[C@@]31CCN(CCCCCCCCN1C(=O)c3ccccc3S1(=O)=O)C2,0,CHEMBL1794936
CHEMBL335355,CCC1=CC2Cc3nc4cc(F)cc(F)c4c(N)c3C(C1)C2,0,CHEMBL335355
CHEMBL309131,O/N=C/c1nc(-c2cccc3ccccc23)no1,1,CHEMBL309131
CHEMBL222037,CCN(CCCCCCNc1ccc(Cc2ccc(NCCCCCCN(CC)Cc3ccccc3OC)cc2)cc1)Cc1ccccc1OC,1,CHEMBL222037
CHEMBL3335062,CN(CCCOc1ccc2c(c1)oc(=O)c1ccccc12)Cc1ccccc1,1,CHEMBL3335062
CHEMBL3335048,O=c1oc2cc(OCCCN3CCN(Cc4ccccc4)CC3)ccc2c2c1CCCC2,0,CHEMBL3335048
CHEMBL3335028,COc1cccc(CC2CCN(CCOc3ccc4c5c(c(=O)oc4c3)CCCC5)CC2)c1,1,CHEMBL3335028
CHEMBL590031,CO[P@@]1(=O)CC[C@H]2COC(=O)C2=C(C)O1,1,CHEMBL590031
CHEMBL1025,CC(C)OP(=O)(F)OC(C)C,0,CHEMBL1025
CHEMBL4288000,CN1CCN(CCCNC(=O)COc2ccc(-c3ccccc3)cc2)CC1,1,CHEMBL4288000
CHEMBL5172037,COc1ccc(CCc2cc(=O)c3c(o2)[C@H]2O[C@H]2[C@@H](O)[C@H]3OC)cc1,1,CHEMBL5172037
CHEMBL470867,COc1ccc2c(=O)oc3c(OC)cc(CCN(C)C)c4c(=O)oc1c2c34,0,CHEMBL470867
CHEMBL549,CN(C)CCCC1(c2ccc(F)cc2)OCc2cc(C#N)ccc21,1,CHEMBL549
CHEMBL4798408,O=C(CN1CCN(C(=O)c2cccc(Br)c2)CC1)N1CCN(CCCc2c[nH]c3ccccc23)CC1,1,CHEMBL4798408
CHEMBL4797232,O=C(CN1CCN(C(=O)c2ccccc2)CC1)N1CCN(CCCc2c[nH]c3ccc(F)cc23)CC1,1,CHEMBL4797232
CHEMBL4776389,COc1cccc(C(=O)N2CCN(CC(=O)N3CCN(CCCc4c[nH]c5ccc(F)cc45)CC3)CC2)c1,1,CHEMBL4776389
CHEMBL4786300,O=C(CN1CCN(C(=O)c2cccc(Br)c2)CC1)N1CCN(CCCc2c[nH]c3ccc(F)cc23)CC1,1,CHEMBL4786300
CHEMBL4874244,CC1=CC2Cc3nc4cc(Cl)ccc4c(NCCCCCNC(=O)[C@@H](N)Cc4c[nH]c5ccccc45)c3C(C1)C2,0,CHEMBL4874244
CHEMBL239400,O=C(c1ccccc1)N1c2ccccc2Sc2ccccc21,1,CHEMBL239400
CHEMBL3786447,CN1Cc2cc(O)ccc2N(C)C1c1ccncc1,1,CHEMBL3786447
CHEMBL3122166,CCOC(=O)c1ccc2nc(-c3cccnc3)c3c(c2c1)NCCC3,1,CHEMBL3122166
CHEMBL3122150,CCNCc1ccc2nc(-c3ccc(Cl)cc3)c3c(c2c1)N(Cc1ccccc1)CCC3,0,CHEMBL3122150
CHEMBL4102571,CCOC(=O)CC[C@@H](NC(=O)OCc1ccccc1)C(=O)NCCC1CCN(Cc2ccccc2)CC1,1,CHEMBL4102571
CHEMBL5265846,CCN(C)C(=O)Oc1ccc2c(c1)C=CC(C)N(C)C2CCOc1ccc([N+](=O)[O-])cc1,0,CHEMBL5265846
CHEMBL5280435,COc1ccc2c(c1)c(C=O)cn2CCCCCCCCN(C)Cc1ccc(O)cc1,1,CHEMBL5280435
CHEMBL5410208,C#CCN(C)C(=O)Oc1ccc2c(CN(C)CCC3CCCCCC3)c[nH]c2c1,1,CHEMBL5410208
CHEMBL5198724,Cc1ccc2nc3c(c(NCCN4CCN(Cc5ccccc5)CC4)c2c1)CCCC3,1,CHEMBL5198724
CHEMBL5283557,O=C1CC2CCc3ccsc3C2=NN1Cc1ccc(CN2CCN(Cc3ccccc3)CC2)cc1,1,CHEMBL5283557
CHEMBL4747577,COc1ccc2cc3[n+](cc2c1OCc1ccc2ccccc2c1)CCc1cc2c(cc1-3)OCO2,1,CHEMBL4747577
CHEMBL4759253,NC(=O)c1sc(-c2ccnc(NC(=O)C3CC3)c2)nc1OCCC1CCN(Cc2ccccc2F)CC1,1,CHEMBL4759253
CHEMBL140241,CO[C@H]1CC[C@@]2(C)C(=CC[C@@H]3[C@@H]2CC[C@]2(C)C([C@H](C)N(C)C=O)=CC[C@@H]32)C1,1,CHEMBL140241
CHEMBL5279434,CC1=C(CO[C@@H]2O[C@H](CO[C@@H]3O[C@H](CO)[C@@H](O)[C@H](O)[C@H]3O)[C@@H](O)[C@H](O)[C@H]2O)C(C)(C)CCC1,1,CHEMBL5279434
CHEMBL2297278,COc1cc(O)c(-c2cc(=O)c3c(O)cc(O)cc3o2)cc1C/C=C(\C)CCC=C(C)C,1,CHEMBL2297278
CHEMBL31574,O=c1c(O)c(-c2ccc(O)c(O)c2)oc2cc(O)ccc12,0,CHEMBL31574
CHEMBL5272095,O=C1/C(=C/c2ccc(OCCN3CCCC3)cc2)Oc2ccccc21,0,CHEMBL5272095
CHEMBL5174183,O=C(CN1CCN(Cc2ccccc2)CC1)Nc1n[nH]c2ncccc12,0,CHEMBL5174183
CHEMBL5183077,O=C(CCN1CCN(c2ccccc2)CC1)Nc1n[nH]c2ncccc12,0,CHEMBL5183077
CHEMBL1783527,CC(C)C1=N[C@H]2CC[C@]34C[C@]35C(=O)C[C@]3(C)[C@@H]([C@H](C)N(C)CCCc6ccccc6)[C@H](O)C[C@@]3(C)[C@@H]5CC[C@H]4[C@]2(C)CS1,0,CHEMBL1783527
CHEMBL5570038,Cc1ccc(Oc2ccc3nc4c(c(N)c3c2)CCCC4)cc1,1,CHEMBL5570038
CHEMBL5190569,COc1cc(/C=C/c2nnc(-c3ccc(C(F)(F)F)cc3)o2)ccc1O,0,CHEMBL5190569
CHEMBL5206198,CCN(CC)Cc1ccc(C=C2Cc3cc(OC)c(OC)cc3C2=O)cc1,0,CHEMBL5206198
CHEMBL5197114,Cc1ccc2nc3c(c(N4CCCCC4)c2c1)CCCC3,0,CHEMBL5197114
CHEMBL5203109,Cc1ccc2nc3c(c(N4CCN(C)CC4)c2c1)CCCC3,0,CHEMBL5203109
CHEMBL5184869,Cc1ccc2nc3c(c(N4CCN(c5c6c(nc7ccc(C)cc57)CCCC6)CC4)c2c1)CCCC3,0,CHEMBL5184869
CHEMBL1084784,CN(C)C(=O)Oc1ccc(-c2cn3ccccc3[n+]2C)cc1,1,CHEMBL1084784
CHEMBL1084366,CCCCCCNC(=O)Oc1cccc(CN(C)CCCOc2ccc3c(=O)cc(-c4ccccc4)oc3c2)c1,0,CHEMBL1084366
CHEMBL1085275,c1ccc(-c2ccc(NCCN3CCc4ccccc4C3)nn2)cc1,1,CHEMBL1085275
CHEMBL1083054,c1ccc(-c2ccc(NCCCCCN3Cc4ccccc4CN3)nn2)cc1,1,CHEMBL1083054
CHEMBL1086185,CN(CCNc1ccc(-c2ccccc2)nn1)Cc1ccccc1,1,CHEMBL1086185
CHEMBL118033,COc1ccc2c(c1)CCc1c-2nc2ccccc2c1N,1,CHEMBL118033
CHEMBL332454,Nc1c2c(nc3ccccc13)-c1ccccc1CCC2,1,CHEMBL332454
CHEMBL118139,Nc1c2c(nc3ccccc13)CCCc1ccccc1-2,1,CHEMBL118139
CHEMBL276076,Cc1c(C)c2ccc(OCc3ccc(F)cc3)cc2oc1=O,1,CHEMBL276076
CHEMBL130363,Cc1cc(C)c(NC(=O)Oc2ccc3c(c2)[C@]2(C)CCN(C)[C@@H]2N3C)c(C)c1,1,CHEMBL130363
CHEMBL1082081,CCCCCCOC(=O)[C@H](CCC(=O)NCCC1CCN(Cc2ccccc2)CC1)NC(=O)OC(C)(C)C,0,CHEMBL1082081
CHEMBL1076260,CCCCCCOC(=O)[C@H](CCC(=O)NCCC1CCN(Cc2ccccc2)CC1)NC(=O)c1cc2cccnc2s1,0,CHEMBL1076260
CHEMBL5440735,CC(C)N(C)C(=O)Oc1cccc2c(CN(C)CCC3CCCCCC3)c[nH]c12,1,CHEMBL5440735
CHEMBL5421196,CCN(CC)C(=O)c1ccc2c(c1)nc(Cc1ccc(OC(=O)NC)cc1)n2CCC(C)C,1,CHEMBL5421196
CHEMBL5425753,CCN(CC)C(=O)c1ccc2c(c1)nc(Cc1ccc(OC(=O)NCc3ccccc3)cc1)n2CCC(C)C,1,CHEMBL5425753
CHEMBL5429476,CCOc1ccc(Cc2nc3cc(O)ccc3n2CCC(C)C)cc1,1,CHEMBL5429476
CHEMBL5421463,CCCN(C)C(=O)Oc1ccc(Cc2nc3cc(C(=O)N(CC)CC)ccc3n2CCC(C)C)cc1,1,CHEMBL5421463
CHEMBL604096,COc1cc2c(cc1OC)C(=O)/C(=C/c1ccc(CN(C)Cc3ccccc3)cc1)CC2,0,CHEMBL604096
CHEMBL598824,CCN(CC)CCCCCCCOc1ccc2c(c1)C(=O)/C(=C/c1ccc(CN(C)Cc3ccccc3)cc1)C2,0,CHEMBL598824
CHEMBL597001,CCN(CC)CCCOc1ccc2c(c1)C/C(=C\c1ccc(CN(C)Cc3ccccc3)cc1)C2=O,1,CHEMBL597001
CHEMBL604715,CCN(CC)CCOc1ccc2c(c1)C/C(=C\c1ccc(CN(C)Cc3ccccc3)cc1)C2=O,1,CHEMBL604715
CHEMBL610779,COc1ccc2c(c1)C(=O)/C(=C/c1ccc(CN(C)Cc3ccccc3)cc1)C2,0,CHEMBL610779
CHEMBL610219,COc1ccc2c(c1)C/C(=C\c1ccc(CN(C)Cc3ccccc3)cc1)C2=O,1,CHEMBL610219
CHEMBL58122,Nc1c2c(nc3cc([N+](=O)[O-])ccc13)-c1ccccc1C2,1,CHEMBL58122
CHEMBL4783379,C#CCN1CCCC(COC(=O)Nc2ccccc2)C1,1,CHEMBL4783379
CHEMBL4780895,C#CCN1CCCC(OC(=O)Nc2ccccc2)C1,1,CHEMBL4780895
CHEMBL4799313,CCN(C)C(=O)OCC1CCN(Cc2ccccc2)CC1,1,CHEMBL4799313
CHEMBL4787011,CC(C)c1ccc(NC(=O)OCC2CCN(C3Cc4ccccc4C3)CC2)cc1,1,CHEMBL4787011
CHEMBL4781081,O=C(Nc1ccccc1)OCC1CCN(Cc2ccccc2)CC1,1,CHEMBL4781081
CHEMBL4529341,OCC1CCN(Cc2ccccc2)CC1,1,CHEMBL4529341
CHEMBL4779393,OC1CCN(C2Cc3ccccc3C2)CC1,1,CHEMBL4779393
CHEMBL59730,Nc1c2c(nc3cc(Cl)ccc13)-c1ccccc1C2,1,CHEMBL59730
CHEMBL511468,COc1ccc(C(=O)c2ccc(CN(CCO)Cc3ccccc3)cc2)cc1OC,1,CHEMBL511468
CHEMBL558598,Cc1c(C(=O)NN2CCCCC2)nn(-c2ccc(Cl)cc2Cl)c1-c1ccc(Cl)cc1,1,CHEMBL558598
CHEMBL4160790,O=C(Nc1cc(Cl)nc(Cl)c1)OCCCCCCNCc1ccccc1,0,CHEMBL4160790
CHEMBL4538834,c1ccc(CCCCN2CCCc3[nH]c4ccccc4c3C2)cc1,1,CHEMBL4538834
CHEMBL4536838,COc1ccc2[nH]cc(CCNC(=O)CN(CCC3CCN(Cc4ccccc4)CC3)C(=O)/C=C/c3ccc(O)c(OC)c3)c2c1,0,CHEMBL4536838
CHEMBL4473727,O=C(CNc1ccc2oc(=O)ccc2c1)N1CCOCC1,0,CHEMBL4473727
CHEMBL4441237,CN(C)c1ccc(/C=N/c2ccc3oc(=O)ccc3c2)cc1,0,CHEMBL4441237
CHEMBL5559310,COc1cc2ncnc(N3CCN(c4ccccn4)CC3)c2cc1OC,1,CHEMBL5559310
CHEMBL5559245,COc1cc2ncnc(N3CCN(Cc4ccc(Cl)cc4)CC3)c2cc1OC,0,CHEMBL5559245
CHEMBL5532614,COc1cc2ncnc(N3CCN(c4ccccc4[N+](=O)[O-])CC3)c2cc1OC,0,CHEMBL5532614
CHEMBL4791528,O=c1c(-c2ccc(OCCCCN3CCc4ccccc4C3)cc2)coc2cc(OCCCCN3CCc4ccccc4C3)cc(O)c12,1,CHEMBL4791528
CHEMBL4061746,CC(=O)Nc1nc(NCc2ccccc2)c2ccccc2n1,1,CHEMBL4061746
CHEMBL4175003,COc1ccc(C(=O)CCc2cc[n+](Cc3ccccc3C(F)(F)F)cc2C#N)cc1OC,0,CHEMBL4175003
CHEMBL4553968,CN1c2ccc(OC(=O)NCCCCCCN3CCCCC3)cc2CN2CCc3ccccc3C21,1,CHEMBL4553968
CHEMBL4762721,c1ccc(-c2nnc(Nc3ncccn3)o2)cc1,1,CHEMBL4762721
CHEMBL4277357,O=C(COc1ccc(-c2ccccc2)cc1)NCCCN1CCCCC1,1,CHEMBL4277357
CHEMBL4516508,Fc1ccc(CN2CCC(Nc3nc(-c4ccc(Cl)cc4)c(-c4ccc(Cl)cc4)s3)CC2)c(Cl)c1,0,CHEMBL4516508
CHEMBL4551316,COc1ccc(CN2CCC(Nc3nc(-c4ccc(Cl)cc4)c(-c4ccc(Cl)cc4)s3)CC2)cc1,1,CHEMBL4551316
CHEMBL4548499,O=C(Nc1nc(-c2ccc(Cl)cc2)c(-c2ccc(Cl)cc2)s1)C1CCN(Cc2ccc(OC(F)(F)F)cc2)CC1,1,CHEMBL4548499
CHEMBL4570655,Cc1ccc(-c2nc(NC(=O)C3CCN(Cc4ccccc4C)CC3)sc2-c2ccc(C)cc2)cc1,1,CHEMBL4570655
CHEMBL4204901,COc1ccc(Cn2cc(C(=O)NCCCCCCCCNc3c4c(nc5ccccc35)CCCC4)c(=O)c3ccccc32)cc1,0,CHEMBL4204901
CHEMBL4206484,COc1ccc(Cn2cc(C(=O)NCCCCCCNc3c4c(nc5ccccc35)CCCC4)c(=O)c3ccccc32)cc1,0,CHEMBL4206484
CHEMBL4209755,COc1ccc(Cn2cc(C(=O)NCCCCNc3c4c(nc5ccccc35)CCCC4)c(=O)c3ccccc32)cc1,0,CHEMBL4209755
CHEMBL4204913,COc1ccc(Cn2cc(C(=O)NCCCCCNc3c4c(nc5ccc(OC)cc35)CCCC4)c(=O)c3ccccc32)cc1,1,CHEMBL4204913
CHEMBL212526,CCC[C@H](CC1(C(=O)NC2(CO)Cc3ccccc3C2)CCCC1)C(=O)O,1,CHEMBL212526
CHEMBL378762,CCC[C@H](CC1(C(=O)Nc2nnc(C)s2)CCCC1)C(=O)O,1,CHEMBL378762
CHEMBL213861,CCCC(CC1(C(=O)N[C@@H]2CC[C@H](C(N)=O)C2)CCCC1)C(=O)O,1,CHEMBL213861
CHEMBL213240,CCCC(CC1(C(=O)N[C@H]2CC[C@@H](C(=O)N(C)C)CC2)CCCC1)C(=O)O,1,CHEMBL213240
CHEMBL213404,CCCC(CC1(C(=O)N[C@@H]2CCCC[C@@H]2Cc2ccccc2)CCCC1)C(=O)O,1,CHEMBL213404
CHEMBL212771,CCCC(CC1(C(=O)Nc2cc(Cc3ccccc3)ccn2)CCCC1)C(=O)O,1,CHEMBL212771
CHEMBL4080726,CCN(CC)c1ccc(-c2c3ccccc3[n+](C)c3ccccc23)cc1,1,CHEMBL4080726
CHEMBL4212713,C=CCNCC(=O)Nc1ccc2nc3n(c(=O)c2c1)CCC3,0,CHEMBL4212713
CHEMBL4289362,C[C@@H]1C[C@H]2CC(=O)[C@H]3CCC[N+]4([O-])CCC[C@]2(O)[C@]34C1,0,CHEMBL4289362
CHEMBL300808,CC(C)c1ccc(NC(=O)Oc2ccc3c(c2)[C@]2(C)CCN(Cc4ccccc4)C2N3Cc2ccccc2)cc1,1,CHEMBL300808
CHEMBL271385,CC(C)(C)C(=O)NCCCCNc1c2c(nc3ccccc13)CCCC2,0,CHEMBL271385
CHEMBL4874487,COc1ccc(CN2CCC(c3oc4ccccc4c3C(=O)c3ccc(OC)c(OC)c3)CC2)cc1OC,1,CHEMBL4874487
CHEMBL4875517,Fc1ccc(CN2CCC(c3cc4ccccc4o3)CC2)cc1,1,CHEMBL4875517
CHEMBL4070380,NC(=O)Nc1nc(NCCc2ccccc2)c2ccccc2n1,1,CHEMBL4070380
CHEMBL4067481,c1ccc(CNc2nc(NC3CC3)nc3ccccc23)cc1,1,CHEMBL4067481
CHEMBL4102655,CCCNc1nc(NCCc2ccc(OC)c(OC)c2)c2ccccc2n1,1,CHEMBL4102655
CHEMBL474268,Clc1ccc2c(NCCCNCCCCCCOc3cccc4[nH]c5ccccc5c34)c3c(nc2c1)CCCC3,0,CHEMBL474268
CHEMBL4792240,O=c1cc(-c2ccc(OCCCCN3CCc4ccccc4C3)cc2)oc2cc(OCCCCN3CCc4ccccc4C3)cc(O)c12,0,CHEMBL4792240
CHEMBL4782832,CCN(CC)CCCCOc1ccc(/C=C/C(=O)c2c(O)cc(OCCCCN(CC)CC)cc2O)cc1,1,CHEMBL4782832
CHEMBL4865615,O=C(NCC1CCN(Cc2ccc(F)c(F)c2)CC1)c1cncc(NC(=O)c2ccnc(NC(=O)C3CC3)c2)c1,1,CHEMBL4865615
CHEMBL4081805,COc1cc2c(cc1OC)C(=O)/C(=C/c1ccc(CN3CCN(C)CC3)c(O)c1)O2,1,CHEMBL4081805
CHEMBL4100253,CN(C)CCNC(=S)Nc1ccccc1Cl,1,CHEMBL4100253
CHEMBL1814731,O=C(NCCCCNc1c2c(nc3ccccc13)CCCC2)c1ccc(F)cc1,0,CHEMBL1814731
CHEMBL3621322,CC[N+](CC)(CCCCCn1c(C)cc(=O)n(CCCCC[N+](CC)(CC)Cc2ccccc2[N+](=O)[O-])c1=O)Cc1ccccc1[N+](=O)[O-],0,CHEMBL3621322
CHEMBL4798336,C=CC[N+]1(C)CCN(c2ccc(/C=C3\Cc4cc(OC)c(OC)cc4C3=O)cc2)CC1,0,CHEMBL4798336
CHEMBL3621334,CC[N+]1(Cc2ccccc2[N+](=O)[O-])CCCCCn2c(C)cc(=O)n(c2=O)CCCCC[N+](CC)(Cc2ccccc2[N+](=O)[O-])CCCCCn2c(=O)cc(C)n(c2=O)CCCCC1,0,CHEMBL3621334
CHEMBL4447514,Oc1ccccc1CNC1CCN(Cc2ccccc2)CC1,1,CHEMBL4447514
CHEMBL4467620,Oc1ccccc1/C=N/C1CCN(Cc2ccccc2)CC1,1,CHEMBL4467620
CHEMBL4294783,COc1cc2oc(C(=O)NCCCC3CCN(Cc4ccccc4)CC3)cc(=O)c2cc1OC,0,CHEMBL4294783
CHEMBL592856,COP1(=O)CCCC(CO)=C(C)O1,1,CHEMBL592856
CHEMBL5415364,O/N=C/c1cc(Cl)cc(CN2CCN(c3ccccc3)CC2)c1O,1,CHEMBL5415364
CHEMBL4778990,O=c1ccoc2ccc(OCCCCCN3CCCC3)cc12,1,CHEMBL4778990
CHEMBL4780352,COc1cc2c(cc1OC)C(=O)/C(=C/c1ccc(OCCCCN[N+]3(C)CCN(c4ccc(/C=C5\Cc6cc(OC)c(OC)cc6C5=O)cc4)CC3)cc1)C2,0,CHEMBL4780352
CHEMBL4555730,COc1ccc(-c2nc(NC3CCN(Cc4ccc(C)cc4)CC3)sc2-c2ccc(OC)cc2)cc1,0,CHEMBL4555730
CHEMBL4559797,COc1ccc(-c2nc(NCC3CCN(Cc4c(F)cccc4Cl)CC3)sc2-c2ccc(OC)cc2)cc1,0,CHEMBL4559797
CHEMBL4533530,Fc1ccc(CN2CCC(CNc3nc(-c4ccc(Cl)cc4)c(-c4ccc(Cl)cc4)s3)CC2)c(C(F)(F)F)c1,1,CHEMBL4533530
CHEMBL4549453,Cc1ccc(-c2nc(NCC3CCN(Cc4ccc(F)cc4)CC3)sc2-c2ccc(C)cc2)cc1,0,CHEMBL4549453
CHEMBL4532372,Cc1ccc(-c2nc(NCC3CCN(Cc4ccccc4C(F)(F)F)CC3)sc2-c2ccc(C)cc2)cc1,0,CHEMBL4532372
CHEMBL5419243,CC[N+](CC)(CCCCCn1c(=O)cc(C)n(CCCCCCn2c(C)cc(=O)n(C)c2=O)c1=O)Cc1ccccc1C(F)(F)F,0,CHEMBL5419243
CHEMBL5424891,COc1cccc(C2c3c(nc(C)[nH]c3=O)Oc3c2n(C(C)=O)c2ccccc32)c1,1,CHEMBL5424891
CHEMBL5405929,CCN(CC)C(=O)Oc1cccc2c(CN(C)CCC3CCCCCC3)c[nH]c12,1,CHEMBL5405929
CHEMBL5440621,CN(C)CCCN1C(=O)CSC1c1ccc(Cl)cc1,1,CHEMBL5440621
CHEMBL5401085,CN(C)CCCN1C(=O)CSC1c1cccc(Cl)c1Cl,1,CHEMBL5401085
CHEMBL2147462,CN(C)c1ccccc1CNCCCCCCCCCNc1c2c(nc3ccccc13)CCCC2,0,CHEMBL2147462
CHEMBL2147461,CN(C)c1ccccc1CNCCCCCCCCNc1c2c(nc3ccccc13)CCCC2,0,CHEMBL2147461
CHEMBL5590122,CN(Cc1ccc(COc2ccc3c(CO)cc(=O)oc3c2)cc1)Cc1ccsc1,0,CHEMBL5590122
CHEMBL5569594,CN(CCc1ccsc1)Cc1ccc(COc2ccc3c(CO)cc(=O)oc3c2)cc1,1,CHEMBL5569594
CHEMBL5427350,COc1cc(O)cc2c1-c1c3c(cc4c1[C@@H](C2)N(C)CC4)OCO3,1,CHEMBL5427350
CHEMBL5411734,COc1cc(O)c2c(c1)C[C@@H]1c3c(cc4c(c3-2)OCO4)CCN1C,1,CHEMBL5411734
CHEMBL4466652,COc1cc2oc(-c3ccc(NCCCNc4c5c(nc6cc(Cl)ccc46)CCCC5)cc3)cc(=O)c2c(OC)c1OC,0,CHEMBL4466652
CHEMBL4556734,O=C(CCCCCCCNc1c2c(nc3ccccc13)CCCC2)NCCc1c[nH]c2ccccc12,0,CHEMBL4556734
CHEMBL4590945,O=C(CCCCCCCNc1c2c(nc3cc(Cl)cc(Cl)c13)CCCC2)NCCc1c[nH]c2ccccc12,0,CHEMBL4590945
CHEMBL269538,COc1ccc2c(c1)[nH]c1c(C)nccc12,1,CHEMBL269538
CHEMBL4451686,O=C1N/C(=N\c2ccc3oc(=O)ccc3c2)S/C1=C/c1ccccc1,0,CHEMBL4451686
CHEMBL4467130,O=C(CNc1ccc2oc(=O)ccc2c1)N1CCN(c2ccccc2)CC1,0,CHEMBL4467130
CHEMBL4520782,COc1ccc(/C=N/c2ccc3oc(=O)ccc3c2)cc1,0,CHEMBL4520782
CHEMBL5290626,O=c1ccoc2ccc(Oc3ccccc3)cc12,1,CHEMBL5290626
CHEMBL1957115,COc1ccc2c(c1)[nH]c1c(C(C)=O)nccc12,1,CHEMBL1957115
CHEMBL5288400,COc1ccc2c3c([nH]c2c1N)C(C)NCC3,1,CHEMBL5288400
CHEMBL5266191,O=C1C2Cc3c([nH]c4ccccc34)[C@@H](c3ccc4c(c3)OCO4)N2C(=O)CN1CCC1CCN(Cc2ccccc2)CC1,0,CHEMBL5266191
CHEMBL5286146,C=C[C@H]1[C@@H](/C(=C/O)C(=O)OC)C[C@H]2c3[nH]c4ccccc4c3CCN2[C@H]1O[C@@H]1O[C@H](CO)[C@@H](O)[C@H](O)[C@H]1O,1,CHEMBL5286146
CHEMBL5287353,CC(C)=CCCC1(C)C=Cc2c(ccc3cc(-c4cc(O)cc(O)c4CC=C(C)C)oc23)O1,1,CHEMBL5287353
CHEMBL4089910,Cc1cc2c(c(C)c1CCO[C@@H]1O[C@H](CO)[C@@H](O)[C@H](O)[C@H]1O)C(=O)[C@H](C)C2,1,CHEMBL4089910
CHEMBL5287890,Cc1cc2c(c(C)c1CCO[C@@H]1O[C@H](CO)[C@@H](O)[C@H](O)[C@H]1O)C(=O)[C@@H](C)[C@H]2O,1,CHEMBL5287890
CHEMBL5274465,O=c1c(O)c(-c2ccc(Cl)cc2)oc2cc(F)c(I)cc12,0,CHEMBL5274465
CHEMBL3215770,O=C(NCCCCCCCCCCNc1c2c(nc3cc(Cl)ccc13)CCCC2)c1ccc2nc(-c3ccc(Cl)cc3)c3c(c2c1)OCCC3,0,CHEMBL3215770
CHEMBL3215768,O=C(NCCCCCCCCNc1c2c(nc3cc(Cl)ccc13)CCCC2)c1ccc2nc(-c3ccc(Cl)cc3)c3c(c2c1)OCCC3,0,CHEMBL1196204;CHEMBL3215768
CHEMBL4634465,COc1c2c(cc3c1OCO3)[C@]13C=C[C@H](OC)C[C@@H]1[N@](C2)C[C@H]3OC(=O)c1ccccc1[N+](=O)[O-],1,CHEMBL4634465
CHEMBL4638682,COc1c2c(cc3c1OCO3)[C@]13C=C[C@H](OC)C[C@@H]1[N@](C2)C[C@H]3OC(=O)c1ccc(C)cc1,1,CHEMBL4638682
CHEMBL4640945,COc1c2c(cc3c1OCO3)[C@]13C=C[C@H](OC)C[C@@H]1[N@](C2)C[C@H]3OC(=O)c1ccccc1C,1,CHEMBL4640945
CHEMBL401114,CO[C@@H]1C=C[C@@]23c4cc5c(cc4CN(C[C@@H]2O)[C@H]3C1)OCO5,1,CHEMBL401114
CHEMBL4852686,COc1ccc2[nH]cc(CCNC(=O)Cn3cc(CCCCN4CC[C@@]56C=C[C@H](O)C[C@@H]5Oc5c(OC)ccc(c56)C4)nn3)c2c1,0,CHEMBL4852686
CHEMBL2396909,NCCNc1nc2ccccc2[nH]1,1,CHEMBL2396909
CHEMBL2441685,COc1cccc[n+]1C,1,CHEMBL2441685
CHEMBL5287537,Cc1ccc(-[n+]2ccc3c4ccccc4n(C)c3c2)cc1,0,CHEMBL5287537
CHEMBL4796540,COc1cccc2cc[n+](-c3ccc(F)cc3)cc12,0,CHEMBL4796540
CHEMBL4789238,COc1cccc2cc[n+](-c3ccc(Br)cc3Br)cc12,0,CHEMBL4789238
CHEMBL4776809,COc1cccc2cc[n+](-c3ccc(Br)cc3F)cc12,0,CHEMBL4776809
CHEMBL3892652,COc1cccc2c1C=[N+](c1ccc(F)cc1)CC2,1,CHEMBL3892652
CHEMBL3897479,COc1cccc2c1C=[N+](c1ccccc1C)CC2,1,CHEMBL3897479
CHEMBL4756674,Cc1cccc(/C=N\C2CCN(Cc3ccccc3)C2)c1,1,CHEMBL4756674
CHEMBL4764465,Oc1ccc(CNC2CCN(Cc3ccccc3)C2)cc1,1,CHEMBL4764465
CHEMBL4746403,CCCNC(=O)c1sc(-c2ccnc(NC(=O)CNCCNc3c4c(nc5ccccc35)CCCC4)c2)nc1OCC1CC1,0,CHEMBL4746403
CHEMBL4749327,CNC(=O)c1sc(-c2ccnc(NC(=O)CNCCNc3c4c(nc5ccccc35)CCCC4)c2)nc1OC,0,CHEMBL4749327
CHEMBL4174963,CO[C@@H]1C=C[C@@]23c4cc5c(cc4CN(C)[C@@H]2C(=O)N(C)[C@H]3C1)OCO5,1,CHEMBL4174963
CHEMBL4162452,CO[C@@H]1C=C[C@@]2(CN(CCC(C)C)Cc3cc4c(cc32)OCO4)[C@@H](N(C)C=O)C1,1,CHEMBL4162452
CHEMBL4162043,CO[C@@H]1C=C[C@@]23c4cc5c(cc4C[N@@+]([O-])(CCc4ccccc4)[C@@H]2C(=O)N(C)[C@H]3C1)OCO5,1,CHEMBL4162043
CHEMBL3827575,NC(=O)c1cc[n+](CC[n+]2cccc(NC(=O)/C=N\O)c2)cc1,1,CHEMBL3827575
CHEMBL4800260,COc1cc2c(cc1OC)C(=O)/C(=C/c1ccc(N3CC[N+](C)(Cc4ccccc4)CC3)cc1)C2,0,CHEMBL4800260
CHEMBL4778690,COc1cc2c(cc1OC)C(=O)/C(=C/c1ccc(N3CC[N+](C)(Cc4cccc(Br)c4)CC3)cc1)C2,1,CHEMBL4778690
CHEMBL4217660,COc1ccc(Cn2cc(C(=O)NCCCCCNc3c4c(nc5cc(Cl)ccc35)CCCC4)c(=O)c3ccccc32)cc1,0,CHEMBL4217660
CHEMBL4215154,COc1ccc(Cn2cc(C(=O)NCCCCNc3c4c(nc5cc(Cl)ccc35)CCCC4)c(=O)c3ccccc32)cc1,0,CHEMBL4215154
CHEMBL4215217,COc1ccc(Cn2cc(C(=O)NCCNc3c4c(nc5cc(Cl)ccc35)CCCC4)c(=O)c3ccccc32)cc1,0,CHEMBL4215217
CHEMBL4214668,COc1ccc(Cn2cc(C(=O)NCCCNc3c4c(nc5ccccc35)CCCC4)c(=O)c3ccccc32)cc1,0,CHEMBL4214668
CHEMBL4217617,COc1ccc(Cn2cc(C(=O)NCCCCCCCNc3c4c(nc5ccc(OC)cc35)CCCC4)c(=O)c3ccccc32)cc1,1,CHEMBL4217617
CHEMBL4212151,COc1ccc(Cn2cc(C(=O)NCCNc3c4c(nc5ccc(OC)cc35)CCCC4)c(=O)c3ccccc32)cc1,1,CHEMBL4212151
CHEMBL4125708,C=C(C)[C@H](O)CC[C@]1(C)[C@@H](CC=C(C)C)C[C@@]2(CC=C(C)C)C(=O)[C@]1(C(=O)C(C)C)C(=O)C1=C2O[C@H](C(C)(C)O)C1,1,CHEMBL4125708
CHEMBL4089264,CCN(CCCCCCN1C(=O)c2ccccc2C1=O)Cc1ccccc1OC,0,CHEMBL4089264
CHEMBL4102333,COc1cc2c(cc1OC)C(=O)C(Cc1cc[n+](Cc3cccc(Cl)c3)cc1C(C)=O)C2,0,CHEMBL4102333
CHEMBL4060011,COc1cc2c(cc1OC)C(=O)C(Cc1cc[n+](Cc3ccccc3)cc1C(C)=O)C2,0,CHEMBL4060011
CHEMBL3322161,O=C(Cc1cc(=O)oc2cc(O)ccc12)NNC(=S)Nc1c2c(nc3ccccc13)CCCC2,1,CHEMBL3322161
CHEMBL5087646,O=C(O)c1c(O)cccc1CCCCCCCCNc1c2c(nc3ccccc13)CCCC2,0,CHEMBL5087646
CHEMBL3582213,N#Cc1cc2c(cn1)[nH]c1ncc(-c3ccc(CN4CCCCC4)nc3)cc12,0,CHEMBL3582213
CHEMBL3582227,Cn1cc(-c2cc3c(cn2)[nH]c2ncc(-c4ccc(CN5CCCCC5)cc4)cc23)cn1,0,CHEMBL3582227
CHEMBL4100639,COc1cc2c(cc1OC)C(c1ccccc1)N(Cc1ccc(O)c(/C=N/O)c1)CC2,1,CHEMBL4100639
CHEMBL4794208,COc1cc2c(cc1OC)C(=O)/C(=C/c1ccc(N3CC[N+](C)(Cc4ccccc4Br)CC3)cc1)C2,0,CHEMBL4794208
CHEMBL4791075,COc1cc2c(cc1OC)C(=O)/C(=C/c1ccc(N3CC[N+](C)(Cc4cccc(Cl)c4)CC3)cc1)C2,0,CHEMBL4791075
CHEMBL5400593,C#CCCCN(C)C(=O)Oc1cccc2c(CN(C)CCC3CCCCCC3)c[nH]c12,1,CHEMBL5400593
CHEMBL4287970,COc1cc2oc(C(=O)NCCC3CCN(Cc4ccccc4)CC3)cc(=O)c2cc1OC,0,CHEMBL4287970
CHEMBL5273857,COc1cc2c(cc1OC)C(=O)[C@]1(C2)[C@H](c2cccc([N+](=O)[O-])c2)[C@H](Cc2c[nH]c3ccccc23)NC12C(=O)Nc1ccccc12,1,CHEMBL5273857
CHEMBL4800002,CCOC(=O)c1c(C)nc(N2CCN(S(=O)(=O)c3ccc(N)c(Cl)c3)CC2)nc1-c1ccc(OC)c(OC)c1,0,CHEMBL4800002
CHEMBL4294389,COc1ccc(NC(=O)c2cc(=O)c3cc(/C=C/C(=O)O)ccc3o2)cc1,1,CHEMBL4294389
CHEMBL4294028,CCN(CC)CCOC(=O)/C=C/c1ccc2occ(C(=O)Nc3ccc(Cl)cc3)c(=O)c2c1,1,CHEMBL4294028
CHEMBL4278883,CCN(CC)CCOC(=O)/C=C/c1ccc2occ(C(=O)Nc3ccc(C)cc3)c(=O)c2c1,1,CHEMBL4278883
CHEMBL4292235,Cc1ccc(NC(=O)c2cc(=O)c3cc(/C=C/C(=O)OCCN(C)C)ccc3o2)cc1,0,CHEMBL4292235
CHEMBL4445553,O=C(c1cccc(Cl)c1Cl)n1nc(OCCN2CCCCC2)c2ccccc21,1,CHEMBL4445553
CHEMBL4460528,COc1ccc(CC(=O)n2nc(OCCCN3CCCCC3)c3ccccc32)cc1,1,CHEMBL4460528
CHEMBL3965046,CCN1CCN(C2CCN(C(=O)COc3ccc(-c4ccccc4)cc3)CC2)CC1,1,CHEMBL3965046
CHEMBL4291845,CCN1CCN(C2CCN(C(=O)COc3ccc(-c4ccc([N+](=O)[O-])cc4)cc3)CC2)CC1,1,CHEMBL4291845
CHEMBL4743210,COc1cc(CNC(=O)CCCCNc2c3c(nc4cc(Cl)ccc24)CC2C=C(C)CC3C2)ccc1O,0,CHEMBL4743210
CHEMBL4591417,Cc1cc(Nc2nccc(-c3sc(C4CCNCC4)nc3-c3ccc(F)cc3)n2)ccn1,0,CHEMBL4591417
CHEMBL4442580,O=[N+]([O-])c1ccc(CNC2CCN(Cc3ccccc3)CC2)cc1,0,CHEMBL4442580
CHEMBL4591283,COc1cc(CNC2CCN(Cc3ccccc3)CC2)cc(OC)c1OC,1,CHEMBL4591283
CHEMBL4066548,COc1cc2c(cc1OC)C(=O)C(Cc1cc[n+](Cc3ccccc3Cl)cc1C(C)=O)C2,0,CHEMBL4066548
CHEMBL462946,O=C1C=C2S[C@H]3C[C@]2(C=C1Br)C1=C(N3)C(=O)c2[nH]cc3c2C1=NCC3,1,CHEMBL462946
CHEMBL4095032,Cc1cc2nc3c(nc2cc1C)C1(C(C#N)=C(N)N(Cc2ccccc2)C(NCc2ccccc2)=C1[N+](=O)[O-])c1ccccc1-3,1,CHEMBL4095032
CHEMBL4060800,N#CC1=C(N)N(Cc2ccccc2)C(NCc2ccccc2)=C([N+](=O)[O-])C12c1ccccc1-c1nc3ccc([N+](=O)[O-])cc3nc12,1,CHEMBL4060800
CHEMBL3818689,COc1ccc(/C=C/C(=O)NCCC2CCN(Cc3ccccc3)CC2)cc1OC,0,CHEMBL3818689
CHEMBL3632993,Cc1c(C)c2c(c(C)c1O)CCC(C)(C(=O)NCCCCCCCNc1c3c(nc4cc(Cl)ccc14)CCCC3)O2,0,CHEMBL3632993
CHEMBL4777926,CNC(=O)c1sc(-c2ccnc(NC(=O)C3CC3)c2)nc1OCCOCc1cn(-c2c3c(nc4ccccc24)CCCC3)nn1,1,CHEMBL4777926
CHEMBL4759230,CNC(=O)c1sc(-c2ccnc(NC(=O)CNCCNc3c4c(nc5ccccc35)CCCC4)c2)nc1OCC(C)(C)C,0,CHEMBL4759230
CHEMBL4866150,O=C(NCC1CCN(Cc2cccc(F)c2)CC1)c1cncc(NC(=O)c2ccnc(NC(=O)C3CC3)c2)c1,1,CHEMBL4866150
CHEMBL3753706,O=C(NCCCCCCNc1c2c(nc3ccccc13)CCCCC2)c1cc2ccccc2o1,0,CHEMBL3753706
CHEMBL3752451,O=C(NCCCCCCNc1c2c(nc3ccccc13)CCCC2)c1cc2ccccc2o1,0,CHEMBL3752451
CHEMBL4857680,COc1cccc(CN2CCC(CNC(=O)c3cncc(NC(=O)c4ccnc(NC(=O)C5CC5)c4)c3)CC2)c1,1,CHEMBL4857680
CHEMBL4873612,O=C(Nc1cncc(OCC2CCN(Cc3ccc(F)cc3)CC2)c1)c1ccnc(NC(=O)C2CC2)c1,0,CHEMBL4873612
CHEMBL4751296,O/N=C/c1cc(Cl)cc(CNc2ccc(-n3cccn3)cc2)c1O,1,CHEMBL4751296
CHEMBL4762419,COc1cc2c(cc1O)CCC(C)(CCC(=O)NCCCCCCNc1c3c(nc4cc(Cl)ccc14)CCCC3)O2,0,CHEMBL4762419
CHEMBL4553902,COc1ccc(-n2cc(COc3ccc(/C=N/Nc4c5c(nc6ccccc46)CCCC5)cc3)nn2)cc1,1,CHEMBL4553902
CHEMBL5169560,c1ccc2c(NCCN3CCOCC3)c3c(nc2c1)CCCC3,0,CHEMBL5169560
CHEMBL5193082,Cc1cccc2sc(NC(=O)CCN3CCN(Cc4cc(F)ccc4F)CC3)nc12,1,CHEMBL5193082
CHEMBL4285749,CN(C)CCOC(=O)/C=C/c1ccc2occ(C(=O)Nc3ccc(Cl)cc3)c(=O)c2c1,1,CHEMBL4285749
CHEMBL4284235,Cc1ccc(NC(=O)c2coc3ccc(/C=C/C(=O)OCCN(C)C)cc3c2=O)cc1,0,CHEMBL4284235
CHEMBL4294446,CCN(CC)CCOC(=O)/C=C/c1ccc2oc(C(=O)Nc3ccc(C)c(C)c3)cc(=O)c2c1,1,CHEMBL4294446
CHEMBL4090159,Cc1ccc(N2C(=O)C3CN(C)C4(C(=O)c5ccccc5C4=O)C3C2=O)cc1,1,CHEMBL4090159
CHEMBL4097877,CN1CC2C(=O)N(c3ccc(Br)cc3)C(=O)C2C12C(=O)c1ccccc1C2=O,1,CHEMBL4097877
CHEMBL4581664,Cc1ccc(-c2cn(Cc3ccc4ccccc4c3)nn2)cc1C(=O)NCCN1CCOCC1,1,CHEMBL4581664
CHEMBL5076593,CO[C@H]1C[C@H]2C(=C[C@@H]1OC(=O)c1ccccc1)[C@H]1CN2Cc2cc3c(cc21)OCO3,1,CHEMBL5076593
CHEMBL5078674,COc1cccc(C(=O)O[C@H]2C=C3[C@H]4CN(Cc5cc6c(cc54)OCO6)[C@H]3C[C@@H]2OC)c1,1,CHEMBL5078674
CHEMBL4278046,O=C(COc1ccc(-c2ccccc2)cc1)N1CCC(N2CCCCC2)CC1,1,CHEMBL4278046
CHEMBL4284506,O=C(COc1ccc(-c2ccccc2)cc1)N1CCC(N2CCOCC2)CC1,1,CHEMBL4284506
CHEMBL108697,Cc1c(C)c2ccc(OCc3cccc(F)c3)cc2oc1=O,1,CHEMBL108697
CHEMBL5270796,CCCCCCCCCCCC1=CC(=O)C=CC1=O,1,CHEMBL5270796
CHEMBL5268811,COc1ccc(NCC2CCN(Cc3ccccc3)CC2)cc1,0,CHEMBL5268811
CHEMBL5287982,COc1ccc(NCC2CCN(Cc3ccccc3)CC2)cc1OC,0,CHEMBL5287982
CHEMBL5288752,O=c1c(/C=N/Nc2ccc(C(F)(F)F)cc2)coc2cc3oc(-c4cccc(F)c4)cc3cc12,1,CHEMBL5288752
CHEMBL4072914,CCN(Cc1ccc(/C=C2\Oc3cc(OC)c(OC)cc3C2=O)cc1O)Cc1ccccc1N(C)C,1,CHEMBL4072914
CHEMBL5431870,Cc1ccc(NCC[C@@H]2CCCN3CCCC[C@H]23)c2c(=O)c3cc(O)ccc3sc12,1,CHEMBL5431870
CHEMBL5405496,COc1ccc2sc3c([N+](=O)[O-])ccc(NCCC[C@@H]4CCCN5CCCC[C@H]45)c3c(=O)c2c1,1,CHEMBL5405496
CHEMBL4073287,COc1cc2c(cc1OC)C(=O)/C(=C/c1cc[n+](Cc3ccc(F)cc3)cc1)C2,0,CHEMBL4073287
CHEMBL4082048,COc1cc2c(cc1OC)C(=O)/C(=C/c1cc[n+](Cc3cccc(Br)c3)cc1)C2,0,CHEMBL4082048
CHEMBL4757683,COc1cc2c(cc1OC)/C(=C\c1ccc(O)c(N3CCCCC3)c1)OC2=O,0,CHEMBL4757683
CHEMBL5284727,O=C1CC2CCc3ccsc3C2=NN1CCCCN1CCN(Cc2cccc3c2ccn3S(=O)(=O)c2ccccc2)CC1,1,CHEMBL5284727
CHEMBL3957099,S=C1/C(=C/c2ccccc2)Oc2ccccc21,1,CHEMBL3957099
CHEMBL8706,C#CCN(C)CCCOc1ccc(Cl)cc1Cl,1,CHEMBL8706
CHEMBL4795370,CCN(CCCCOc1ccc(C2CC(=O)c3c(O)cc(OCCCCN(CC)Cc4ccccc4OC)cc3O2)cc1)Cc1ccccc1OC,1,CHEMBL4795370
CHEMBL4203672,COc1ccc(Cn2cc(C(=O)NCCCCCCCCNc3c4c(nc5cc(Cl)ccc35)CCCC4)c(=O)c3ccccc32)cc1,0,CHEMBL4203672
CHEMBL4214900,COc1ccc(Cn2cc(C(=O)NCCCCCCCNc3c4c(nc5ccccc35)CCCC4)c(=O)c3ccccc32)cc1,0,CHEMBL4214900
CHEMBL4202784,COc1ccc(Cn2cc(C(=O)NCCCCCNc3c4c(nc5ccccc35)CCCC4)c(=O)c3ccccc32)cc1,0,CHEMBL4202784
CHEMBL4205910,COc1ccc(Cn2cc(C(=O)NCCCCCCNc3c4c(nc5ccc(OC)cc35)CCCC4)c(=O)c3ccccc32)cc1,1,CHEMBL4205910
CHEMBL1642983,CC(C)(C)c1cc[n+](C/C=C/C[n+]2ccc(C(C)(C)C)cc2)cc1,1,CHEMBL1642983
CHEMBL1642972,CC(C)(C)c1cc[n+](CCC[n+]2ccc(C(C)(C)C)cc2)cc1,1,CHEMBL1642972
CHEMBL453019,CN1CCc2cc3c(cc2C(=O)Cc2ccc4c(c2C1)OCO4)OCO3,1,CHEMBL453019
CHEMBL4644284,COc1c2c(cc3c1OCO3)[C@]13C=C[C@H](OC)C[C@@H]1[N@](C2)C[C@H]3OC(=O)c1ccoc1,1,CHEMBL4644284
CHEMBL4635404,COc1cccc(C(=O)O[C@@H]2C[N@@]3Cc4c(cc5c(c4OC)OCO5)[C@@]24C=C[C@H](OC)C[C@H]34)c1,1,CHEMBL4635404
CHEMBL4645345,CCCCC(=O)O[C@@H]1C[N@@]2Cc3c(cc4c(c3OC)OCO4)[C@@]13C=C[C@H](OC)C[C@H]23,1,CHEMBL4645345
CHEMBL4649430,COc1c2c(cc3c1OCO3)[C@]13C=C[C@H](OC)C[C@@H]1[N@](C2)C[C@H]3O,1,CHEMBL4649430
CHEMBL4784748,COc1cccc(-[n+]2ccc3cccc(OC)c3c2)c1,1,CHEMBL4784748
CHEMBL3973603,COc1cccc2c1C=[N+](c1cccc(C)c1)CC2,1,CHEMBL3973603
CHEMBL3924569,COc1cccc2c1C=[N+](c1ccc(Cl)cc1Cl)CC2,1,CHEMBL3924569
CHEMBL3979102,COc1cccc2c1C=[N+](c1ccc(Br)cc1F)CC2,1,CHEMBL3979102
CHEMBL4788937,COc1ccc2[nH]cc(CCCN3CCN(C(=O)CN4CCN(C(=O)c5ccc(C)cc5)CC4)CC3)c2c1,1,CHEMBL4788937
CHEMBL4792702,COc1ccc2[nH]cc(CCCN3CCN(C(=O)CN4CCN(C(=O)c5ccc(F)cc5)CC4)CC3)c2c1,1,CHEMBL4792702
CHEMBL5433139,S=C(NCCCCNc1c2c(nc3ccccc13)CCCC2)Nc1c[nH]c2ccccc12,0,CHEMBL5433139
CHEMBL4798736,COc1cccc2cc[n+](-c3ccccc3C)cc12,1,CHEMBL4798736
CHEMBL4789142,CON(C)C(=O)Oc1ccc(-c2cc(=O)c3c(O)cc(OC(=O)N(C)OC)cc3o2)cc1,1,CHEMBL4789142
CHEMBL4783532,COc1ccc(C(CN(C)c2ccc(NCc3cc(Cl)cc(/C=N/O)c3O)cc2)C2(O)CCCCC2)cc1,1,CHEMBL4783532
CHEMBL5177936,COc1cc(/C=C/C(=O)OCCCCCN(C)Cc2cccc(OC(=O)N(C)C)c2)ccc1O,0,CHEMBL5177936
CHEMBL4782471,CCOC(=O)c1c(C)nc(N2CCN(S(=O)(=O)c3ccc(NC(C)=O)c(Cl)c3)CC2)nc1-c1ccc(OC)cc1,0,CHEMBL4782471
CHEMBL4519239,CSc1ccc(C2SCC(=O)N2c2ccc3oc(=O)ccc3c2)cc1,0,CHEMBL4519239
CHEMBL4437163,CSc1ccc(/C=N/c2ccc3oc(=O)ccc3c2)cc1,0,CHEMBL4437163
CHEMBL4741398,Brc1ccc(CNC2CCN(Cc3ccccc3)C2)cc1,0,CHEMBL4741398
CHEMBL4742138,NC(=O)c1sc(-c2ccnc(NC(=O)C3CC3)c2)nc1OCCC1CCN(Cc2ccccc2Cl)CC1,1,CHEMBL4742138
CHEMBL5188111,CCCCCCCNC(=O)Oc1ccc(Cc2nc3cc(C(=O)N(CC)CC)ccc3n2CCCCN2CCCCC2)cc1,1,CHEMBL5188111
CHEMBL452339,CCN(CCCCCCn1c(=O)c(=O)n(CCCCCCN(CC)Cc2ccccc2OC)c2ccccc21)Cc1ccccc1OC,0,CHEMBL452339
CHEMBL4287748,C[N+](C)(CC#CCOC1=NOCC1)CCCCCCCCCCNc1c2c(nc3ccccc13)CCCC2,0,CHEMBL4287748
CHEMBL4168710,COc1ccccc1CNCCCCCOC(=O)Nc1cc(Cl)nc(Cl)c1,1,CHEMBL4168710
CHEMBL4170530,CNC(=O)c1c[n+](Cc2ccccc2C)ccc1CC1CCc2cc(OC)ccc2C1=O,1,CHEMBL4170530
CHEMBL4174372,COc1ccc2c(c1)CCC(Cc1cc[n+](Cc3ccccc3C)cc1C(N)=O)C2=O,0,CHEMBL4174372
CHEMBL4169887,COc1cc2c(cc1OC)C(=O)C(Cc1cc[n+](Cc3cccc(O)c3)cc1C(N)=O)C2,1,CHEMBL4169887
CHEMBL4173902,COc1cc2c(cc1OC)C(=O)C(Cc1cc[n+](Cc3cccc(Cl)c3)cc1C(=O)O)C2,1,CHEMBL4173902
CHEMBL4171568,COC(=O)c1c[n+](Cc2cccc(Cl)c2)ccc1CCC(=O)c1ccc(OC)c(OC)c1,0,CHEMBL4171568
CHEMBL4175814,COc1ccc2c(c1)CCC(CC1C=CN(Cc3ccc(C)cc3)C=C1C(C)=O)C2=O,1,CHEMBL4175814
CHEMBL4170921,COc1ccc(C(=O)CCCCc2cc[n+](Cc3cccc(Cl)c3)cc2C(N)=O)cc1OC,1,CHEMBL4170921
CHEMBL4076930,COc1cc2c(cc1OC)C(=O)C(Cc1cc[n+](Cc3ccccc3C)cc1C(N)=O)C2,0,CHEMBL4076930
CHEMBL3884618,O=S(=O)(c1ccccc1)n1ccc2c(N3CCN(CCCNc4c5c(nc6ccccc46)CCCC5)CC3)cccc21,0,CHEMBL3884618
CHEMBL3884858,O=S(=O)(c1ccccc1)n1ccc2c(N3CCN(CCCCCNc4c5c(nc6ccccc46)CCCC5)CC3)cccc21,0,CHEMBL3884858
CHEMBL347527,CNCCc1cccc(OC(=O)N(C)C)c1,0,CHEMBL347527
CHEMBL12781,CN(C)Cc1ccc(CSCc2ccc(-c3ccc(CSCc4ccc(CN(C)C)o4)cc3)cc2)o1,0,CHEMBL12781
CHEMBL4091683,CCN(CCCCN1C(=O)c2ccccc2C1=O)Cc1ccccc1,0,CHEMBL4091683
CHEMBL4069776,CCN(CCCCN1C(=O)c2ccccc2C1=O)Cc1ccccc1OC,0,CHEMBL4069776
CHEMBL4280753,CCN1CCN(CCCNC(=O)COc2ccc(I)cc2)CC1,1,CHEMBL4280753
CHEMBL136135,C/C=C(\C)C(=O)NC1=CC[C@@]2(C)[C@@H](CC[C@H]3C4CC[C@H]([C@H](C)N(C)C)[C@@]4(C)CC[C@@H]32)C1=O,1,CHEMBL136135
CHEMBL4435058,S=C(NNc1c2c(nc3ccccc13)CCCC2)Nc1ccc(Cl)cc1,0,CHEMBL4435058
CHEMBL4435178,S=C(NNc1c2c(nc3ccccc13)CCCC2)Nc1ccc(Br)cc1,0,CHEMBL4435178
CHEMBL4594199,CCN1CCN(c2ccc(C3CC(c4ccc(OC)c(OC)c4)=NN3C(C)=O)cc2)CC1,1,CHEMBL4594199
CHEMBL3764714,CC1(C)CNC2=C([N+](=O)[O-])C3(C(=O)c4cccc5cccc3c45)C(C#N)=C(N)N2C1,1,CHEMBL3764714
CHEMBL3763417,N#CC1=C(N)N(Cc2ccccc2)C(NCc2ccccc2)=C([N+](=O)[O-])C12C(=O)c1cccc3cccc2c13,1,CHEMBL3763417
CHEMBL3764679,Cc1ccc2c(c1)C1(C(=O)N2)C(C#N)=C(N)N2CCNC2=C1[N+](=O)[O-],1,CHEMBL3764679
CHEMBL2236140,Cc1ccc2cc(C3CC(c4sccc4Cl)=NN3)c(Cl)nc2c1,0,CHEMBL2236140
CHEMBL2238280,Cc1ccc(C(=O)/C=C/c2ccc(N3CCCCC3)cc2)s1,0,CHEMBL2238280
CHEMBL4644961,Cc1ccccc1C1C([N+](=O)[O-])C(Cc2c[nH]cn2)NC12c1ccccc1-c1nc3ccccc3nc12,1,CHEMBL4644961
CHEMBL4642959,COc1ccccc1C1C([N+](=O)[O-])C(Cc2c[nH]cn2)NC12c1ccccc1-c1nc3ccccc3nc12,1,CHEMBL4642959
CHEMBL5272549,CC1c2[nH]c3ccccc3c2CCN1C(=O)/C=C/c1ccc(O)c(O)c1,1,CHEMBL5272549
CHEMBL5290939,Cn1c2c(c3ccccc31)CC[N+](c1ccc(Br)cc1)=C2,1,CHEMBL5290939
CHEMBL5276338,COc1cc2c(cc1OC)CC(CC1CCN(CCCNc3c4c(nc5cc(Cl)ccc35)CC3C=C(C)CC4C3)CC1)C2,0,CHEMBL5276338
CHEMBL5290959,COc1cc2c(cc1OC)CC(CC1CCN(CCNc3c4c(nc5cc(Cl)ccc35)CC3C=C(C)CC4C3)CC1)C2,0,CHEMBL5290959
CHEMBL5271985,Cc1cc(=O)c2cc(Oc3ccccc3)ccc2o1,1,CHEMBL5271985
CHEMBL108928,Cc1c(C)c2ccc(OCc3cc(F)cc(F)c3)cc2oc1=O,1,CHEMBL108928
CHEMBL107488,Cc1c(C)c2ccc(OCc3cccc(O)c3)cc2oc1=O,1,CHEMBL107488
CHEMBL5266377,CCOP(=O)(OCC)C(NCCc1ccc(OC)cc1)c1coc2ccccc2c1=O,0,CHEMBL5266377
CHEMBL449941,CCN(CCCCCCN1CCN(CCCCCCN(CC)Cc2ccccc2OC)C1=O)Cc1ccccc1OC,0,CHEMBL449941
CHEMBL4174290,c1ccc2c(c1)CN[C@@H](CN(CC[C@H]1CCCNC1)[C@H]1CCCc3cccnc31)C2,1,CHEMBL4174290
CHEMBL574474,C[C@@H]1CCC[C@H](C)N1S(=O)(=O)c1cccc([N+](=O)[O-])c1,0,CHEMBL574474
CHEMBL4164981,COc1ccc2c(c1)CCC(Cc1cc[n+](Cc3ccccc3C)cc1C(F)(F)F)C2=O,0,CHEMBL4164981
CHEMBL4173313,COc1cc2c(cc1OC)C(=O)C(Cc1cc[n+](CCc3ccccc3)cc1C(N)=O)C2,0,CHEMBL4173313
CHEMBL4162617,COc1cc2c(cc1OC)C(=O)C(Cc1cc[n+](Cc3ccc(S(N)(=O)=O)cc3)cc1C(N)=O)C2,1,CHEMBL4162617
CHEMBL4800558,CCOC(=O)c1c(C)nc(N2CCN(S(=O)(=O)c3ccc(N)c(Cl)c3)CC2)nc1-c1ccccc1,0,CHEMBL4800558
CHEMBL4764003,CCOC(=O)c1c(C)nc(N2CCN(S(=O)(=O)c3ccc(N)c(OC)c3)CC2)nc1-c1ccccc1,0,CHEMBL4764003
CHEMBL4640608,COc1cc(C2C3=C(CCCC3=O)NC3=C2C(=O)CCC3)ccc1OCc1ccc(F)cc1,1,CHEMBL4640608
CHEMBL74832,O=C(CCC1CCN(Cc2ccc(F)cc2)CC1)c1ccc2c(c1)CCN2,0,CHEMBL74832
CHEMBL1083660,CN1CCCc2cc(C(=O)CCC3CCN(Cc4ccccc4)CC3)ccc21,0,CHEMBL1083660
CHEMBL140737,O=C(c1ccc(F)cc1)N(CCC1CCN(Cc2ccccc2)CC1)c1ccccc1,0,CHEMBL140737
CHEMBL1083379,CCCCCCNC(=O)Oc1cccc(CN(C)CCCCCOc2ccc3c(=O)c4ccccc4oc3c2)c1,0,CHEMBL1083379
CHEMBL4458653,Cc1cccc(CNC2CCN(Cc3ccccc3)CC2)c1,1,CHEMBL4458653
CHEMBL4568264,Clc1ccc(/C=N/C2CCN(Cc3ccccc3)CC2)c(Cl)c1,1,CHEMBL4568264
CHEMBL4074566,N#CC1=C(N)N(Cc2ccccc2)C(NCc2ccccc2)=C([N+](=O)[O-])C12c1ccccc1-c1nc3ccccc3nc12,1,CHEMBL4074566
CHEMBL225615,COc1ccc(OC)c(CN(C)CCCCCCCOc2ccc3c(=O)c4ccccc4oc3c2)c1,1,CHEMBL225615
CHEMBL225638,Cc1ccccc1CN(C)CCCCCCCOc1ccc2c(=O)c3ccccc3oc2c1,1,CHEMBL225638
CHEMBL222946,CCN(CCCCCC(=O)N1CCC(CC2CCN(C(=O)CCCCCN(CC)Cc3ccccc3OC)CC2)CC1)Cc1ccccc1OC,0,CHEMBL222946
CHEMBL4095535,COC(=O)c1c[n+](Cc2ccccc2C)ccc1CC1Cc2cc(OC)c(OC)cc2C1=O,0,CHEMBL4095535
CHEMBL392385,CN(C(=O)Oc1ccc(Oc2ccc(C(F)(F)F)cn2)cc1)c1cccc(Cl)c1,1,CHEMBL392385
CHEMBL238067,CN(C(=O)Oc1ccc(Oc2ncc(C(F)(F)F)cc2Cl)cc1)c1ccccc1,1,CHEMBL238067
CHEMBL239418,CN(C(=O)Oc1ccc(Oc2ncc(Cl)cc2Cl)cc1)c1ccccc1,1,CHEMBL239418
CHEMBL539051,CCC1=CC2Cc3nc4ccccc4c(N)c3C(C1)C2,0,CHEMBL539051
CHEMBL1083977,CCCCCCNC(=O)Oc1cccc(CN(CCCOc2ccc3c(=O)c4ccccc4oc3c2)C(C)C)c1,0,CHEMBL1083977
CHEMBL1082739,c1ccc2c(NCCCCCCCCCNc3c4c(nc5ccccc35)CCCC4)ccnc2c1,0,CHEMBL1082739
CHEMBL4127071,C=C(C)[C@@H](O)CC[C@]1(C)[C@@H](CC=C(C)C)C[C@]23C[C@@H](C(C)(C)O)OC2=C(CC=C(C)C)C(=O)[C@@]1(C(=O)C(C)C)C3=O,1,CHEMBL4127071
CHEMBL4129940,CC(C)=CCC[C@]1(C)[C@@H](CC=C(C)C)C[C@@]2(CC=C(C)C)C(=O)[C@]1(C(=O)C(C)C)C(=O)C1=C2O[C@@H](C(C)(C)O)[C@@H]1O,1,CHEMBL4129940
CHEMBL5591504,CCCNC(=O)COc1cc(C(C)C)ccc1C,1,CHEMBL5591504
CHEMBL3220508,COc1ccc(C(=O)Nc2cc3ccccc3oc2=O)cc1,1,CHEMBL3220508
CHEMBL5583734,Cc1ccc(C(C)C)cc1OCC(=O)N1Cc2ccccc2C1,1,CHEMBL5583734
CHEMBL1243269,CNC(=O)Oc1ccc2c(c1)[C@@]1(C)CCN(C)[C@@H]1N2C,1,CHEMBL1243269
CHEMBL1243140,Cc1ccccc1NC(=O)Oc1ccc2c(c1)[C@]1(C)CCN[C@@H]1N2,0,CHEMBL1243140
CHEMBL519475,CCc1ccccc1NC(=O)Oc1ccc2c(c1)[C@]1(C)CC[N+](C)([O-])[C@@H]1N2C,0,CHEMBL519475;CHEMBL539624
CHEMBL205340,CCNC(=O)Oc1ccc2c(c1)[C@]1(C)CCN(C)[C@@H]1N2C,0,CHEMBL205340
CHEMBL1783531,C[C@@H]([C@H]1[C@H](O)C[C@@]2(C)[C@@H]3CC[C@H]4[C@]5(C)COC(C(F)(C(F)(F)F)C(F)(F)F)=N[C@H]5CC[C@@]45C[C@@]35C(=O)C[C@]12C)N(C)C,1,CHEMBL1783531
CHEMBL402484,COc1cc2c(cc1OC)-c1cccc3c1N(CC3)C2,1,CHEMBL402484
CHEMBL241830,COc1ccc2c(=O)cc(-c3ccc(CN(C)Cc4ccccc4)cc3)oc2c1,1,CHEMBL241830
CHEMBL244415,COc1ccc(CN(C)Cc2ccc(-c3cc4cc(OC)c(OC)cc4oc3=O)cc2)cc1,1,CHEMBL244415
CHEMBL389825,COc1ccccc1CN(C)Cc1ccc(-c2cc3cc(OC)c(OC)cc3oc2=O)cc1,0,CHEMBL389825
CHEMBL4864801,COc1cc(/C=C/C(=O)N2CCN(Cc3ccc(F)cc3)CC2)ccc1O,1,CHEMBL4864801
CHEMBL4869703,COc1ccc2[nH]cc(CCNC(=O)CNC(=O)/C=C/c3ccc(O)c(OC)c3)c2c1,0,CHEMBL4869703
CHEMBL1088018,c1cc[n+](CCCC[n+]2ccccc2)cc1,1,CHEMBL1088018
CHEMBL5267000,O=C1/C(=C/c2ccc(OCCN3CCCCC3)cc2)Oc2ccccc21,0,CHEMBL5267000
CHEMBL5285953,CCOc1ccc2c(c1)O/C(=C\c1ccc(OCCN3CCCCC3)cc1)C2=O,0,CHEMBL5285953
CHEMBL492098,COc1ccc(C(=O)c2ccc(CN(CCN(C)C)Cc3ccccc3)cc2)cc1OC,1,CHEMBL492098
CHEMBL4645476,CN(C)C(=O)Oc1ccc(C(O)CNC2CCCCC2)cc1,1,CHEMBL4645476
CHEMBL3234591,N/C(=N\O)c1nc(CCCCCNc2c3c(nc4ccccc24)CCCC3)ccc1O,0,CHEMBL3234591
CHEMBL4758638,c1ccc(CNC2CCN(Cc3ccccc3)C2)cc1,1,CHEMBL4758638
CHEMBL4763724,Cc1ccc(CNC2CCN(Cc3ccccc3)C2)cc1,1,CHEMBL4763724
CHEMBL4796846,O=[N+]([O-])c1ccc(CNC2CCN(Cc3ccccc3)C2)cc1,0,CHEMBL4796846
CHEMBL4747992,NC(=O)c1sc(-c2ccnc(NC(=O)C3CC3)c2)nc1OCCCC1CCN(Cc2ccc(F)cc2)CC1,0,CHEMBL4747992
CHEMBL4789991,O=C1c2ccccc2C(=O)C12N1CSC[C@@H]1[C@@H](c1cccs1)[C@@]21CSc2ccccc2C1=O,1,CHEMBL4789991
CHEMBL3290189,O=C1/C(=C\c2ccc(N3CCCC3)cc2)CNC/C1=C\c1ccc(N2CCCC2)cc1,1,CHEMBL3290189
CHEMBL2107723,COc1cc(O)c(C(=O)Nc2nc(C(=O)NCCN(C(C)C)C(C)C)cs2)cc1OC,1,CHEMBL2107723;CHEMBL5414074
CHEMBL5573638,Cc1ccccc1Oc1ccc2nc3c(c(N)c2c1)CCC3,1,CHEMBL5573638
CHEMBL5563739,Cc1cccc(Oc2ccc3nc4c(c(N)c3c2)CCCC4)c1,1,CHEMBL5563739
CHEMBL5593367,COc1cccc(Oc2ccc3nc4c(c(N)c3c2)CCCC4)c1,1,CHEMBL5593367
CHEMBL5590314,Nc1c2c(nc3ccc(Oc4ccccc4)cc13)CCCC2,1,CHEMBL5590314
CHEMBL3642047,CC(=O)NCCc1c[nH]c2ccc(OC(=O)NCCCCNc3c4c(nc5ccccc35)CCCC4)cc12,0,CHEMBL3642047
CHEMBL5575737,C[C@@H](c1cccc(OC(=O)NCCCCCCNc2c3c(nc4ccccc24)CCCC3)c1)N(C)C,0,CHEMBL5575737
CHEMBL5573861,C[C@@H](c1cccc(OC(=O)NCCCCCCNc2c3c(nc4cc(F)ccc24)CCCC3)c1)N(C)C,0,CHEMBL5573861
CHEMBL5575441,O=C(NCCCCCCNc1c2c(nc3cc(F)ccc13)CCCC2)Oc1ccc2cc[nH]c2c1,0,CHEMBL5575441
CHEMBL3818250,COc1cc(CCC(=O)NCCC2CCN(Cc3ccccc3)CC2)ccc1O,1,CHEMBL3818250
CHEMBL597188,CCN(CC)CCCCCOc1ccc2c(c1)CC/C(=C\c1ccc(CN(C)Cc3ccccc3)cc1)C2=O,0,CHEMBL597188
CHEMBL5272675,COc1ccc2c(c1)c(C=O)cn2CCCCCCCN(C)Cc1cccc(O)c1,1,CHEMBL5272675
CHEMBL3818230,O=C1/C(=C/C2CCN(Cc3ccccc3)CC2)Cc2ccc(O)cc21,1,CHEMBL3818230
CHEMBL4099046,COc1ccc(CCNc2nc(NC(N)=O)nc3ccccc23)cc1OC,1,CHEMBL4099046
CHEMBL4078382,CCNc1nc(NCCc2ccc(OC)c(OC)c2)c2ccccc2n1,1,CHEMBL4078382
CHEMBL4061837,CCNc1nc(NCCc2ccccc2)c2ccccc2n1,1,CHEMBL4061837
CHEMBL4077088,CCNc1nc(NCc2ccc(OC)c(OC)c2)c2ccccc2n1,1,CHEMBL4077088
CHEMBL1626455,CNc1nc(NCc2ccccc2)c2ccccc2n1,1,CHEMBL1626455
CHEMBL4078463,CCN(CC)CCCOc1ccc(/C=C/C(=O)Nc2ccccc2)cc1OC,1,CHEMBL4078463
CHEMBL5199187,Cc1ccc2nc3c(c(NCCN4CCOCC4)c2c1)CCCC3,0,CHEMBL5199187
CHEMBL5558447,O=C(Cn1nc(-c2ccccc2)c(-c2ccccc2)nc1=O)Nc1cccc(Cl)c1,1,CHEMBL5558447
CHEMBL132133,NCCCCCCNCCSSCCNCCCCCCN,1,CHEMBL132133
CHEMBL1203538,N#CC(C#N)=C1NCCN1CCNCc1ccc(CN2CCCCCC2)o1,0,CHEMBL1203538
CHEMBL2332978,Cc1ccc(/C=C2\CN(C(=O)C[C@H]3C[C@H]4CCCN4[C@]34C(=O)Nc3ccccc34)C/C(=C\c3ccc(C)cc3)C2=O)cc1,1,CHEMBL2332978
CHEMBL2332977,O=C1/C(=C/c2ccc(Cl)cc2Cl)CN(C(=O)C[C@H]2C[C@H]3CCCN3[C@]23C(=O)Nc2ccccc23)C/C1=C\c1ccc(Cl)cc1Cl,1,CHEMBL2332977
CHEMBL5400395,Cc1cc(=O)[nH]c2c1C(=O)C(NCCCCNc1c3c(nc4ccccc14)CCCC3)=CC2=O,0,CHEMBL5400395
CHEMBL4633613,COc1ccc([C@H]2OC(=O)[C@H]3[C@@H]2C(=O)O[C@@H]3c2ccc3c(c2)OCO3)cc1OC,0,CHEMBL4633613
CHEMBL3403305,CCN(CC)C(=O)[C@H](Cc1ccccc1)NC(=O)[C@H](CC(C)C)NC(=O)[C@@H](NC(=O)[C@@H](N)COC(=O)[C@H](CC(C)C)NC(C)=O)C(C)C,1,CHEMBL3403305
CHEMBL176585,CCN(CCCCCC(=O)N(C)CCCCCCCCN(C)C(=O)CCCCCN(CC)Cc1ccccc1)Cc1ccccc1,0,CHEMBL176585
CHEMBL3586574,Cc1c(C)c2ccc(OCCCN(C)Cc3ccccc3)cc2oc1=O,1,CHEMBL3586574
CHEMBL3586600,Cc1cc(=O)oc2cc(OCc3ccc(CN(C)Cc4cccc(Cl)c4)cc3)ccc12,1,CHEMBL3586600
CHEMBL3322141,CCN(CCC(=O)NCCCNc1c2c(nc3ccccc13)CCCC2)C1CCCCC1,0,CHEMBL3322141
CHEMBL281202,Cc1ccc(C(C)C)cc1O,1,CHEMBL281202
CHEMBL3403874,COc1cc2oc(-c3ccc(OCC(=O)NCCCCCNc4c5c(nc6cc(Cl)ccc46)CCCC5)cc3)cc(=O)c2c(OC)c1OC,0,CHEMBL3403874
CHEMBL4449445,FC(F)(F)Oc1ccc(/C=N/C2CCN(Cc3ccccc3)CC2)cc1,1,CHEMBL4449445
CHEMBL3115020,COc1cc2[se]n(-c3ccc(CN4CCCC4)cc3)c(=O)c2cc1OC,1,CHEMBL3115020
CHEMBL3115033,CN1CC[C@@H](C(=O)N2C/C(=C\c3cccc([N+](=O)[O-])c3)C(=O)[C@@]3(C2)[C@H](c2cccc([N+](=O)[O-])c2)CN(C)[C@]32C(=O)Nc3ccccc32)[C@@]12C(=O)Nc1ccccc12,1,CHEMBL3115033
CHEMBL3115044,C=CC(=O)N1C/C(=C\c2cccc([N+](=O)[O-])c2)C(=O)[C@@]2(C1)[C@H](c1cccc([N+](=O)[O-])c1)CN(C)[C@]21C(=O)Nc2ccccc21,1,CHEMBL3115044
CHEMBL3116284,c1ccc2c(COc3nn(CCN4CCCCC4)c4ccccc34)cccc2c1,1,CHEMBL3116284
CHEMBL2064465,CCN(CCC(=O)N1CCN(CCNc2c3c(nc4ccccc24)CCCC3)CC1)C1CCCCC1,0,CHEMBL2064465
CHEMBL2064464,CN(CCC(=O)N1CCN(CCNc2c3c(nc4ccccc24)CCCC3)CC1)C1CCCCC1,0,CHEMBL2064464
CHEMBL3407584,C#CCNCc1cc2cc(OCCCC3CCN(Cc4ccccc4)CC3)ccc2[nH]1,1,CHEMBL3407584
CHEMBL541344,CC1=CC2Cc3nc4ccccc4c(N)c3C(C1)C2,0,CHEMBL541344
CHEMBL545104,CCNC1CCc2ccc(OC(=O)N(C)C)cc21,1,CHEMBL545104
CHEMBL3122148,CCOC(=O)c1ccc2nc(-c3ccc(Cl)cc3)c3c(c2c1)N(Cc1ccc(OC)cc1)CCC3,1,CHEMBL3122148
CHEMBL5072382,Cc1c(C)c2ccc(OCC3CCCN(CCCC(F)F)C3)cc2oc1=O,0,CHEMBL5072382
CHEMBL3586771,CN(Cc1ccccc1)Cc1ccc(COc2ccc3c(CO)cc(=O)oc3c2)cc1,0,CHEMBL3586608;CHEMBL3586771
CHEMBL5079544,CN(CCCO)Cc1ccc(COc2ccc3c(CO)cc(=O)oc3c2)cc1,1,CHEMBL5079544
CHEMBL3261988,O=C(/C=N\O)Nc1ccc[n+](CCCCCC[n+]2cccc(NC(=O)/C=N\O)c2)c1,1,CHEMBL3261988
CHEMBL3261990,O=C(/C=N/O)Nc1ccc[n+](Cc2ccccc2C[n+]2cccc(NC(=O)/C=N/O)c2)c1,1,CHEMBL3261990
CHEMBL3233997,COc1ccc(C(C#N)N2CCCC2)cc1O,1,CHEMBL3233997
CHEMBL4084842,COc1cc2c(cc1OC)C(=O)/C(=C/c1cc[n+](Cc3cccc(C)c3)cc1)C2,0,CHEMBL4084842
CHEMBL4083039,COc1cc2c(cc1OC)C(=O)/C(=C/c1cc[n+](Cc3ccc(Br)cc3)cc1)C2,0,CHEMBL4083039
CHEMBL3754480,O=C(NCCCCCCCNc1c2c(nc3ccccc13)CCCCC2)c1cc2ccccc2o1,0,CHEMBL3754480
CHEMBL3752467,c1ccc2oc(CNCCCCCCCNc3c4c(nc5ccccc35)CCCC4)cc2c1,0,CHEMBL3752467
CHEMBL3753405,COc1cccc2cc(CNCCCCCCCNc3c4c(nc5ccccc35)CCCCC4)oc12,0,CHEMBL3753405
CHEMBL3983017,O=C1/C(=C/c2ccc(Br)cc2)CN(Cc2ccc3ccccc3c2)C/C1=C\c1ccc(Br)cc1,0,CHEMBL3983017
CHEMBL3972865,Cc1ccc(/C=C2/CNCC3=C2N=C2SC=C(c4ccc(Br)cc4)N2C3c2ccc(C)cc2)cc1,1,CHEMBL3972865
CHEMBL3958208,Brc1ccc(/C=C2/CNCC3=C2N=C2SC=C(c4ccccc4)N2C3c2ccc(Br)cc2)cc1,1,CHEMBL3958208
CHEMBL5557161,O=C(Cn1nc(-c2ccccc2)c(-c2ccccc2)nc1=O)Nc1ccc([N+](=O)[O-])cc1Cl,0,CHEMBL5557161
CHEMBL3787666,CN1Cc2cc(O)ccc2N(C)C1c1ccc(F)cc1,1,CHEMBL3787666
CHEMBL3786589,Cc1ccc(C2N(C)Cc3cc(O)ccc3N2C)cc1,1,CHEMBL3786589
CHEMBL3786505,CN1Cc2cc(O)ccc2N(C)C1c1cccc(Cl)c1,1,CHEMBL3786505
CHEMBL1783518,CC(C)C1=N[C@H]2CC[C@]34C[C@]35C(=O)C[C@]3(C)[C@@H]([C@H](C)N(C)Cc6ccc(C(F)(F)F)cc6)[C@H](O)C[C@@]3(C)[C@@H]5CC[C@H]4[C@]2(C)CS1,0,CHEMBL1783518
CHEMBL5186470,O=c1c2ccccc2nc2n1CC[C@@H]2[C@@H]1CCCN1,1,CHEMBL5186470
CHEMBL5208951,COc1cc2c(Nc3ccc(C(=O)/C=C/c4nc(C)c(C)nc4C)cc3)ncnc2c(OC)c1OC,0,CHEMBL5208951
CHEMBL1773478,CCN(CC)CC(=O)Nc1ccc(C(=O)c2ccc(CN(C)Cc3ccccc3)cc2)cc1,0,CHEMBL1773478
CHEMBL1773480,CN(Cc1ccccc1)Cc1ccc(C(=O)c2ccc(NC(=O)CN3CCOCC3)cc2)cc1,0,CHEMBL1773480
CHEMBL5435812,COC(=O)/C=C/C(=O)Nc1cccc(OCCCSC(=S)N2CCCCC2)c1,1,CHEMBL5435812
CHEMBL3632857,COc1ccc(-c2cc3c(c(=O)o2)C[C@]2(O)[C@@]4(C)[C@@H](O)C[C@@H](OC(C)=O)C(C)(C)[C@]4(O)CC[C@@]2(C)O3)cc1,1,CHEMBL3632857
CHEMBL3628060,Cc1ccc(C[n+]2ccc(C(=O)NCCc3c[nH]c4ccccc34)cc2)cc1,1,CHEMBL3628060
CHEMBL3628185,COc1ccc2[nH]cc(CCNC(=O)CCc3cc[n+](Cc4cccc(F)c4)cc3)c2c1,0,CHEMBL3628185
CHEMBL3628186,COc1ccc2[nH]cc(CCNC(=O)CCc3cc[n+](Cc4ccc(F)cc4)cc3)c2c1,0,CHEMBL3628186
CHEMBL3582214,N#Cc1cc2c(cn1)[nH]c1ncc(-c3nc(CN4CCCCC4)cs3)cc12,0,CHEMBL3582214
CHEMBL1651042,CC(=O)O[C@H]1C[C@@H]2C(=CC[C@]3(C)[C@@H]([C@H](C)N(C)C)[C@H](O)C[C@@]23C)C[C@@]23O[C@@H]2[C@H]2OC[C@](C)([C@H]2NC(=O)c2ccccc2)[C@H]13,1,CHEMBL1651042
CHEMBL4743162,O=[N+]([O-])c1ccccc1-c1nnc(Nc2ncccn2)o1,1,CHEMBL4743162
CHEMBL1669485,c1ccc2c[n+](CCCCCCC[n+]3ccc4ccccc4c3)ccc2c1,0,CHEMBL1669485
CHEMBL1669492,c1cc(C[n+]2ccc3ccccc3c2)cc(C[n+]2ccc3ccccc3c2)c1,1,CHEMBL1669492
CHEMBL3582206,CC(C)(c1ccc(-c2cnc3[nH]c4cnc(C#N)cc4c3c2)cc1)N1CCCCC1,0,CHEMBL3582206
CHEMBL4169326,CO[C@@H]1C=C[C@@]23c4cc5c(cc4C(=O)N(C)[C@@H]2C(=O)N(C)[C@H]3C1)OCO5,1,CHEMBL4169326
CHEMBL3093175,COc1ccc(/C=C2\COc3cc(OCCCCCCCCNc4c5c(nc6ccccc46)CCCC5)ccc3C2=O)cc1,0,CHEMBL3093175
CHEMBL3093174,COc1ccc(/C=C2\COc3cc(OCCCCCCNc4c5c(nc6ccccc46)CCCC5)ccc3C2=O)cc1,0,CHEMBL3093174
CHEMBL4129147,CC(C)=CCC1=C2O[C@H](C(C)(C)O)C[C@@]23C[C@H](CC=C(C)C)[C@@](C)(CCC(=O)C(C)C)[C@@](C(=O)C(C)C)(C1=O)C3=O,1,CHEMBL4129147
CHEMBL3361270,O=S(=O)(CCCN1CCN(Cc2ccccc2)CC1)NCCNc1cccc2ccccc12,0,CHEMBL3361270
CHEMBL4747410,NC(=O)c1sc(-c2ccnc(NC(=O)C3CC3)c2)nc1OCCc1cn(-c2c3c(nc4ccccc24)CCCC3)nn1,1,CHEMBL4747410
CHEMBL4741219,CNC(=O)c1sc(-c2ccnc(NC(=O)C3CC3)c2)nc1OCCc1cn(CCNc2c3c(nc4cc(Cl)ccc24)CCCC3)nn1,0,CHEMBL4741219
CHEMBL4760288,CNC(=O)c1sc(-c2ccnc(NC(=O)C3CC3)c2)nc1OCCCc1cn(CCNc2c3c(nc4ccccc24)CCCC3)nn1,0,CHEMBL4760288
CHEMBL4787590,CNC(=O)c1sc(-c2ccnc(NC(=O)C3CC3)c2)nc1OCCc1cn(CCNc2c3c(nc4ccc(OC)cc24)CCCC3)nn1,1,CHEMBL4787590
CHEMBL4744911,CNC(=O)c1sc(-c2ccnc(NC(=O)C3CC3)c2)nc1OCCCc1cn(CCNc2c3c(nc4ccc(OC)cc24)CCCC3)nn1,1,CHEMBL4744911
CHEMBL4754192,O=C(NCCCNc1c2c(nc3ccccc13)CCCC2)c1sc(-c2ccnc(NC(=O)C3CCC3)c2)nc1OCC1CC1,0,CHEMBL4754192
CHEMBL4758531,CC(=O)Nc1cc(-c2nc(OCC3CC3)c(C(=O)NCCCNc3c4c(nc5ccccc35)CCCC4)s2)ccn1,0,CHEMBL4758531
CHEMBL4800403,CNC(=O)c1sc(-c2ccnc(NC(=O)CNCCCCCCNc3c4c(nc5ccccc35)CCCC4)c2)nc1OCC1CC1,0,CHEMBL4800403
CHEMBL3322162,O=C(Cc1cc(=O)oc2cc(O)ccc12)N/N=C1\SCC(=O)N1c1c2c(nc3ccccc13)CCCC2,1,CHEMBL3322162
CHEMBL5404463,CCN(CC)C(=O)c1ccc2c(c1)nc(Cc1ccc(OC(=O)NC3CC3)cc1)n2CCC(C)C,1,CHEMBL5404463
CHEMBL5403457,CCNC(=O)Oc1ccc(Cc2nc3cc(C(=O)N(CC)CC)ccc3n2CCC(C)C)cc1,1,CHEMBL5403457
CHEMBL5395228,CCN(CC)C(=O)Oc1ccc(Cc2nc3cc(C(=O)N(CC)CC)ccc3n2CCC(C)C)cc1,1,CHEMBL5395228
CHEMBL5412500,CCOc1ccc(Cc2nc3cc(OC(=O)N4CCCC4)ccc3n2CCC(C)C)cc1,1,CHEMBL5412500
CHEMBL5414144,CCN1/C(=C/C(C)=O)Sc2ccc(OC(=O)NC3CCCCC3)cc21,1,CHEMBL5414144
CHEMBL4789995,CCN(CC)C(=O)/C=C/c1ccc(OC(=O)N(C)C)c(OC)c1,1,CHEMBL4789995
CHEMBL4759355,COc1cc(/C=C/C(=O)N2CCC(Cc3ccccc3)CC2)ccc1OC(=O)N(c1ccccc1)c1ccccc1,1,CHEMBL4759355
CHEMBL2088785,N#Cc1cc(C#N)c(NCCCC2CCN(Cc3ccccc3)CC2)nc1N,0,CHEMBL2088785
CHEMBL5401005,CC(C)NCCN1C(=O)CSC1c1ccc(Cl)cc1Cl,1,CHEMBL5401005
CHEMBL2071424,CC(C)=CCC/C(C)=C/Cc1ccc(O)c2nc3cccc(O)c3nc12,1,CHEMBL2071424
CHEMBL3233992,N#CC(c1ccc2c(c1)OCO2)N1CCCCC1,1,CHEMBL3233992
CHEMBL3234001,COc1cc(C(C#N)N2CCN(C)CC2)ccc1O,1,CHEMBL3234001
CHEMBL5192450,O=C(CN1CCN(c2ccccc2)CC1)Nc1n[nH]c2ncccc12,1,CHEMBL5192450
CHEMBL5209231,Cc1ccc2nc3c(c(N4CCOCC4)c2c1)CCCC3,1,CHEMBL5209231
CHEMBL5172647,COc1cc2nc3c(c(N4CCOCC4)c2cc1OC)CCCC3,0,CHEMBL5172647
CHEMBL5205489,Nc1nn(-c2c3c(nc4ccc([N+](=O)[O-])cc24)CCCC3)c2ncccc12,0,CHEMBL5205489
CHEMBL5185354,CC(=O)Nc1ccc2nc3c(c(N4CCCCC4)c2c1)CCCC3,0,CHEMBL5185354
CHEMBL3402717,CN(CCCCCN1C(=O)c2ccccc2C1=O)Cc1cccc(Cl)c1,0,CHEMBL3402717
CHEMBL2238006,Nc1c2c(nc3nc(-c4ccccc4)cc(C(F)(F)F)c13)-c1ccccc1C2,1,CHEMBL2238006
CHEMBL4465796,COc1ccc(/C=C2/S/C(=N/c3ccc4oc(=O)ccc4c3)NC2=O)cc1,0,CHEMBL4465796
CHEMBL4542575,O=C1N/C(=N\c2ccc3oc(=O)ccc3c2)S/C1=C/c1ccc(F)cc1,0,CHEMBL4542575
CHEMBL5591282,Nc1c2c(nc3ccc(Oc4ccccc4)cc13)CCC2,1,CHEMBL5591282
CHEMBL5565340,CC(=O)c1ccc(Oc2ccc3nc4c(c(N)c3c2)CCC4)cc1,1,CHEMBL5565340
CHEMBL5565926,Cc1cc(C)cc(Oc2ccc3nc4c(c(N)c3c2)CCC4)c1,1,CHEMBL5565926
CHEMBL5567590,C[C@@H](c1cccc(OC(=O)NCCCCCNc2c3c(nc4ccccc24)CCCC3)c1)N(C)C,0,CHEMBL5567590
CHEMBL4278434,CCN(CC)CCOc1cccc(/C=C2\COc3ccccc3C2=O)c1,1,CHEMBL4278434
CHEMBL4534345,COc1cc2ncnc(NCc3cn(CC4CCN(Cc5ccccc5)CC4)nn3)c2cc1OC,1,CHEMBL4534345
CHEMBL2071427,Oc1ccc2nc3ccccc3nc2c1,1,CHEMBL2071427
CHEMBL2019053,O=C(NCCCCCCCCCCNc1c2c(nc3cc(Cl)ccc13)CCCC2)c1cc(=O)c2cc(O)c(O)cc2o1,0,CHEMBL2019053
CHEMBL2019047,O=C(NCCCCCCCCCCNc1c2c(nc3ccccc13)CCCC2)c1cc(=O)c2c(O)cc(O)cc2o1,0,CHEMBL2019047
CHEMBL2019040,COc1cc2oc(C(=O)NCCCCCCCCCCNc3c4c(nc5ccccc35)CCCC4)cc(=O)c2cc1OC,0,CHEMBL2019040
CHEMBL4793006,O=C(N/N=C/c1ccc(O)cc1)N1CCN(c2ccccn2)CC1,1,CHEMBL4793006
CHEMBL5272435,COc1ccc2c(=O)cc(C(=O)NCCN3CCCCC3)oc2c1,0,CHEMBL5272435
CHEMBL5182776,CCCCC1OC(=O)c2cc(OCc3ccc(CN(CC)CC)c(O)c3)ccc21,0,CHEMBL5182776
CHEMBL87344,C[N+]1(Cc2ccccc2)CCC(CCC(=O)c2ccc3c(c2)CCO3)CC1,0,CHEMBL87344
CHEMBL3696475,Cc1c([C@@H](O)CN2CCN(C[C@H](O)c3ccc4c(c3C)COC4=O)CC2)ccc2c1COC2=O,1,CHEMBL3696475
CHEMBL4855139,CCc1ccc(CN2CCC(c3cc4ccccc4o3)CC2)cc1,1,CHEMBL4855139
CHEMBL4849087,COc1ccc(C(=O)c2c(C3CCN(Cc4ccccc4)CC3)oc3ccccc23)cc1,1,CHEMBL4849087
CHEMBL591729,CNC(=O)Oc1ccc2c(c1)[C@]1(C)CCN(C)[C@]1(C)N2C,0,CHEMBL591729
CHEMBL5187561,CN1c2ccccc2C(NCCCCCCC(=O)CCCCNc2c3c(nc4ccccc24)CCCC3)c2ccc(Cl)cc2S1(=O)=O,0,CHEMBL5187561
CHEMBL5182486,CCn1c2ccccc2c2cc(/C=C/c3ccc(NC(=S)NCCN4CCCC4)cc3)ccc21,1,CHEMBL5182486
CHEMBL2160227,CN(CCCCCCCOc1cccc(-c2oc3ccccc3c2C(=O)c2ccccc2)c1)Cc1ccccc1,0,CHEMBL2160227
CHEMBL4210016,CO[C@H]1C[C@H]2C(=C[C@@H]1O)[C@H]1CN2Cc2cc3c(cc21)OCO3,1,CHEMBL4210016
CHEMBL5090722,CO[C@H]1C[C@H]2C(=C[C@@H]1OC(=O)c1ccccc1C)[C@H]1CN2Cc2cc3c(cc21)OCO3,1,CHEMBL5090722
CHEMBL5076903,CO[C@H]1C[C@H]2C(=C[C@@H]1OC(=O)c1cccc([N+](=O)[O-])c1)[C@H]1CN2Cc2cc3c(cc21)OCO3,1,CHEMBL5076903
CHEMBL5078153,CO[C@H]1C[C@H]2C(=C[C@@H]1OC(=O)c1ccc([N+](=O)[O-])cc1Cl)[C@H]1CN2Cc2cc3c(cc21)OCO3,1,CHEMBL5078153
CHEMBL5070022,CO[C@H]1C=C2[C@H]3CN(Cc4cc5c(cc43)OCO5)[C@H]2C[C@@H]1OC(=O)N1CCCCC1,1,CHEMBL5070022
CHEMBL5429003,CCOP(=O)(OCC)C(Nc1ccccc1OC)c1ccc(OCc2nc3ccccc3c(=O)n2-c2ccc(F)cc2)c(OC)c1,1,CHEMBL5429003
CHEMBL4778925,CCc1ccc(NC(=O)COc2c(Cl)cc(Cl)cc2S(=O)(=O)N2CCN(C(=O)c3ccco3)CC2)cc1,1,CHEMBL4778925
CHEMBL4556651,C=CCNC(=S)NNc1c2c(nc3ccccc13)CCCC2,1,CHEMBL4556651
CHEMBL5566825,O=C(NCCCCCCNc1c2c(nc3cc(Cl)ccc13)CCCC2)Oc1ccc(-c2cc3cccnc3[nH]2)cc1,0,CHEMBL5566825
CHEMBL4284475,CC(C)(C)c1cc(/C=C/C(=O)NCCC2CCN(Cc3ccc(F)cc3)CC2)cc(C(C)(C)C)c1O,0,CHEMBL4284475
CHEMBL4281727,CC(C)(C)c1cc(/C=C/C(=O)NCCC2CCN(Cc3ccc(Br)cc3)CC2)cc(C(C)(C)C)c1O,1,CHEMBL4281727
CHEMBL3642052,CC(=O)NCCc1c[nH]c2ccc(OC(=O)NCCCCCCCCCCNc3c4c(nc5ccccc35)CCCC4)cc12,0,CHEMBL3642052
CHEMBL4468781,COc1ccc2[nH]cc(CCNC(=O)CCCCCNc3c4c(nc5cc(Cl)cc(Cl)c35)CCCC4)c2c1,0,CHEMBL4468781
CHEMBL4469239,S=C(CCCCCNc1c2c(nc3ccccc13)CCCC2)NCCc1c[nH]c2ccccc12,0,CHEMBL4469239
CHEMBL14638,O=C(c1ccc(OCCCc2c[nH]cn2)cc1)C1CC1,1,CHEMBL14638
CHEMBL3597004,COC(=O)C1=C(Nc2ccc(C)cc2)C[C@@H](c2ccc(C)cc2)N(c2ccc(C)cc2)[C@@H]1c1ccc(C)cc1,1,CHEMBL3597004
CHEMBL4465544,COc1ccc(C2=NN(C(C)=O)C(c3ccc(N4CCN(Cc5ccccc5)CC4)cc3)C2)cc1OC,1,CHEMBL4465544
CHEMBL4576193,COc1ccc(C2=NN(C(C)=O)C(c3ccc(N4CCC(Cc5ccccc5)CC4)cc3)C2)cc1OC,1,CHEMBL4576193
CHEMBL5594849,O=C(CNCCCCNCC(=O)Nc1c2c(nc3c1CCC3)CCCC2)Nc1c2c(nc3c1CCC3)CCCC2,1,CHEMBL5594849
CHEMBL3403310,CCN(CC)C(=O)[C@H](Cc1ccc2ccccc2c1)NC(=O)[C@H](CC(C)C)NC(=O)[C@@H](NC(=O)[C@@H](N)COC(=O)[C@H](CC(C)C)NC(C)=O)C(C)C,1,CHEMBL3403310
CHEMBL3403314,CCN(CC)C(=O)[C@H](Cc1ccc(Br)cc1)NC(=O)[C@H](CC(C)C)NC(=O)[C@@H](NC(=O)[C@@H](N)COC(=O)[C@@H]1CCCN1C(C)=O)C(C)C,1,CHEMBL3403314
CHEMBL3133444,O=C(CN1CCN(Cc2ccccc2)CC1)NC1c2cn[nH]c2-c2sccc21,1,CHEMBL3133444
CHEMBL4456433,CCOc1ccc(Cc2nc3cc(C(=O)N(CC)CC)ccc3n2CCOCCOCCNc2c3c(nc4ccccc24)CCCC3)cc1,0,CHEMBL4456433
CHEMBL4579667,O=C(CCCCCCCNc1c2c(nc3ccccc13)CCCC2)NCCc1c[nH]c2ccc(O)cc12,0,CHEMBL4579667
CHEMBL5080190,COc1cc2c[n+]3c(cc2c(CO)c1OC)-c1c(cc2c(c1OC)OCO2)CC3,1,CHEMBL5080190
CHEMBL5574703,CN(Cc1ccc(COc2ccc3c(CO)cc(=O)oc3c2)cc1)Cc1nccs1,1,CHEMBL5574703
CHEMBL5286006,COc1ccc2c(c1)c(C=O)cn2CCCCCCCCCN(C)Cc1ccc(O)cc1,1,CHEMBL5286006
CHEMBL4758871,CS[C@@H](Cn1nnc2cc(C#Cc3ccc(N4CC5(COC5)C4)cc3)ccc21)N(O)C=O,1,CHEMBL4758871
CHEMBL3819083,COc1cc(/C=C/C(=O)NCCC2CCN(Cc3ccccc3)CC2)cc(OC)c1OC,0,CHEMBL3819083
CHEMBL5178355,CCCCC1OC(=O)c2cc(OCc3ccc(CN4CCCCC4)c(O)c3)ccc21,0,CHEMBL5178355
CHEMBL4283986,CCCCCN(C)Cc1cc(N)ccc1O,1,CHEMBL4283986
CHEMBL4292574,CNCc1cc(N)ccc1O,1,CHEMBL4292574
CHEMBL4284580,O=C(O)/C=C/c1ccc2occ(C(=O)Nc3ccccc3)c(=O)c2c1,1,CHEMBL4284580
CHEMBL4283814,Cc1ccc(NC(=O)c2cc(=O)c3cc(/C=C/C(=O)O)ccc3o2)cc1,1,CHEMBL4283814
CHEMBL4283463,CCN(CC)CCOC(=O)/C=C/c1ccc2occ(C(=O)Nc3cccc(Cl)c3)c(=O)c2c1,1,CHEMBL4283463
CHEMBL4294859,COc1ccc(NC(=O)c2coc3ccc(/C=C/C(=O)OCCN(C)C)cc3c2=O)cc1,1,CHEMBL4294859
CHEMBL4286556,CN(C)CCOC(=O)/C=C/c1ccc2occ(C(=O)Nc3ccccc3)c(=O)c2c1,1,CHEMBL4286556
CHEMBL5180743,CN(CCC1CCCCCC1)Cc1c[nH]c2ccccc12,1,CHEMBL5180743
CHEMBL5184276,CCCC[N+](C)(CCCc1c[nH]c2ccccc12)CCC1CCCCCC1,1,CHEMBL5184276
CHEMBL5220742,O=C1CCOc2cc(OCCCCCSC(=S)N3CCCCC3)ccc21,0,CHEMBL5220742
CHEMBL5219046,CC[C@@]1(c2cccc(OC(=O)Nc3ccccc3)c2)CCCCN(C)C1,0,CHEMBL5219046
CHEMBL206642,CC(C)c1ccc(NC(=O)Oc2ccc3c(c2)[C@]2(C)CCO[C@@H]2O3)cc1,1,CHEMBL206642
CHEMBL5219452,CNC(=O)Oc1cccc2c1CCC1C2CCN1CCC1CCCCC1,0,CHEMBL5219452
CHEMBL5220283,CNC(=O)Oc1cccc(CN(C)CCCCCCOc2ccc3c(c2)O/C(=C\c2cc(OC)c(OC)c(OC)c2)C3=O)c1,0,CHEMBL5220283
CHEMBL5218931,CC(=O)N1CC[C@@]2(O)c3cc(OC(=O)Nc4ccccc4)ccc3N[C@@H]12,0,CHEMBL5218931
CHEMBL5266286,COc1ccccc1NC(=O)C1CCN(C(=O)c2ccccc2)CC1,0,CHEMBL5266286
CHEMBL5277927,COc1ccccc1C(=O)N1Cc2ccc(N3C(=O)c4ccccc4C3=O)cc2CC1=O,0,CHEMBL5277927
CHEMBL325761,Cc1c(C)c2ccc(OCc3ccc(F)c(F)c3)cc2oc1=O,1,CHEMBL325761
CHEMBL4290401,COc1cccc2c(=O)cc(C(=O)NCCC3CCN(Cc4ccccc4)CC3)[nH]c12,1,CHEMBL4290401
CHEMBL4292446,COc1cc2oc(C(=O)NC3CCN(Cc4ccccc4)CC3)cc(=O)c2cc1OC,0,CHEMBL4292446
CHEMBL4795876,NC(=O)c1sc(-c2ccnc(NC(=O)C3CC3)c2)nc1OCCC1CCN(Cc2cccc(F)c2)CC1,1,CHEMBL4795876
CHEMBL4748792,CNC(=O)c1sc(-c2ccnc(NC(=O)C3CC3)c2)nc1OCC1CCN(Cc2ccccc2)CC1,1,CHEMBL4748792
CHEMBL5082296,CO[C@H]1C[C@H]2C(=C[C@@H]1OC(=O)c1ccccc1[N+](=O)[O-])[C@H]1CN2Cc2cc3c(cc21)OCO3,1,CHEMBL5082296
CHEMBL5078705,CO[C@H]1C[C@H]2C(=C[C@@H]1OC(=O)c1ccc([N+](=O)[O-])cc1)[C@H]1CN2Cc2cc3c(cc21)OCO3,1,CHEMBL5078705
CHEMBL5090057,CO[C@H]1C[C@H]2C(=C[C@@H]1OC(=O)C1CCCCC1)[C@H]1CN2Cc2cc3c(cc21)OCO3,1,CHEMBL5090057
CHEMBL5088074,CO[C@H]1C[C@H]2C(=C[C@@H]1OCCN1CCCCC1)[C@H]1CN2Cc2cc3c(cc21)OCO3,1,CHEMBL5088074
CHEMBL5079168,Cc1ccccc1C(=O)O[C@@H]1C=C[C@]23CCN(Cc4cc5c(cc42)OCO5)[C@H]3C1,1,CHEMBL5079168
CHEMBL5597206,COc1cc(-c2cccc3c2N(C)CC3)c(CN2CC[C@@]34C=C[C@H](O)C[C@@H]3Oc3c(OC)ccc(c34)C2)c(OC)c1OC,1,CHEMBL5597206
CHEMBL5598195,CCOC(=O)C1=C(Nc2ccc(F)cc2)CC(c2cccc(F)c2)N(c2ccc(F)cc2)C1c1cccc(F)c1,1,CHEMBL5598195
CHEMBL5595199,C[C@@H](c1cccc(OC(=O)NCCCCCCNc2c3c(nc4cc(Cl)ccc24)CCCC3)c1)N(C)C,0,CHEMBL5595199
CHEMBL4752466,Cc1cccc(-c2nnc(N3CCN(c4ccccn4)CC3)o2)c1,1,CHEMBL4752466
CHEMBL4779999,Brc1ccc(-c2nnc(N3CCN(c4ccccn4)CC3)o2)cc1,0,CHEMBL4779999
CHEMBL2332981,O=C(C[C@H]1C[C@H]2CCCN2[C@]12C(=O)Nc1ccccc12)N1C/C(=C\c2cccc3ccccc23)C(=O)[C@]2(C[C@H]3CCCN3[C@@]23C(=O)Nc2ccccc23)C1,1,CHEMBL2332981
CHEMBL2332540,O=C(C[C@H]1C[C@H]2CCCN2[C@]12C(=O)Nc1ccccc12)N1C/C(=C\c2ccc(F)cc2)C(=O)[C@]2(C[C@H]3CCCN3[C@@]23C(=O)Nc2ccccc23)C1,1,CHEMBL2332540
CHEMBL2332530,Cc1ccc(/C=C2\CN(C(=O)C[C@H]3C[C@H]4CCCN4[C@]34C(=O)Nc3ccccc34)C[C@@]3(C[C@H]4CCCN4[C@@]34C(=O)Nc3ccccc34)C2=O)cc1,1,CHEMBL2332530
CHEMBL2332532,O=C(C[C@H]1C[C@H]2CCCN2[C@]12C(=O)Nc1ccccc12)N1C/C(=C\c2cccc([N+](=O)[O-])c2)C(=O)[C@]2(C[C@H]3CCCN3[C@@]23C(=O)Nc2ccccc23)C1,1,CHEMBL2332532
CHEMBL2332542,COc1ccccc1/C=C1\CN(C(=O)C[C@H]2C[C@H]3CCCN3[C@]23C(=O)Nc2ccccc23)C[C@@]2(C[C@H]3CCCN3[C@@]23C(=O)Nc2ccccc23)C1=O,1,CHEMBL2332542
CHEMBL5170719,CCN(CC)C(=O)c1ccc2c(c1)nc(Cc1ccc(OC(=O)NCCCCCCN3CCc4ccccc4C3)cc1)n2CCC(C)C,1,CHEMBL5170719
CHEMBL4756176,COc1cc(/C=C/C(=O)N2CCN(Cc3ccccc3)CC2)ccc1OC(=O)N(C)C,1,CHEMBL4756176
CHEMBL4793075,CCN(C)C(=O)Oc1ccc(/C=C/C(=O)N2CCc3ccccc3C2)cc1OC,1,CHEMBL4793075
CHEMBL4760427,CC1=C[C@@H]2Cc3[nH]c(=O)ccc3[C@]3(C1)NCCC[C@H]23,1,CHEMBL4760427
CHEMBL4741157,Cc1cc(S(=O)(=O)Nc2cnccn2)c(C(C)C)cc1O,1,CHEMBL4741157
CHEMBL4792741,CNC(=O)c1sc(-c2ccnc(NC(=O)C3CC3)c2)nc1OCC1CCN(Cc2ccc(Br)cc2)CC1,1,CHEMBL4792741
CHEMBL5594287,O=C(NCCCCCCNc1c2c(nc3cc(Br)ccc13)CCCC2)Oc1ccc2cc[nH]c2c1,0,CHEMBL5594287
CHEMBL5597242,CCOC(=O)C1=C(Nc2ccc(F)cc2)CC(c2ccc(F)cc2)N(c2ccc(F)cc2)C1c1ccc(F)cc1,0,CHEMBL5597242
CHEMBL5598380,CCOC(=O)C1=C(Nc2ccc(F)cc2)CC(c2ccc(C(F)(F)F)cc2)N(c2ccc(F)cc2)C1c1ccc(C(F)(F)F)cc1,0,CHEMBL5598380
CHEMBL5595921,C/C(NCCCCNc1c2c(nc3ccccc13)CCCC2)=C(/N=N/c1ccc(C)cc1)C(=O)c1ccccc1,0,CHEMBL5595921
CHEMBL1201196,Clc1ccc(C(Cn2ccnc2)OCc2csc3c(Cl)cccc23)c(Cl)c1,0,CHEMBL1201196
CHEMBL325502,CCCCC1=NC2(CCCC2)C(=O)N1Cc1ccc(-c2ccccc2C(=O)OC)cc1,0,CHEMBL325502
CHEMBL5419417,COc1ccccc1C1SCC(=O)N1CCCN(C)C,1,CHEMBL5419417
CHEMBL5542397,COc1cc2ncnc(N3CCN(C(c4ccccc4)c4ccccc4)CC3)c2cc1OC,0,CHEMBL5542397
CHEMBL5505910,COc1cc2ncnc(N3CCN(C(C)=O)CC3)c2cc1OC,1,CHEMBL5505910
CHEMBL5590121,Cc1ccc(/C=N/NC(=O)Cn2c(=O)sc3ccccc32)s1,1,CHEMBL5590121
CHEMBL5594195,c1ccc2c(c1)-c1ccccc1C2NC1CCCCC1,1,CHEMBL5594195
CHEMBL4291296,O=C(NCCC1CCN(Cc2ccccc2)CC1)c1cc(=O)c2cc(O)ccc2o1,0,CHEMBL4291296
CHEMBL4286731,COc1ccc2oc(C(=O)OCC3CCN(Cc4ccccc4)CC3)cc(=O)c2c1,1,CHEMBL4286731
CHEMBL452201,COc1ccc2c(c1)C[C@H]1NCCc3cc4c(c-2c31)OCO4,1,CHEMBL452201
CHEMBL3764305,COc1ccc2c3c1O[C@H]1CC(O)CC[C@@]31CCN(C)C2,0,CHEMBL3764305
CHEMBL5409365,FC(F)(F)c1ccc(-c2nnc(CNC3CCN(Cc4ccccc4)C3)o2)cc1,0,CHEMBL5409365
CHEMBL1202939,CN(C)CCCN1C(=O)CSC1c1ccc(F)cc1,1,CHEMBL1202939
CHEMBL4225157,C#CCNc1nc(NCCCCC2CCN(Cc3ccccc3)CC2)c(C#N)cc1C#N,0,CHEMBL4225157
CHEMBL5574521,COc1ccccc1Oc1ccc2nc3c(c(N)c2c1)CCC3,1,CHEMBL5574521
CHEMBL5569264,Cc1ccccc1Oc1ccc2nc3c(c(N)c2c1)CCCC3,1,CHEMBL5569264
CHEMBL5573162,Nc1c2c(nc3ccc(Oc4ccc(Cl)cc4)cc13)CCCCC2,1,CHEMBL5573162
CHEMBL4446287,CN(Cc1ccnc(NC(=O)Nc2cccc3c2C2CCCCN2C3=O)c1)Cc1cn(CCNc2c3c(nc4ccccc24)CCCC3)nn1,0,CHEMBL4446287
CHEMBL3981946,COCCOC(=O)C1=C(C)Nc2nc3c(c(N)c2C1c1ccccc1Cl)CC(C)(C)CC3,0,CHEMBL3981946
CHEMBL3928459,COC(=O)C1=C(C)Nc2nc3c(c(N)c2C1c1cccc([N+](=O)[O-])c1)CSC3,0,CHEMBL3928459
CHEMBL5512503,N#Cc1cccc(NC(=O)Cn2nc(-c3ccccc3)c(-c3ccccc3)nc2=O)c1,1,CHEMBL5512503
CHEMBL4473438,CCOc1ccc(Cc2nc3cc(C(=O)N(CC)CC)ccc3n2CCCCNc2c3c(nc4ccccc24)CCCC3)cc1,0,CHEMBL4473438
CHEMBL5429766,CCCN(CCc1ccccc1OC)Cc1cccc(OC)c1OCc1ccccc1,1,CHEMBL5429766
CHEMBL5425341,CCN(CCc1cccc(OC)c1)Cc1cccc(OC)c1OCc1ccccc1,1,CHEMBL5425341
CHEMBL4209728,Cc1cccc(C(=O)Nc2ccc3c(c2)CNC(=O)C3)c1,0,CHEMBL4209728
CHEMBL5411115,Cc1ccc(C(c2ccccc2O)N2CCN(c3cnccn3)CC2)cc1,1,CHEMBL5411115
CHEMBL3402708,CN(CCCCCCN1C(=O)c2ccccc2C1=O)Cc1ccccc1,1,CHEMBL3402708
CHEMBL3402715,CN(CCCCCCCCN1C(=O)c2ccccc2C1=O)Cc1ccccc1F,0,CHEMBL3402715
CHEMBL4285779,COc1ccc2c(=O)cc(C(=O)NCCC3CCN(Cc4ccccc4)CC3)oc2c1,0,CHEMBL4285779
CHEMBL5569081,C[C@@H](c1cccc(OC(=O)NCCCCCCNc2c3c(nc4cc(Br)ccc24)CCCC3)c1)N(C)C,0,CHEMBL5569081
CHEMBL453641,C=C(C)[C@H](CC=C(C)C)Cc1c(O)cc(OC)c2c1O[C@H](c1ccc(O)cc1O)CC2=O,1,CHEMBL453641
CHEMBL5572134,Cc1cc(=O)oc2cc(OCc3ccc(-c4noc([C@@H]5CCCN5)n4)cc3)ccc12,1,CHEMBL5572134
CHEMBL5583577,CCCNC(C)C(=O)Nc1c(C)csc1-c1nc(C)no1,0,CHEMBL5583577
CHEMBL5574783,CCCNC(C)C(=O)Nc1c(C)csc1-c1nc(-c2ccccc2)no1,0,CHEMBL5574783
CHEMBL5568989,CCCNC(C)C(=O)Nc1c(C)csc1-c1nc(-c2ccccc2N)no1,0,CHEMBL5568989
CHEMBL4441059,O=[N+]([O-])c1ccc(-n2cc(COc3ccc(/C=N/Nc4c5c(nc6ccccc46)CCCC5)cc3)nn2)cc1,1,CHEMBL4441059
CHEMBL4451843,O=C(NCCCCCNc1c2c(nc3ccccc13)CCCC2)c1c2ccccc2nc2ccccc12,0,CHEMBL4451843
CHEMBL4795152,O=C1CC(c2ccc(OCCCCN3CCN(Cc4ccccc4)CC3)cc2)Oc2cc(OCCCCN3CCN(Cc4ccccc4)CC3)cc(O)c21,1,CHEMBL4795152
CHEMBL4794189,O=C1CC(c2ccc(OCCCCN3CCc4ccccc4C3)cc2)Oc2cc(OCCCCN3CCc4ccccc4C3)cc(O)c21,1,CHEMBL4794189
CHEMBL5556622,O=C(NCCNc1c2c(nc3ccccc13)CCCC2)Oc1ccc2cc[nH]c2c1,1,CHEMBL5556622
CHEMBL5564643,O=C(NCCCNc1c2c(nc3ccccc13)CCCC2)Oc1ccc2cc[nH]c2c1,0,CHEMBL5564643
CHEMBL4787418,CCCCN[C@@H](Cc1c[nH]c2ccccc12)C(=O)NCCC1CCN(Cc2ccccc2)CC1,1,CHEMBL4787418
CHEMBL4796199,Oc1ccccc1/C=N\C1CCN(Cc2ccccc2)C1,1,CHEMBL4796199
CHEMBL2425409,O=C1NC(=S)NC(=O)C1=CNNC(=S)Nc1ccc(F)cc1,1,CHEMBL2425409
CHEMBL2425417,CC(=O)NC=C1C(=O)NC(=O)NC1=O,1,CHEMBL2425417
CHEMBL1771549,c1cc(C[N+]23CCC(CC2)CC3)cc(-c2cccc(C[N+]34CCC(CC3)CC4)c2)c1,0,CHEMBL1771549
CHEMBL3763535,O=c1oc2cc(OCCNC3CCN(Cc4ccccc4)CC3)ccc2c2c1CCCC2,1,CHEMBL3763535
CHEMBL4786712,CS[C@@H](Cn1nnc2cc(C#Cc3ccc(N4CC5(C4)C[S+]([O-])C5)cc3)ccc21)N(O)C=O,1,CHEMBL4786712
CHEMBL3237520,CN(Cc1ccccc1)Cc1ccc(C(=O)c2ccc(O)c(F)c2)cc1,1,CHEMBL3237520
CHEMBL1819179,Clc1ccc2c(NCCCCCCCOc3cccc(-c4cc5ccccc5o4)c3)c3c(nc2c1)CCCC3,0,CHEMBL1819179
CHEMBL4788434,COc1cc(CNC(=O)CCCCCNc2c3c(nc4cc(Cl)ccc24)CC2C=C(C)CC3C2)ccc1O,0,CHEMBL4788434
CHEMBL3585781,COc1ccc(C(C)NS(N)(=O)=O)cc1,0,CHEMBL3585781
CHEMBL3577520,CCN(CCCOc1ccc(-c2cc(=O)c3c(O)c(OC)c(OC)cc3o2)cc1)Cc1ccccc1OC,0,CHEMBL3577520
CHEMBL3261985,O=C(/C=N\O)Nc1ccc[n+](CCC[n+]2cccc(NC(=O)/C=N\O)c2)c1,1,CHEMBL3261985
CHEMBL3585784,COc1cccc(OC)c1C(C)NS(N)(=O)=O,0,CHEMBL3585784
CHEMBL3237633,CC[C@H]1[C@@H]2OC(=O)[C@@](C)(O)[C@@H]2[C@@]23CC[C@@H]([C@@H]4C[C@H](C)C(=O)O4)N2CCCC[C@H]13,1,CHEMBL3237633
CHEMBL3585777,COc1ccc(C(C)NS(=O)(=O)NC(=O)OCc2ccccc2)cc1OC,0,CHEMBL3585777
CHEMBL1377579,N#CC(c1ccc(O)cc1)N1CCCCC1,1,CHEMBL1377579
CHEMBL4797974,CCOC(=O)c1c(C)nc(N2CCN(S(=O)(=O)c3ccc(NC(C)=O)c(F)c3)CC2)nc1-c1ccc(OC)cc1,0,CHEMBL4797974
CHEMBL4749805,CCOC(=O)c1c(C)nc(N2CCN(S(=O)(=O)c3ccc(NC(C)=O)c(Cl)c3)CC2)nc1-c1ccccc1,0,CHEMBL4749805
CHEMBL4785119,CCOC(=O)c1c(C)nc(N2CCN(S(=O)(=O)c3ccc(NC(C)=O)c(OC)c3)CC2)nc1-c1ccc(OC)c(OC)c1,0,CHEMBL4785119
CHEMBL3234040,CC1=CC2Cc3nc4cc(Cl)ccc4c(NCc4ccc(CNC(=O)c5cc(O)c6c(c5)C(=O)c5cccc(O)c5C6=O)cc4)c3C(C1)C2,0,CHEMBL3234040;CHEMBL3304178
CHEMBL3763973,N#CC1=C(N)N(Cc2ccccc2)C(NCc2ccccc2)=C([N+](=O)[O-])C12C(=O)Nc1ccc(F)cc12,1,CHEMBL3763973
CHEMBL3765093,Cc1ccc2c(c1)C1(C(=O)N2)C(C#N)=C(N)N2CC(C)(C)CNC2=C1[N+](=O)[O-],1,CHEMBL3765093
CHEMBL3763203,N#CC1=C(N)N2CCCNC2=C([N+](=O)[O-])C12C(=O)Nc1ccccc12,1,CHEMBL3763203
CHEMBL3736339,COC(=O)C1=C(C)OP(=O)(OC)OCC1,1,CHEMBL3736339
CHEMBL3122149,CCNC(=O)c1ccc2nc(-c3ccc(Cl)cc3)c3c(c2c1)N(Cc1ccccc1)CCC3,0,CHEMBL3122149
CHEMBL3122146,CCOC(=O)c1ccc2nc(-c3ccc(C(=O)OC)cc3)c3c(c2c1)N(Cc1ccccc1)CCC3,1,CHEMBL3122146
CHEMBL3122145,CCOC(=O)c1ccc2nc(-c3cccnc3)c3c(c2c1)N(Cc1ccccc1)CCC3,1,CHEMBL3122145
CHEMBL3122171,CCOC(=O)c1ccc2nc(-c3cccnc3)c3c(c2c1)N(Cc1ccccc1)C(=O)CC3,1,CHEMBL3122171
CHEMBL5399112,O=C(Nc1cc(-c2nc3ccccc3[nH]2)n[nH]1)c1ccc(N2CCNCC2)cc1,1,CHEMBL5399112
CHEMBL5071046,CON(C)C(=O)Oc1ccccc1C(=O)NCCc1c[nH]c2ccccc12,1,CHEMBL5071046
CHEMBL4762943,COc1cccc(COc2c(OC)ccc3cc4[n+](cc23)CCc2cc3c(cc2-4)OCO3)c1,1,CHEMBL4762943
CHEMBL4752175,COc1ccc2cc3[n+](cc2c1OCc1ccc(C(F)(F)F)cc1)CCc1cc2c(cc1-3)OCO2,1,CHEMBL4752175
CHEMBL4294609,O=C(NCCC1CCN(Cc2ccccc2)CC1)c1cc(=O)c2cc(O)ccc2[nH]1,0,CHEMBL4294609
CHEMBL4445345,Cc1cc(=O)oc2ccc(OC/C=C/CCn3cnc4c(N5CCCCC5)ncnc43)cc12,1,CHEMBL4445345
CHEMBL5402460,O/N=C/c1cc(F)cc(CN2CCN(c3ccncc3)CC2)c1O,1,CHEMBL5402460
CHEMBL5397804,Cc1ccc(N2CCN(Cc3cc(C)cc(/C=N/O)c3O)CC2)cc1,1,CHEMBL5397804
CHEMBL5200613,COc1ccc(-c2cc(-c3ccccc3)nc3[nH]nc(N)c23)cc1,1,CHEMBL5200613
CHEMBL4519496,Brc1ccc(-c2nnn3c2C2c4ccccc4CCN2Cc2ccccc2-3)cc1,0,CHEMBL4519496
CHEMBL5432462,O=C1Cc2cc(OCc3ccc(F)cc3)ccc2C=C1C(=O)NCCc1c[nH]c2ccccc12,0,CHEMBL5432462
CHEMBL5397379,O=C1c2c(ccc(O)c2O)CCn2cccc21,1,CHEMBL5397379
CHEMBL4249829,C=Cc1oc2ccc(Br)cc2c(=O)c1CN(C)/C=C/C(=O)OC,1,CHEMBL4249829
CHEMBL1202933,CN(C)CCCN1C(=O)CSC1c1cccc(F)c1,1,CHEMBL1202933
CHEMBL4293626,C[C@H]1COc2c1c(=O)oc(=O)c1c3c(ccc21)C(C)(C)CCC3,1,CHEMBL4293626
CHEMBL5542098,COc1cc2ncnc(N3CCN(c4ccc(Br)cc4)CC3)c2cc1OC,0,CHEMBL5542098
CHEMBL4750360,CCN(C)C(=O)Oc1ccc(/C=C/C(=O)N2CCN(Cc3ccccc3)CC2)cc1,1,CHEMBL4750360
CHEMBL4776936,CCN(C)C(=O)Oc1ccc(/C=C/C(=O)N2CCC(Cc3ccccc3)CC2)cc1,1,CHEMBL4776936
CHEMBL4282154,COc1nc(-c2ccnc(NC(=O)C3CC3)c2)sc1C(=O)NCCNc1c2c(nc3cc(Cl)ccc13)CCCC2,0,CHEMBL4282154
CHEMBL4290039,COc1nc(-c2ccnc(NC(=O)C3CC3)c2)sc1C(=O)NCCCCCCNc1c2c(nc3ccccc13)CCCC2,0,CHEMBL4290039
CHEMBL4540814,O=C(c1ccccc1Cl)n1nc(OCCN2CCCC2)c2ccccc21,1,CHEMBL4540814
CHEMBL4473145,Cc1cc(C)c(C(=O)n2nc(OCCN3CCCCC3)c3ccccc32)c(C)c1,1,CHEMBL4473145
CHEMBL4177242,CCN(CC)C(=S)SCCOc1ccc2c(C)cc(=O)oc2c1,1,CHEMBL4177242
CHEMBL5572620,O=C(NCCNc1c2c(nc3ccccc13)CCCC2)Oc1ccc(-c2cc3cccnc3[nH]2)cc1,1,CHEMBL5572620
CHEMBL5573148,O=C(NCCCNc1c2c(nc3ccccc13)CCCC2)Oc1ccc(-c2cc3cccnc3[nH]2)cc1,0,CHEMBL5573148
CHEMBL3597948,CCOC(=O)c1csc(NC(=O)C[n+]2ccc(/C=N/O)cc2)n1,1,CHEMBL3597948
CHEMBL3415643,Nc1oc2ccccc2c(=O)c1/C=C1\COc2ccccc2C1=O,0,CHEMBL3415643
CHEMBL3416997,COc1cc(N)c(Cl)cc1C(=O)CCC1CCN(CC2CCCCCC2)CC1,0,CHEMBL3416997
CHEMBL3417006,COc1cc(N)c(Cl)cc1C(O)CCC1CCN(CC2CCCCC2)CC1,1,CHEMBL3417006
CHEMBL3410952,Cc1c(C)c2c(c(C)c1O)CCC(C)(C(=O)NCCCCNc1c3c(nc4ccccc14)CCCC3)O2,0,CHEMBL3410952
CHEMBL5281758,Cn1c2ccccc2c2cc[n+](-c3ccc(Cl)cc3)cc21,0,CHEMBL5281758
CHEMBL5287874,C=C[C@H]1C[N+]2=C(C[C@@H]1/C(=C\OC)C(=O)OC)c1[nH]c3cccc(OC)c3c1CC2,1,CHEMBL5287874
CHEMBL1098308,O=C(CN1CCCCC1)Nc1ccc2nc3c4[nH]c5ccccc5c4ccn3c(=O)c2c1,0,CHEMBL1098308
CHEMBL5438801,Cc1ccc(NCCC[C@@H]2CCCN3CCCC[C@H]23)c2c(=O)c3ccccc3oc12,1,CHEMBL5438801
CHEMBL4751100,COc1cc2c(cc1O)CCC(C)(CCNCCCCCCCCNc1c3c(nc4cc(Cl)ccc14)CCCC3)O2,0,CHEMBL4751100
CHEMBL5186889,CCCCN(CCc1c[nH]c2c(OC(=O)C(C)C)cccc12)CCC1CCCCCC1,1,CHEMBL5186889
CHEMBL5207628,CC1=C[C@@H]2Cc3nc4cc(Cl)ccc4c(NCCCCC(=O)N4CCC(NC(=O)Nc5ccc(OC(F)(F)F)cc5)CC4)c3[C@H](C1)C2,0,CHEMBL5207628
CHEMBL4250287,C=Cc1oc2ccc(Br)cc2c(=O)c1CN(/C=C/C(C)=O)Cc1ccccc1,1,CHEMBL4250287
CHEMBL5435281,CN(CCC1CCCCCC1)Cc1c[nH]c2c(OC(=O)N(C)C)cccc12,0,CHEMBL5435281
CHEMBL5395691,CCN(C)C(=O)Oc1cccc2c(CN(C)CCC3CCCCCC3)c[nH]c12,1,CHEMBL5395691
CHEMBL5426763,CN(CCC1CCCCCC1)Cc1c[nH]c2c(OC(=O)N3CCCCC3)cccc12,0,CHEMBL5426763
CHEMBL5394478,C#CCCCCCCCCCN(C)C(=O)Oc1cccc2c(CN(C)CCC3CCCCCC3)c[nH]c12,0,CHEMBL5394478
CHEMBL5412829,CON(C)C(=O)Oc1cccc2c(CN(C)CCC3CCCCCC3)c[nH]c12,1,CHEMBL5412829
CHEMBL3353568,CNc1ccccc1-c1nc(C(=O)O)cs1,1,CHEMBL3353568
CHEMBL3360486,COc1cc2c(cc1OC)C(c1ccccc1)N(CCCCCn1ccnc1/C=N/O)CC2,1,CHEMBL3360486
CHEMBL4205426,CCCCCCCCCCCCCCCCNCC(=O)Nc1ccc2nc3n(c(=O)c2c1)CCC3,0,CHEMBL4205426
CHEMBL4203988,CCCCCCCCNCC(=O)Nc1ccc2nc3n(c(=O)c2c1)CCC3,0,CHEMBL4203988
CHEMBL4213792,O=C(Nc1ccc2c(c1)CN(C(=O)c1ccccc1)C(=O)C2)c1ccccc1,0,CHEMBL4213792
CHEMBL4754173,O=C1COCCN1c1ccc(NCc2cc(Cl)cc(/C=N/O)c2O)cc1,1,CHEMBL4754173
CHEMBL4753820,COc1ccc(C(CN(C)c2ccc(NCc3cc(C)cc(/C=N/O)c3O)cc2)C2(O)CCCCC2)cc1,1,CHEMBL4753820
CHEMBL4205374,COc1ccc(Cn2cc(C(=O)NCCNc3c4c(nc5ccccc35)CCCC4)c(=O)c3ccccc32)cc1,0,CHEMBL4205374
CHEMBL3604197,CN(C)c1ccc(C(=O)NCCCCCCCNc2c3c(nc4ccccc24)CCCC3)cc1,0,CHEMBL3604197
CHEMBL4287826,CC(C)(C)c1cc(CCC(=O)NCCC2CCN(Cc3ccccc3)CC2)cc(C(C)(C)C)c1O,1,CHEMBL4287826
CHEMBL4293155,CC(C)(C)c1cc(/C=C/C(=O)NCCC2CCN(Cc3ccccc3Cl)CC2)cc(C(C)(C)C)c1O,1,CHEMBL4293155
CHEMBL4476621,O=C(NNC(=S)Nc1ccc(Cl)c(Cl)c1)c1ccccc1O,0,CHEMBL4476621
CHEMBL4529936,Fc1cc(F)cc(CN2CCC(CNc3nc(-c4ccc(Cl)cc4)c(-c4ccc(Cl)cc4)s3)CC2)c1,0,CHEMBL4529936
CHEMBL4591964,O=C(Nc1nc(-c2ccc(Cl)cc2)c(-c2ccc(Cl)cc2)s1)C1CCN(Cc2cccc(F)c2)CC1,0,CHEMBL4591964
CHEMBL4578266,Cc1ccc(-c2nc(NC(=O)C3CCN(Cc4ccc(F)cc4Cl)CC3)sc2-c2ccc(C)cc2)cc1,1,CHEMBL4578266
CHEMBL4534662,COc1cc(/C=C/C(=O)NCCNc2c3c(nc4ccccc24)CCCC3)ccc1OCc1ccccc1,0,CHEMBL4534662
CHEMBL5397159,COC(=O)/C=C/C(=O)Nc1cccc(OCCSC(=S)N2CCCCC2)c1,1,CHEMBL5397159
CHEMBL4559904,COc1c(C(=O)CCC2CCN(CC3CCCCC3)CC2)cc(Cl)c2c1ccn2C,0,CHEMBL4559904
CHEMBL3785481,CN1Cc2cc(O)ccc2N(C)C1c1cccc2ccccc12,1,CHEMBL3785481
CHEMBL355160,COc1cc2c(cc1OC)C(=O)C(CC1CCN(CC3CCCCC3)CC1)C2,0,CHEMBL355160
CHEMBL4847987,CCOC(=O)/C(=N\Nc1ccccc1C(=O)OCC)C(=O)C(F)(F)F,0,CHEMBL4847987
CHEMBL4856140,CCOC(=O)/C(=N\Nc1ccc(C(=O)OCC)cc1)C(=O)C(F)(F)F,1,CHEMBL4856140
CHEMBL3586201,CC1(C)[C@H](O)CC[C@@]2(C)[C@H]1CC[C@@]1(C)CC3=CC[C@H]4C(C)(C)[C@@H](O)CC[C@]4(C)[C@H]3CC[C@@H]12,1,CHEMBL3586201
CHEMBL3586202,C[C@@]12CC[C@@H]3[C@](C)(CC[C@H](O)[C@]3(C)C(=O)O)[C@H]1CC[C@H]1C(=CC(=O)[C@@H]3[C@]1(C)CC[C@@H](O)[C@]3(C)CO)C2,1,CHEMBL3586202
CHEMBL4202749,N#Cc1ccccc1CNCC(=O)Nc1ccc2nc3n(c(=O)c2c1)CCC3,0,CHEMBL4202749
CHEMBL4205651,O=C(CNCc1ccccc1F)Nc1ccc2nc3n(c(=O)c2c1)CCC3,0,CHEMBL4205651
CHEMBL4210949,CC(=O)OC(C)(C)/C=C/C(=O)[C@](C)(O)[C@H]1[C@H](O)C[C@@]2(C)[C@@H]3CC=C(C(C)(C)C(=O)O)/C(=C\C(=O)O)[C@]3(C)C(=O)C[C@]12C,1,CHEMBL4210949
CHEMBL1083676,OCc1cc(-c2ccccc2)nnc1NCCN1CCOCC1,1,CHEMBL1083676
CHEMBL100334,CN(CCOCCNC(=S)NC(=O)c1ccccc1)Cc1ccccc1,0,CHEMBL100334
CHEMBL100510,CN(CCOCCNC(=S)NC(=O)c1ccc2ccccc2c1)Cc1ccccc1,0,CHEMBL100510
CHEMBL101155,CN(CCOCCCNC(=S)NC(=O)c1ccccc1)Cc1ccccc1,1,CHEMBL101155
CHEMBL317541,CN(CCOCCNC(=S)NC(=O)c1ccccc1)C1CCCCC1,0,CHEMBL317541
CHEMBL420827,CN(CCOCCNC(=S)Nc1cccc2ccccc12)Cc1ccccc1,1,CHEMBL420827
CHEMBL1084092,NCCCCCCCCCCNc1c2c(nc3ccccc13)CCCC2,0,CHEMBL1084092
CHEMBL1083791,CN(C)CCCCCCCNc1c2c(nc3ccccc13)CCCC2,0,CHEMBL1083791
CHEMBL1084095,CN(C)CCCCCCCCCNc1c2c(nc3ccccc13)CCCC2,0,CHEMBL1084095
CHEMBL1084368,CN(C)CCCCCCCCCCCCNc1c2c(nc3ccccc13)CCCC2,0,CHEMBL1084368
CHEMBL1084774,c1ccc(NCCCCCCCCCCCCNc2c3c(nc4ccccc24)CCCC3)cc1,0,CHEMBL1084774
CHEMBL330883,Nc1c2c(nc3ccccc13)CCCCC2,0,CHEMBL330883
CHEMBL119389,CCCCC1=C(C)Cc2c1nc1ccccc1c2N,1,CHEMBL119389
CHEMBL1085276,O=C1c2ccccc2CC1CC1CCN(c2ccccc2)CC1,0,CHEMBL1085276
CHEMBL1083677,O=C1c2ccccc2CCC1CC1CCN(c2ccccc2)CC1,1,CHEMBL1083677
CHEMBL90241,CC(C)c1cc(-c2ccccc2)n[nH]c1=NCCC1CCN(Cc2ccccc2)CC1,0,CHEMBL90241
CHEMBL74927,Fc1ccc2c(NCCCCCCCNc3c4c(nc5cc(F)ccc35)CCCC4)c3c(nc2c1)CCCC3,0,CHEMBL74927
CHEMBL312310,Clc1ccc2c(NCCCCCCCCNc3c4c(nc5cc(Cl)ccc35)CCCC4)c3c(nc2c1)CCCC3,0,CHEMBL312310
CHEMBL306492,c1ccc2c(NCCCCCCCCNc3c4c(nc5ccccc35)CCCCC4)c3c(nc2c1)CCCCC3,0,CHEMBL306492
CHEMBL388575,O=C(NCCCCCNc1c2c(nc3cc(Cl)ccc13)CCCC2)c1c[nH]c2ccccc12,0,CHEMBL388575
CHEMBL427342,O=C(Nc1cccc(C2=NCCN2)c1)Nc1cccc(C2=NCCN2)c1,0,CHEMBL427342
CHEMBL186400,Cc1nc(N)ncc1-c1nnnn1-c1ccc(-c2ccccc2)cc1,1,CHEMBL186400
CHEMBL130847,CCCCNC(=O)Oc1cccc(CN(C)CCCOc2ccc3c(=O)c4ccccc4oc3c2)c1,0,CHEMBL130847
CHEMBL130918,CCCCNC(=O)Oc1cccc(CN(C)CCCOc2ccc3c(=O)c4cccnc4oc3c2)c1,0,CHEMBL130918
CHEMBL131579,CNC(=O)Oc1cccc(CN(CCCOc2ccc3c(=O)c4ccccc4oc3c2)C(C)C)c1,0,CHEMBL131579
CHEMBL150985,Cc1cc(-c2ccc(Cl)cc2)nnc1NCCN1CCOCC1,1,CHEMBL150985
CHEMBL4855045,Cc1ccc2c(c1)c1cnccc1n2CCC(=O)N1c2ccccc2Sc2ccccc21,0,CHEMBL4855045
CHEMBL4850585,COc1ccc2c(c1)c1cnccc1n2CCC(=O)N1c2ccccc2Sc2ccccc21,0,CHEMBL4850585
CHEMBL4873748,Cc1ccc2c(c1)c1c[n+](C)ccc1n2CCC(=O)N1c2ccccc2Sc2ccccc21,1,CHEMBL4873748
CHEMBL4514685,COc1ccc(-c2nc(NC(=O)C3CCN(Cc4cc(F)cc(F)c4)CC3)sc2-c2ccc(OC)cc2)cc1,1,CHEMBL4514685
CHEMBL4547993,N#Cc1ccccc1CN1CCC(C(=O)Nc2nc(-c3ccc(Cl)cc3)c(-c3ccc(Cl)cc3)s2)CC1,1,CHEMBL4547993
CHEMBL4848417,Nc1c2c(nc3ccc(F)cc13)CCCC2,0,CHEMBL4848417
CHEMBL4856125,Cc1cccc2nc3c(c(N)c12)CCCCC3,0,CHEMBL4856125
CHEMBL4160280,CN(C)C(=O)Oc1cccc2c1cc(C(=O)NC1CCCCC1)c[n+]2C,0,CHEMBL4160280
CHEMBL4175384,CC[n+]1cc(C(=O)NC)cc2c(OC(=O)N(C)C)cccc21,0,CHEMBL4175384
CHEMBL4176380,C[n+]1cc(C(=O)NCCOCCOCCN2C(=O)c3ccccc3C2=O)cc2c(O)cccc21,1,CHEMBL4176380
CHEMBL3597002,COC(=O)C1=C(Nc2ccccc2)C[C@@H](c2ccc(C)cc2)N(c2ccccc2)[C@@H]1c1ccc(C)cc1,1,CHEMBL3597002
CHEMBL4784479,COc1cc(/C=C/C(=O)NCC(=O)Nc2ccccc2OC)ccc1O,1,CHEMBL4784479
CHEMBL4794220,COc1cc(/C=C/C(=O)NCC(=O)Nc2ccc(C(F)(F)F)cc2)ccc1O,1,CHEMBL4794220
CHEMBL553245,O=C1C2=N[C@@H]3C[C@]45C(=CC(=O)[C@H]([C@@H]4O)N4CCc6c[nH]c1c6C4=C25)S3,1,CHEMBL553245
CHEMBL3582215,CCN1CCc2cc(-c3cnc4[nH]c5cnc(C#N)cc5c4c3)ccc2C1,0,CHEMBL3582215
CHEMBL4796696,COc1cc2c(cc1O)CCC(C)(CCN)O2,1,CHEMBL4796696
CHEMBL4792460,COc1cc2c(cc1O)CCC(C)(CC(=O)NCCCCCCCCNc1c3c(nc4ccccc14)CCCC3)O2,0,CHEMBL4792460
CHEMBL4789172,COc1cc2c(cc1OCc1ccccc1)CCC(C)(CC(=O)NCCCCCCNc1c3c(nc4cc(Cl)ccc14)CCCC3)O2,0,CHEMBL4789172
CHEMBL4437391,c1ccc(CN2CCC(Cn3cc(Cc4cccc5ccccc45)nn3)CC2)cc1,1,CHEMBL4437391
CHEMBL4795422,CON(C)C(=O)Oc1ccc(-c2cc(=O)c3c(OC(=O)N(C)OC)cc(OC(=O)N(C)OC)cc3o2)cc1,1,CHEMBL4795422
CHEMBL1084517,COC(=O)c1cc2c(N)c3c(nc2nc1C)CCCCCC3,1,CHEMBL1084517
CHEMBL1083972,COC(=O)c1cc2c(N)c3c(nc2nc1C)CCC3,1,CHEMBL1083972
CHEMBL3632858,COc1cc(-c2cc3c(c(=O)o2)C[C@]2(O)[C@@]4(C)C(=O)C=CC(C)(C)[C@]4(O)CC[C@@]2(C)O3)cc(OC)c1O,0,CHEMBL3632858
CHEMBL3577524,CCN(CCCCCCOc1ccc(-c2cc(=O)c3c(O)c(OC)c(OC)cc3o2)cc1)Cc1ccccc1OC,1,CHEMBL3577524
CHEMBL4762095,COc1ccc2nc3c(c(NCCCCCCCCN(CC(=O)NCCc4c[nH]c5ccc(OC)cc45)C(=O)/C=C/c4ccc(O)c(OC)c4)c2c1)CCCC3,1,CHEMBL4762095
CHEMBL4789620,COc1cc2c(cc1OCc1ccccc1)CCC(C)(CC(=O)NCCCCCCCCCNc1c3c(nc4cc(Cl)ccc14)CCCC3)O2,0,CHEMBL4789620
CHEMBL4798535,COc1cc2c(cc1O)CCC(C)(CC(=O)NCCCCCCCNc1c3c(nc4cc(Cl)ccc14)CCCC3)O2,0,CHEMBL4798535
CHEMBL4787579,COc1cc2c(cc1O)CCC(C)(CC(=O)NCCCCCCCCNc1c3c(nc4cc(Cl)ccc14)CCCC3)O2,0,CHEMBL4787579
CHEMBL4787251,COc1cc2c(cc1O)CCC(C)(CCNCCOCCOCCNc1c3c(nc4cc(Cl)ccc14)CCCC3)O2,0,CHEMBL4787251
CHEMBL4747041,COc1cc2c(cc1OCc1ccccc1)CCC(C)(CC(=O)NCCCCCCCNc1c3c(nc4cc(Cl)ccc14)CCCC3)O2,0,CHEMBL4747041
CHEMBL4788813,O=C(Nc1ccccc1)OCC1CCCN(Cc2ccccc2)C1,1,CHEMBL4788813
CHEMBL4792506,O=C(Nc1ccccc1)OC1CCCN(Cc2ccccc2)C1,1,CHEMBL4792506
CHEMBL4792289,C#CCN1CCC(COC(=O)Nc2ccc(C(C)C)cc2)CC1,1,CHEMBL4792289
CHEMBL4791143,C#CCN1CCC(OC(=O)Nc2ccccc2)CC1,1,CHEMBL4791143
CHEMBL4796237,OC1CCN(Cc2ccccc2)CC1,1,CHEMBL4796237
CHEMBL3400187,COc1cc2oc(-c3ccc(OCC(=O)NCCCCCCNc4c5c(nc6cc(Cl)ccc46)CCCC5)cc3)cc(=O)c2c(OC)c1OC,0,CHEMBL3400187
CHEMBL85251,CCCCN1CCC(CCC(=O)c2cc(Cl)c(N)cc2OC)CC1,0,CHEMBL85251
CHEMBL2375483,Brc1cccc(-c2nnc3sc(-c4ccoc4)nn23)c1,0,CHEMBL2375483
CHEMBL3415561,O=C1c2ccccc2C(=O)N1CCCCCCCCNCc1ccccc1,0,CHEMBL3415561
CHEMBL3339000,CCCN(CCC)CCCOc1ccc(C(=O)/C=C/c2ccccc2)cc1,1,CHEMBL3339000
CHEMBL3339004,CCCCN(CCCC)CCOc1ccc(C(=O)/C=C/c2ccccc2)cc1,1,CHEMBL3339004
CHEMBL3339005,CCCCN(CCCC)CCCOc1ccc(C(=O)/C=C/c2ccccc2)cc1,1,CHEMBL3339005
CHEMBL4762548,CCN(Cc1ccccc1)C(=O)/C=C/c1ccc(OC(=O)N(c2ccccc2)c2ccccc2)c(OC)c1,1,CHEMBL4762548
CHEMBL3597058,COC(=O)C1=C(Nc2ccc(F)cc2)C[C@@H](c2ccc(F)cc2)N(c2ccc(F)cc2)[C@@H]1c1ccc(F)cc1,1,CHEMBL3597058
CHEMBL3597064,COC(=O)C1=C(Nc2ccc(Br)cc2)C[C@@H](c2ccc(OC)cc2)N(c2ccc(Br)cc2)[C@@H]1c1ccc(OC)cc1,1,CHEMBL3597064
CHEMBL3416669,COc1ccc2c(c1)O/C(=C\c1ccc(OCCN3CCCCC3)c(Cl)c1)C2=O,0,CHEMBL3416669
CHEMBL4284047,Cn1c2nc3ccccc3c-2c(NCCCCCCNc2c3c(nc4ccccc24)CCCC3)c2ccccc21,0,CHEMBL4284047
CHEMBL3581573,C=C(C)[C@H]1CC[C@@](C)(O)[C@@H](C2=C(O)C(CC=C(C)C)(CC=C(C)C)C(=O)C(C(=O)C(C)C)=C2O)C1,1,CHEMBL3581573
CHEMBL4871752,COc1ccc(CN2CCC(c3cc4ccccc4o3)CC2)cc1,1,CHEMBL4871752
CHEMBL3604198,CN(C)c1ccc(C(=O)NCCCCCCCCNc2c3c(nc4ccccc24)CCCC3)cc1,0,CHEMBL3604198
CHEMBL2323354,COc1ccc(/C=N/NC(=O)CN2CCC(Cc3ccccc3)CC2)cc1OC,1,CHEMBL2323354
CHEMBL4532149,O=C(Nc1nc(-c2ccc(Cl)cc2)c(-c2ccc(Cl)cc2)s1)C1CCN(Cc2cc(F)cc(F)c2)CC1,0,CHEMBL4532149
CHEMBL4533844,Cc1ccc(-c2nc(NC(=O)C3CCN(Cc4ccccc4C(F)(F)F)CC3)sc2-c2ccc(C)cc2)cc1,1,CHEMBL4533844
CHEMBL4878578,Clc1ccc(CN2CCC(c3cc4ccccc4o3)CC2)cc1,1,CHEMBL4878578
CHEMBL1459962,Cc1cc(N2CCCCC2)nc2ccccc12,0,CHEMBL1459962
CHEMBL4204315,c1ccc2c(NCCCCC[Se][Se]CCCCCNc3c4c(nc5ccccc35)CCCC4)c3c(nc2c1)CCCC3,0,CHEMBL4204315
CHEMBL2071426,Oc1cccc2nc3c(O)cccc3nc12,1,CHEMBL2071426
CHEMBL1952289,CC(C)=CCc1cc(=O)cc2n(C)c3cccc(C(=O)O)c3nc1-2,1,CHEMBL1952289
CHEMBL4443468,O=C(Nc1cc(-c2cn(CCNc3c4c(nc5ccccc35)CCCC4)nn2)ccn1)Nc1cccc2c1[C@@H]1CCCCN1C2=O,0,CHEMBL4443468
CHEMBL2413746,CN(C)CCOc1ccc(-c2nc3ccccc3[nH]2)cc1,1,CHEMBL2413746
CHEMBL2409140,CC1=C[C@H]2Cc3[nH]c(=O)ccc3[C@@]3(C1)[C@@H]2[C@H](Cl)CCN3C,1,CHEMBL2409140
CHEMBL4744528,COc1cc(CNC(=O)Cc2cn(CCCCC3=CC4Cc5nc6cc(Cl)ccc6c(N)c5C(C3)C4)nn2)ccc1O,0,CHEMBL4744528
CHEMBL3127003,CCN(CCCCOc1ccc(-c2coc3cc(OCCCCN(CC)Cc4ccccc4OC)cc(O)c3c2=O)cc1)Cc1ccccc1OC,0,CHEMBL3127003
CHEMBL3263732,COc1ccc2[nH]cc(CCNC(=O)c3ccc(CN(C)Cc4cccc(Cl)c4)cc3)c2c1,1,CHEMBL3263732
CHEMBL3116294,O=[N+]([O-])c1ccc2c(c1)c(OCc1ccc3ccccc3c1)nn2CCN1CCCCC1,1,CHEMBL3116294
CHEMBL3116280,COc1ccc(COc2nn(CCN(C(C)C)C(C)C)c3ccccc23)cc1,1,CHEMBL3116280
CHEMBL4782267,COc1cc(CNC(=O)c2ccc(CNc3c4c(nc5cc(Cl)ccc35)CC3C=C(C)CC4C3)cc2)ccc1O,0,CHEMBL4782267
CHEMBL4065242,COc1cc2c(cc1OC)C(c1ccccc1)N(Cc1cc(C)cc(/C=N/O)c1O)CC2,1,CHEMBL4065242
CHEMBL4091945,COc1cc2c(cc1OC)C(c1ccccc1)N(Cc1cc(Br)cc(/C=N/O)c1O)CC2,1,CHEMBL4091945
CHEMBL4061404,COc1cc2c(cc1OC)CN(CC1CCN(Cc3ccc(O)c(/C=N/O)c3)CC1)CC2,1,CHEMBL4061404
CHEMBL4102122,COc1cc2c(cc1OC)CN(CC1CCN(Cc3cc(Cl)cc(/C=N/O)c3O)CC1)CC2,1,CHEMBL4102122
CHEMBL4077866,COc1cc2c(cc1OC)CN(CC1CCN(Cc3cc(Br)cc(/C=N/O)c3O)CC1)CC2,1,CHEMBL4077866
CHEMBL4759893,COc1ccc2[nH]cc(CCNC(=O)CN(CCCCCCCCNc3c4c(nc5ccccc35)CCCC4)C(=O)/C=C/c3ccc(O)c(OC)c3)c2c1,0,CHEMBL4759893
CHEMBL3754448,CCN(Cc1cccc2[nH]c3cc(Cl)ccc3c12)C(=O)/C=C/c1ccc(O)c(OC)c1,1,CHEMBL3754448
CHEMBL2088781,N#Cc1c(N)nc(NCCCC2CCN(Cc3ccccc3)CC2)c(C#N)c1-c1ccccc1,0,CHEMBL2088781
CHEMBL4792100,O=[N+]([O-])c1ccc(-c2nnc(Nc3ncccn3)o2)cc1,1,CHEMBL4792100
CHEMBL4780225,CS[C@@H](Cn1nnc2cc(C#Cc3ccc(N4C[C@H](O)[C@@H](O)C4)cc3)ccc21)N(O)C=O,1,CHEMBL4780225
CHEMBL4745802,COc1ccc2cc3[n+](cc2c1OCc1ccc(C)cc1)CCc1cc2c(cc1-3)OCO2,1,CHEMBL4745802
CHEMBL4748939,COC(=O)c1ccc(COc2c(OC)ccc3cc4[n+](cc23)CCc2cc3c(cc2-4)OCO3)cc1,1,CHEMBL4748939
CHEMBL4752813,COc1ccc2cc3[n+](cc2c1OC(C)c1ccccc1)CCc1cc2c(cc1-3)OCO2,0,CHEMBL4752813
CHEMBL3828586,NC(=O)c1cc[n+](CCCCC[n+]2cccc(NC(=O)/C=N\O)c2)cc1,1,CHEMBL3828586
CHEMBL40275,O=C1c2cccc(O)c2C(=O)c2c(O)cc(CO)cc21,1,CHEMBL40275
CHEMBL4779478,CNC(=O)c1sc(-c2ccnc(NC(=O)C3CC3)c2)nc1OCCOCc1cn(CCNc2c3c(nc4ccccc24)CCCC3)nn1,0,CHEMBL4779478
CHEMBL3410089,COc1nc(-c2ccnc(NC(=O)C3CC3)c2)sc1C(N)=O,1,CHEMBL3410089
CHEMBL4789145,CNC(=O)c1sc(-c2ccnc(NC(=O)CNCCNc3c4c(nc5ccccc35)CCCC4)c2)nc1OCC1CC1,0,CHEMBL4789145
CHEMBL4444855,O=C(c1cccc2ccccc12)n1nc(OCCCN2CCCCC2)c2ccccc21,1,CHEMBL4444855
CHEMBL4435236,O=C(c1ccc2ccccc2c1)n1nc(OCCN2CCCCC2)c2ccccc21,1,CHEMBL4435236
CHEMBL4565602,O=C(Cc1ccc(Cl)cc1)n1nc(OCCCN2CCCCC2)c2ccccc21,1,CHEMBL4565602
CHEMBL3754291,O=C(NCCCCCCCNc1c2c(nc3ccccc13)CCC2)c1cc2ccccc2o1,0,CHEMBL3754291
CHEMBL3752555,O=C(NCCCCCCNc1c2c(nc3ccccc13)CCC2)c1cc2ccccc2o1,0,CHEMBL3752555
CHEMBL3582205,CC1(C)CCN(Cc2ccc(-c3cnc4[nH]c5cnc(C#N)cc5c4c3)cc2)CC1,0,CHEMBL3582205
CHEMBL3582225,c1nnc(-c2cc3c(cn2)[nH]c2ncc(-c4ccc(CN5CCCCC5)cc4)cc23)o1,0,CHEMBL3582225
CHEMBL4282527,COc1ccc2c(=O)cc(C(=O)NCCC3CCN(Cc4ccccc4)CC3)[nH]c2c1,0,CHEMBL4282527
CHEMBL4277332,O=C(NCCC1CCN(Cc2ccccc2)CC1)c1cc(=O)c2c(O)cc(O)cc2o1,0,CHEMBL4277332
CHEMBL4294701,COc1cccc2oc(C(=O)NCCC3CCN(Cc4ccccc4)CC3)cc(=O)c12,0,CHEMBL4294701
CHEMBL4284495,COc1cc2oc(C(=O)OCCC3CCN(Cc4ccccc4)CC3)cc(=O)c2cc1OC,0,CHEMBL4284495
CHEMBL577016,CCSc1nc2sc3c(c2c(=O)n1-c1ccccc1)CCN(Cc1ccccc1)C3,1,CHEMBL577016
CHEMBL354848,COc1cc2c(cc1OC)C(=O)C(CC1CCN(Cc3ccc(C)cc3)CC1)C2,0,CHEMBL354848
CHEMBL145361,COc1cc2c(cc1OC)C(=O)C(CC1CCN(Cc3ccccc3[N+](=O)[O-])CC1)C2,1,CHEMBL145361
CHEMBL3891369,COc1cc2c(cc1OC)C(=O)C(CC1CCN(Cc3ncccc3C)CC1)C2,0,CHEMBL3891369
CHEMBL3919441,COc1cc2c(cc1OC)C(=O)C(CC1CCN(Cc3cccc(C)n3)CC1)C2,0,CHEMBL3919441
CHEMBL5282524,Cn1c2ccccc2c2cc[n+](-c3ccc(I)cc3)cc21,0,CHEMBL5282524
CHEMBL3632852,COc1ccc(-c2cc3c(c(=O)o2)C[C@H]2[C@@](C)(CC[C@@]4(O)C(C)(C)C(=O)CC[C@]24C)O3)cc1,1,CHEMBL3632852
CHEMBL3586196,C[C@@]12CC[C@@H]3[C@](C)(CC[C@H](OC(=O)/C=C/c4ccc(O)cc4)[C@]3(C)C(=O)O)[C@H]1CC[C@H]1C(=CC[C@@H]3[C@]1(C)CC[C@@H](O)[C@]3(C)CO)C2,1,CHEMBL3586196
CHEMBL3586197,CC1(C)C(=O)CC[C@@]2(C)[C@H]1CC[C@@]1(C)CC3=CC(=O)[C@H]4C(C)(C)[C@H](O)CC[C@]4(C)[C@H]3CC[C@@H]12,1,CHEMBL3586197
CHEMBL3586205,CC1(C)[C@@H](O)CC[C@@]2(C)[C@H]1CC[C@@]1(C)C[C@@]3(O)CC[C@H]4C(C)(C)[C@@H](O)CC[C@]4(C)[C@H]3CC[C@@H]12,1,CHEMBL3586205
CHEMBL5415210,COc1ccc2sc3c([N+](=O)[O-])ccc(NCC[C@@H]4CCCN5CCCC[C@H]45)c3c(=O)c2c1,1,CHEMBL5415210
CHEMBL3577517,CCN(CCCCCCOc1ccc(-c2cc(=O)c3c(OC)c(OC)c(OC)cc3o2)cc1)Cc1ccccc1OC,0,CHEMBL3577517
CHEMBL3582202,C[C@@H]1CCC[C@H](C)N1Cc1ccc(-c2cnc3[nH]c4cnc(C#N)cc4c3c2)cc1,0,CHEMBL3582202
CHEMBL3582210,N#Cc1cc2c(cn1)[nH]c1ncc(-c3ccc(CN4CCC(C#N)CC4)cc3)cc12,1,CHEMBL3582210
CHEMBL3770569,O=C(c1ccccc1)N1c2ccccc2[Se]c2ccccc21,1,CHEMBL3770569
CHEMBL3770356,COc1ccc(C(=O)N2c3ccccc3Sc3ccccc32)cc1OC,1,CHEMBL3770356
CHEMBL3393674,C=CC[C@@H]1[C@H](O)[C@@H](OCc2ccccc2)[C@H](O)CN1CCCCCCCC,1,CHEMBL3393674
CHEMBL4779687,Cc1cc(/C=N/O)c(O)c(CNc2ncccc2OCc2ccccc2)c1,1,CHEMBL4779687
CHEMBL4761802,COc1ccc2nc3c(c(NCCCCCCCN(CC(=O)NCCc4c[nH]c5ccc(OC)cc45)C(=O)CCCC[C@@H]4CCSS4)c2c1)CCCC3,1,CHEMBL4761802
CHEMBL3828054,O=C(NCCCCCc1ccccc1)Oc1ccc(Cn2cc(COc3ccc4ccc(=O)oc4c3)nn2)cc1,0,CHEMBL3828054
CHEMBL3828273,CCC1OCc2c[n+](C)c(C)c(OC(=O)N(C)C)c2CO1,1,CHEMBL3828273
CHEMBL3403308,CCN(CC)C(=O)[C@H](Cc1ccc(Br)cc1)NC(=O)[C@H](CC(C)C)NC(=O)[C@@H](NC(=O)[C@@H](N)COC(=O)[C@H](CC(C)C)NC(C)=O)C(C)C,1,CHEMBL3403308
CHEMBL3338389,C/C=C1\[C@H]2C=C(C)C[C@]1(NC1OCC3=C4CC(C)(C)[C@H](O)[C@H]4[C@@H](C)CCC31O)c1ccc(=O)[nH]c1C2,0,CHEMBL3338389
CHEMBL4868918,Cc1ccc(S(=O)(=O)SCc2ccc(C(F)(F)F)cc2)cc1,0,CHEMBL4868918
CHEMBL4083875,N#CC1=C(N)N2CCNC2=C([N+](=O)[O-])C12c1ccccc1-c1nc3ccc([N+](=O)[O-])cc3nc12,1,CHEMBL4083875
CHEMBL3415560,O=C1c2ccccc2C(=O)N1CCCCCCCNCc1ccccc1,0,CHEMBL3415560
CHEMBL3415565,O=C1c2ccccc2C(=O)N1CCCCCCCNCc1ccccc1F,0,CHEMBL3415565
CHEMBL3415573,O=C1c2ccccc2C(=O)N1CCCCCNCc1ccc(F)cc1F,0,CHEMBL3415573
CHEMBL3407586,CCOC(=O)c1cc2cc(OCCCC3CCN(Cc4ccccc4)CC3)ccc2[nH]1,1,CHEMBL3407586
CHEMBL3407583,C#CCN(C)Cc1cc2cc(OCCCC3CCN(Cc4ccccc4)CC3)ccc2[nH]1,1,CHEMBL3407583
CHEMBL3407582,C#CCN(C)Cc1cc2cc(OCCCC3CCN(Cc4ccc(OC(=O)N(C)C)c5ncccc45)CC3)ccc2n1C,1,CHEMBL3407582
CHEMBL1201217,CCCCOc1ccc(C(=O)CCN2CCCCC2)cc1,0,CHEMBL1201217
CHEMBL4280935,CCN(CC)CCCCCCOc1ccc(/C=C2\COc3ccccc3C2=O)cc1,1,CHEMBL4280935
CHEMBL4288571,O=C1/C(=C/c2ccc(OCCCN3CCN(Cc4ccccc4)CC3)cc2)COc2ccccc21,1,CHEMBL4288571
CHEMBL5593372,CCc1ccccc1NC(=O)c1ccc(NS(=O)(=O)c2ccccc2)cc1,1,CHEMBL5593372
CHEMBL5593954,O=C(NCCCCCCCCNc1c2c(nc3ccccc13)CCCC2)c1ccccc1O,0,CHEMBL5593954
CHEMBL5592999,Cc1ccc(C(C)C)cc1OCC(=O)N1CCCCC1,1,CHEMBL5592999
CHEMBL400257,COc1c2[nH]c3occc3c(OC)c-2ccc1=O,1,CHEMBL400257
CHEMBL3770803,O=C(Cc1ccccc1)N1c2ccccc2[Se]c2ccc(Cl)cc21,1,CHEMBL3770803
CHEMBL4865745,Nc1c2c(nc3ccc(F)cc13)CCCCC2,0,CHEMBL4865745
CHEMBL4858061,Nc1c2c(nc3ccc(Br)cc13)CCC2,1,CHEMBL4858061
CHEMBL153,Cc1c(C)c2c(c(C)c1O)CCC(C)(C(=O)O)O2,1,CHEMBL153
CHEMBL4850061,COc1ccc2[nH]c(CCNC(=O)Cn3cc(CCCCN4CCc5cc(OC)c(OC)cc5C4CCCN4C(=O)c5ccccc5C4=O)nn3)cc2c1,1,CHEMBL4850061
CHEMBL4854555,COc1ccc2[nH]cc(CCNC(=O)Cn3cc(CN4CC[C@@]56C=C[C@H](O)C[C@@H]5Oc5c(OC)ccc(c56)C4)nn3)c2c1,1,CHEMBL4854555
CHEMBL4849427,COc1ccc2[nH]cc(CCNC(=O)CCCCn3cc(CCCCN4CC[C@@]56C=C[C@H](O)C[C@@H]5Oc5c(OC)ccc(c56)C4)nn3)c2c1,0,CHEMBL4849427
CHEMBL3600554,CC1=CC2Cc3nc4ccccc4c(NCCCCCCCCCCCCNc4c5c(nc6ccccc46)CCCC5)c3C(C1)C2,0,CHEMBL3600554
CHEMBL3621332,CC[N+]1(Cc2ccccc2[N+](=O)[O-])CCCCCC[N+](CC)(Cc2ccccc2[N+](=O)[O-])CCCCCn2c(=O)cc(C)n(c2=O)CCCCC1,0,CHEMBL3621332
CHEMBL3819113,COc1cccc(CN2CCC(/C=C3\Cc4ccc(OC)cc4C3=O)CC2)c1,1,CHEMBL3819113
CHEMBL4588777,O=C(c1cccc(Cl)c1Cl)n1nc(OCCCN2CCCCC2)c2ccccc21,1,CHEMBL4588777
CHEMBL3921061,CN(C)C(=O)Oc1cccc(C(=O)/C=C/c2ccc(O)cc2)c1,0,CHEMBL3921061
CHEMBL3770071,COc1ccc(C(=O)N2c3ccccc3Sc3ccc(Cl)cc32)cc1OC,1,CHEMBL3770071
CHEMBL3770206,COc1cccc(C(=O)N2c3ccccc3Sc3ccc(Cl)cc32)c1,1,CHEMBL3770206
CHEMBL4175159,COc1ccc2c3c1O[C@H]1C[C@@H](O)C=C[C@@]31[C@H](O)C[N@@+](C)([O-])C2,1,CHEMBL4175159
CHEMBL4164315,CO[C@@H]1C=C[C@@]23c4cc5c(cc4C[N@@+]([O-])(CCc4ccc(O)cc4)[C@@H]2C(=O)N(C)[C@H]3C1)OCO5,1,CHEMBL4164315
CHEMBL4854572,O=C(NCC1CCN(Cc2ccccc2F)CC1)c1n[nH]c2ccc(-c3cccnc3)cc12,1,CHEMBL4854572
CHEMBL4870877,O=C(CC1CCN(Cc2ccccc2)CC1)Nc1n[nH]c2cc(-c3cccnc3)ccc12,0,CHEMBL4870877
CHEMBL4868956,O=C(NCC1CCN(Cc2ccc(F)cc2)CC1)c1cncc(NC(=O)c2ccnc(NC(=O)C3CC3)c2)c1,1,CHEMBL4868956
CHEMBL4176125,CN1CCc2cc3c(cc2[C@@]12C(=O)c1ccc4c(c1[C@@H]2O)OCO4)OCO3,1,CHEMBL4176125
CHEMBL4168299,CO[C@H]1O[C@@](C)(c2nccc3cc4c(cc23)OCO4)c2ccc3c(c21)OCO3,1,CHEMBL4168299
CHEMBL4167398,C[C@@H](c1ccc2c(c1O)OCO2)c1nccc2cc3c(cc12)OCO3,1,CHEMBL4167398
CHEMBL4860501,CN1CCc2c(c3ccccc3n2CCC(=O)N2c3ccccc3Sc3ccccc32)C1,1,CHEMBL4860501
CHEMBL4849640,COc1ccc2[nH]c3c(c2c1)CN(Cc1ccccc1)CC3,1,CHEMBL4849640
CHEMBL4864593,O=C(CCn1c2ccncc2c2cc(F)ccc21)N1c2ccccc2Sc2ccccc21,1,CHEMBL4864593
CHEMBL4857977,COc1ccc2[nH]c3cc[n+](C)cc3c2c1,1,CHEMBL4857977
CHEMBL4850464,c1ccc(C[n+]2ccc3[nH]c4ccccc4c3c2)cc1,1,CHEMBL4850464
CHEMBL4855388,c1ccc(CN2CCC(c3cc4ccccc4o3)CC2)cc1,1,CHEMBL4855388
CHEMBL4848809,COc1ccc(OC)c(CN2CCC(c3oc4ccccc4c3C(=O)c3ccc(OC)c(OC)c3)CC2)c1,1,CHEMBL4848809
CHEMBL4845972,COc1ccc(CN2CCC(c3oc4ccccc4c3C(=O)c3ccc(OC)cc3)CC2)cc1,1,CHEMBL4845972
CHEMBL4095547,COc1cc(NC(=S)NCCN2CCOCC2)ccc1Cl,1,CHEMBL4095547
CHEMBL4092142,NS(=O)(=O)c1ccc(NC(=S)NCCN2CCOCC2)cc1,1,CHEMBL4092142
CHEMBL179218,CN(C)CC/N=C(/S)Nc1ccc(S(N)(=O)=O)cc1,1,CHEMBL179218
CHEMBL4064806,COc1ccccc1NC(=S)NCCN(C)C,1,CHEMBL4064806
CHEMBL4872772,COC(=O)/C(=N\Nc1ccc(OC)cc1)C(=O)C(F)(F)F,1,CHEMBL4872772
CHEMBL1952057,CCCCN1CCN=C1/C=N/O,1,CHEMBL1952057
CHEMBL1952061,CCCCN1CCCN=C1/C=N/O,1,CHEMBL1952061
CHEMBL1952052,COCCC/N=C(/C=N/O)N(C)C,1,CHEMBL1952052
CHEMBL5189505,CC(=O)N1N=C(c2ccc(C)cc2)CC1c1ccc(-c2ccccc2)cc1,0,CHEMBL5189505
CHEMBL199861,O=C(CCCCCNc1c2c(nc3ccccc13)CCCC2)NCCc1c[nH]c2ccccc12,0,CHEMBL199861
CHEMBL4863960,O=C(Nc1cncc(OCC2CCN(Cc3ccccc3)CC2)c1)c1ccnc(NC(=O)C2CC2)c1,0,CHEMBL4863960
CHEMBL4464759,Cc1c(C)c2ccc(OCC3CCN(CCCO)CC3)cc2oc1=O,0,CHEMBL4464759
CHEMBL4793718,O=C(CN1CCN(C(=O)c2ccccc2)CC1)N1CCN(CCCc2c[nH]c3ccccc23)CC1,1,CHEMBL4793718
CHEMBL4539963,O=C(c1ccccc1Cl)n1nc(OCCCN2CCCCC2)c2ccccc21,1,CHEMBL4539963
CHEMBL3233827,CC1=CC2Cc3nc4cc(Cl)ccc4c(NCCCCCCNC(=O)c4cc(O)c5c(c4)C(=O)c4cccc(O)c4C5=O)c3C(C1)C2,0,CHEMBL3233827
CHEMBL3233828,CC1=CC2Cc3nc4cc(Cl)ccc4c(NCCCCCCCNC(=O)c4cc(O)c5c(c4)C(=O)c4cccc(O)c4C5=O)c3C(C1)C2,0,CHEMBL3233828
CHEMBL3754739,COc1cccc2cc(C(=O)NCCCCCCCNc3c4c(nc5ccccc35)CCC4)oc12,0,CHEMBL3754739
CHEMBL3754341,c1ccc2oc(CN(CCCCCCNc3c4c(nc5ccccc35)CCC4)Cc3cc4ccccc4o3)cc2c1,1,CHEMBL3754341
CHEMBL5094348,Cc1c(C)c2ccc(OCCCN(Cc3cccc(F)c3)C(C)C)cc2oc1=O,0,CHEMBL5094348
CHEMBL3957605,COc1cccc2c1C=[N+](c1ccc(C)cc1)CC2,0,CHEMBL3957605
CHEMBL3586592,CN(Cc1ccccc1)Cc1ccc(COc2ccc3ccc(=O)oc3c2)cc1,0,CHEMBL3586592
CHEMBL3586594,Cc1cc(=O)oc2cc(OCc3ccc(CN(C)Cc4ccccc4)cc3)ccc12,0,CHEMBL3586594
CHEMBL3586602,CN(Cc1ccc(C#N)cc1)Cc1ccc(COc2ccc3ccc(=O)oc3c2)cc1,1,CHEMBL3586602
CHEMBL3586577,Cc1c(C)c2ccc(OCCCCCNCc3ccccc3)cc2oc1=O,0,CHEMBL3586577
CHEMBL3586605,Cc1c(C)c2ccc(OCc3ccc(CN(C)Cc4ccc(C#N)cc4)cc3)cc2oc1=O,1,CHEMBL3586605
CHEMBL3586610,CN(Cc1ccc(COc2ccc3c(CO)cc(=O)oc3c2)cc1)Cc1cccc(Cl)c1,0,CHEMBL3586610
CHEMBL3137700,C[Si](C)(C)c1cccc(C(=O)C(F)(F)F)c1,0,CHEMBL3137700
CHEMBL3577509,CCN(CCCCOc1ccc(-c2cc(=O)c3c(OC)c(OC)c(OC)cc3o2)cc1)Cc1ccccc1,1,CHEMBL3577509
CHEMBL3605423,CN(C)CCC[C@@]1(c2ccc(F)cc2)OCc2cc(-c3nnc(-c4ccc(Cl)cc4)[nH]3)ccc21,1,CHEMBL3605423
CHEMBL3605418,Cc1ccccc1-c1nnc(-c2ccc3c(c2)CO[C@@]3(CCCN(C)C)c2ccc(F)cc2)[nH]1,1,CHEMBL3605418
CHEMBL3605308,CN(C)CCC[C@@]1(c2ccc(F)cc2)OCc2cc(-c3nnc(-c4ccccc4)[nH]3)ccc21,1,CHEMBL3605308
CHEMBL4648132,COc1c2c(cc3c1OCO3)[C@]13C=C[C@H](OC)C[C@@H]1[N@](C2)C[C@H]3OC(=O)c1cccc2ccccc12,1,CHEMBL4648132
CHEMBL2206891,Nc1c2c(nc3c1C(c1ccccc1)c1ccc4ccccc4c1O3)CCCC2,0,CHEMBL2206891
CHEMBL1083056,COc1cc2c(cc1OC)C(O)C(CC1CCN(c3ccccc3)CC1)C2,0,CHEMBL1083056
CHEMBL75305,c1cnc2nc3c(c(NCCCCCCNc4c5c(nc6ncccc46)CCCC5)c2c1)CCCC3,0,CHEMBL75305
CHEMBL76173,c1cnc2nc3c(c(NCCCCCCCNc4c5c(nc6ncccc46)CCCC5)c2c1)CCCC3,0,CHEMBL76173
CHEMBL1084787,c1ccc(-c2nnc(NCN3CCCCC3)s2)cc1,1,CHEMBL1084787
CHEMBL1082434,O=C(CCC1CCN(Cc2ccccc2)CC1)c1ccc2c(c1)OCO2,0,CHEMBL1082434
CHEMBL1084703,c1ccc(CN2CCC(CNc3nsc4ccccc34)CC2)cc1,0,CHEMBL1084703
CHEMBL1084091,CCCCNC(=O)Oc1cccc(CN(C)CCCOc2ccc3c(=O)ccoc3c2)c1,0,CHEMBL1084091
CHEMBL278819,Cc1cc(-c2ccccc2)nnc1NCCN1CCOCC1,1,CHEMBL278819
CHEMBL302168,CCCCCCCNC(=O)Oc1ccc2c(c1)C1(C)CCN(CC)C2C1,0,CHEMBL302168
CHEMBL5197518,COc1cc(/C=C/c2nnc(-c3ccc(OC(F)(F)F)cc3)o2)ccc1O,0,CHEMBL5197518
CHEMBL4873162,O=C(NCC1CCN(Cc2ccccc2)CC1)c1n[nH]c2ccc(-c3cccnc3)cc12,1,CHEMBL4873162
CHEMBL4851835,O=C(NCC1CCN(Cc2ccccc2)CC1)c1cncc(NC(=O)c2ccnc(NC(=O)C3CC3)c2)c1,1,CHEMBL4851835
CHEMBL4864059,O=C(NCC1CCN(Cc2cccc(Cl)c2)CC1)c1cncc(NC(=O)c2ccnc(NC(=O)C3CC3)c2)c1,1,CHEMBL4864059
CHEMBL4855714,O=C(Nc1cncc(OC2CCN(Cc3ccccc3)CC2)c1)c1ccnc(NC(=O)C2CC2)c1,1,CHEMBL4855714
CHEMBL5406363,Cc1cc(/C=N/O)c(O)c(CN2CCN(c3ccc(F)cc3)CC2)c1,1,CHEMBL5406363
CHEMBL5428415,Cc1cc(/C=N/O)c(O)c(CN2CCC(c3ccc(F)cc3)CC2)c1,1,CHEMBL5428415
CHEMBL5417629,Cc1cc(/C=N/O)c(O)c(CN2CCN(c3ccc(Br)cc3)CC2)c1,1,CHEMBL5417629
CHEMBL5428266,Cc1cc(/C=N/O)c(O)c(CN2CCN(c3ccc(C(F)(F)F)cc3)CC2)c1,1,CHEMBL5428266
CHEMBL5429403,Cc1cc(/C=N/O)c(O)c(CN2CCN(c3ccccc3)CC2)c1,1,CHEMBL5429403
CHEMBL4093567,CC(=O)C1=CN(Cc2ccccc2C)C=CC1CC1Cc2cc(Cl)ccc2C1=O,1,CHEMBL4093567
CHEMBL5408499,CN(CCC1CCCCCC1)Cc1c[nH]c2c(O)cccc12,1,CHEMBL5408499
CHEMBL5421921,C#CCN(CC)C(=O)Oc1cccc2c(CN(C)CCC3CCCCCC3)c[nH]c12,1,CHEMBL5421921
CHEMBL5394683,CC(C)N(C(=O)Oc1ccc2c(CN(C)CCC3CCCCCC3)c[nH]c2c1)C(C)C,0,CHEMBL5394683
CHEMBL3628056,O=C(NCCc1c[nH]c2ccccc12)c1cc[n+](Cc2ccccc2F)cc1,1,CHEMBL3628056
CHEMBL3623553,CC(C)Cn1cc(C(=O)C(F)(F)F)cn1,0,CHEMBL3623553
CHEMBL89354,CC(C)(C)c1cccc(C(=O)C(F)(F)F)c1,0,CHEMBL89354
CHEMBL3642054,CC(=O)NCCc1c[nH]c2ccc(OC(=O)NCCCCCCCCCCNc3c4c(nc5ccc(Cl)cc35)CCCC4)cc12,0,CHEMBL3642054
CHEMBL64894,CN(C)c1ccc(C(=C2C=CC(=[N+](C)C)C=C2)c2ccc(N(C)C)cc2)cc1,1,CHEMBL64894
CHEMBL5555203,COc1cc2ncnc(N3CCN(c4ccc(C)cc4)CC3)c2cc1OC,1,CHEMBL5555203
CHEMBL3780131,COc1nc(Oc2ccc(C(=O)OCC(C)N(C)C)cc2)nc(Oc2ccc(C(=O)OCC(C)N(C)C)cc2)n1,1,CHEMBL3780131
CHEMBL3764609,Cc1c(C)c2ccc(OCCNC3CCN(Cc4ccccc4)CC3)cc2oc1=O,1,CHEMBL3764609
CHEMBL3786655,CN1Cc2cc(O)ccc2N(C)C1c1cc[nH]c1,1,CHEMBL3786655
CHEMBL3785526,CN1Cc2cc(O)ccc2N(C)C1c1ccoc1,1,CHEMBL3785526
CHEMBL3785644,CN1Cc2cc(O)ccc2N(C)C1c1ccc(Cl)cc1,1,CHEMBL3785644
CHEMBL3785808,CN1Cc2cc(O)ccc2N(C)C1c1ccccc1,1,CHEMBL3785808
CHEMBL3642053,CC(=O)NCCc1c[nH]c2ccc(OC(=O)NCCCCCCCCCCCCNc3c4c(nc5ccccc35)CCCC4)cc12,0,CHEMBL3642053
CHEMBL3786719,CN(C)S(=O)(=O)NC1CCc2ccc(O)cc2C1,0,CHEMBL3786719
CHEMBL168938,COc1cc2c(cc1OC)C(=O)/C(=C/C1CCN(Cc3ccccc3)CC1)C2,0,CHEMBL168938
CHEMBL3818918,COc1cccc2c1C(=O)/C(=C/C1CCN(Cc3ccc4c(c3)OCO4)CC1)C2,1,CHEMBL3818918
CHEMBL3785861,CCCCCCCNC(=O)Oc1ccc2c(c1)CN(C)C(c1cc[nH]c1)N2C,0,CHEMBL3785861
CHEMBL3786666,CN1Cc2cc(O)ccc2N(C)C1c1c(Cl)cccc1Cl,1,CHEMBL3786666
CHEMBL4210316,Cc1cccc(C(=O)N2Cc3cc(NC(=O)c4cccc(Cl)c4)ccc3CC2=O)c1,0,CHEMBL4210316
CHEMBL4209518,COc1ccccc1C(=O)Nc1ccc2c(c1)CN(C(=O)c1ccccc1)C(=O)C2,0,CHEMBL4209518
CHEMBL4208641,c1ccc2c(NCCCCCSSCCCCCNc3c4c(nc5ccccc35)CCCC4)c3c(nc2c1)CCCC3,0,CHEMBL4208641
CHEMBL4589118,Cc1c(OCc2ccccc2)cccc1N1CCN(CCCCCCNc2c3c(nc4c2CCCC4)CCCC3)CC1,0,CHEMBL4589118
CHEMBL3632854,COc1ccc(-c2cc3c(c(=O)o2)C[C@H]2[C@@](C)(CC[C@@]4(O)C(C)(C)[C@H](O)CC[C@]24C)O3)cc1,1,CHEMBL3632854
CHEMBL3262666,COc1cc2c(cc1OC)C(Cc1ccc(OCCCCCCN3CCCCC3)cc1)NCC2,1,CHEMBL3262666
CHEMBL3262669,COc1cc2c(cc1OC)C(Cc1ccc(OCCCCCCN3CCOCC3)cc1)NCC2,1,CHEMBL3262669
CHEMBL3262670,COc1cc2c(cc1OC)C(Cc1ccc(OCCCCCCN3CCC(O)(Cc4ccccc4)CC3)cc1)NCC2,1,CHEMBL3262670
CHEMBL4567394,CCCCN1CCC(CCC(=O)c2ccc3[nH]ccc3c2)CC1,0,CHEMBL4567394
CHEMBL4583738,COc1c(C(=O)CCC2CCN(CC3CCCCC3)CC2)cc(Cl)c2c1ccn2S(=O)(=O)c1ccccc1,0,CHEMBL4583738
CHEMBL3313966,O=C(C[n+]1ccccc1)N/N=C/c1ccc(/C=N/NC(=O)C[n+]2ccccc2)cc1,0,CHEMBL3313966
CHEMBL4104952,C[n+]1c2ccccc2c(-c2ccc(N)cc2)c2ccccc21,1,CHEMBL4104952
CHEMBL4088294,COc1cc2c(cc1OC)CN(Cc1ccc(O)c(/C=N/O)c1)CC2,1,CHEMBL4088294
CHEMBL4064154,COc1cc2c(cc1OC)CN(CC1CCN(Cc3cc(F)cc(/C=N/O)c3O)CC1)CC2,1,CHEMBL4064154
CHEMBL4096126,CCCCN(CC(=O)NC(C)C)C(=O)CCCCCn1cc[n+](C)c1/C=N\O,1,CHEMBL4096126
CHEMBL4066805,COc1ccccc1N1C(=O)C2CN(C)C3(C(=O)c4ccccc4C3=O)C2C1=O,1,CHEMBL4066805
CHEMBL4060617,O=C(CCCC1CCSS1)NCCCNc1c2c(nc3cc(Cl)ccc13)CCCC2,0,CHEMBL4060617
CHEMBL3632994,Cc1c(C)c2c(c(C)c1O)CCC(C)(C(=O)NCCCCCCCCNc1c3c(nc4cc(Cl)ccc14)CCCC3)O2,0,CHEMBL3632994
CHEMBL4453051,c1ccc(CNC2CCN(Cc3ccccc3)CC2)cc1,1,CHEMBL4453051
CHEMBL4537808,C(=N\C1CCN(Cc2ccccc2)CC1)/c1ccccc1,1,CHEMBL4537808
CHEMBL3402707,CN(CCCCCN1C(=O)c2ccccc2C1=O)Cc1ccccc1,0,CHEMBL3402707
CHEMBL3402712,CN(CCCCCN1C(=O)c2ccccc2C1=O)Cc1ccccc1F,0,CHEMBL3402712
CHEMBL3585780,COc1ccccc1C(C)NS(N)(=O)=O,0,CHEMBL3585780
CHEMBL3403316,CCN(CC)C(=O)[C@H](Cc1ccc2ccccc2c1)NC(=O)[C@H](CC(C)C)NC(=O)[C@@H](NC(=O)[C@@H](N)COC(=O)[C@@H]1CCCN1C(C)=O)C(C)C,1,CHEMBL3403316
CHEMBL3901794,Cc1ccc(/C=C2/CNCC3=C2N=C2SC=C(c4ccc(C)cc4)N2C3c2ccc(C)cc2)cc1,1,CHEMBL3901794
CHEMBL3930722,Clc1ccc(/C=C2/CNCC3=C2N=C2SC=C(c4ccc5ccccc5c4)N2C3c2ccc(Cl)cc2)cc1,1,CHEMBL3930722
CHEMBL4540355,COc1c(C(=O)CCC2CCN(Cc3ccccc3)CC2)cc(Cl)c2[nH]c([Si](C)(C)C)cc12,0,CHEMBL4540355
CHEMBL4444843,O=C(CCC1CCN(CC2CCCCC2)CC1)c1cc(Cl)c2[nH]ccc2c1,0,CHEMBL4444843
CHEMBL4585990,O=C(CCC1CCN(Cc2ccccc2)CC1)c1ccc2[nH]ccc2c1,0,CHEMBL4585990
CHEMBL3133442,COc1cc2c(cc1OC)C(NC(=O)CN1CCN(Cc3ccccc3F)CC1)c1cnn(C)c1-2,1,CHEMBL3133442
CHEMBL4214417,CC(=O)OC(C)(C)/C=C/C(=O)[C@](C)(O)[C@H]1[C@H](O)C[C@@]2(C)[C@@H]3CC=C(C(C)(C)C(=O)O)C4=CC(=O)O[C@](O)(C[C@]12C)[C@@]43C,1,CHEMBL4214417
CHEMBL3754694,COc1cccc2cc(CN(CCCCCCNc3c4c(nc5ccccc35)CCC4)Cc3cc4cccc(OC)c4o3)oc12,1,CHEMBL3754694
CHEMBL3754622,Clc1ccc(CN(Cc2cccnc2)C2=NCC(CI)S2)cc1,1,CHEMBL3754622
CHEMBL3752710,COc1ccc(CN(Cc2ccccc2)C2=NCC(CI)S2)cc1OC,1,CHEMBL3752710
CHEMBL3765162,N#CC1=C(N)N2CCNC2=C([N+](=O)[O-])C12C(=O)Nc1ccccc12,1,CHEMBL3765162
CHEMBL5590860,CCOC(=O)C1=C(Nc2ccc(F)cc2)CC(c2ccc(Cl)cc2)N(c2ccc(F)cc2)C1c1ccc(Cl)cc1,0,CHEMBL5590860
CHEMBL5590702,CCN(CC)CC(O)COc1cc(C(C)C)ccc1C,0,CHEMBL5590702
CHEMBL3943450,COc1cc2c(cc1OC)C(=O)C(CC1CCN(Cc3ccccc3F)CC1)C2,0,CHEMBL3943450
CHEMBL3900401,COc1cc2c(cc1OC)C(=O)C(CC1CCN(Cc3ncc(C)cc3C)CC1)C2,0,CHEMBL3900401
CHEMBL3889713,COC(=O)c1cccc(CN2CCC(CC3Cc4cc(OC)c(OC)cc4C3=O)CC2)n1,1,CHEMBL3889713
CHEMBL3889625,COc1cc2c(cc1OC)C(=O)C(CC1CCN(Cc3ccc4ccccc4n3)CC1)C2,1,CHEMBL3889625
CHEMBL3237628,CC[C@H]1[C@H](C[C@H](C)C(=O)OC)O[C@]23CC[C@@H]([C@@H]4C[C@H](C)C(=O)O4)N2CCCC[C@H]13,1,CHEMBL3237628
CHEMBL5583890,O=C(NCCCCNc1c2c(nc3ccccc13)CCCC2)Oc1ccc(-c2cc3cccnc3[nH]2)cc1,0,CHEMBL5583890
CHEMBL5575345,O=C(NCCCCCCNc1c2c(nc3ccccc13)CCCC2)Oc1ccc(-c2cc3cccnc3[nH]2)cc1,0,CHEMBL5575345
CHEMBL3787502,COc1ccc2c(c1)C[C@@H](NC(=O)N(C)C)CC2,0,CHEMBL3787502
CHEMBL3582204,CC1(C)CCCN(Cc2ccc(-c3cnc4[nH]c5cnc(C#N)cc5c4c3)cc2)C1,1,CHEMBL3582204
CHEMBL3632626,COc1ccc2nc3c(c(NCCCCNC(=O)C4(C)CCc5c(C)c(O)c(C)c(C)c5O4)c2c1)CCCC3,1,CHEMBL3632626
CHEMBL3605431,CN(C)CCC[C@@]1(c2ccc(F)cc2)OCc2cc(-c3nnc(-c4cccc(I)c4)[nH]3)ccc21,1,CHEMBL3605431
CHEMBL3605426,CN(C)CCC[C@@]1(c2ccc(F)cc2)OCc2cc(-c3nnc(-c4ccc(F)cc4)[nH]3)ccc21,1,CHEMBL3605426
CHEMBL3402720,CN(CCCCCCCCN1C(=O)c2ccccc2C1=O)Cc1cccc(Cl)c1,1,CHEMBL3402720
CHEMBL115835,CCCCC1=NC2(CCCC2)C(=O)N1Cc1ccc(-c2ccccc2C(=O)OC(C)(C)C)cc1,0,CHEMBL115835
CHEMBL5205468,COc1ccc(C(=O)Cc2ncc(C(=O)NCc3cccs3)cn2)cc1,1,CHEMBL5205468
CHEMBL5188541,COc1ccc2cc3[n+](cc2c1OC)CCc1cc(O)c(O)cc1-3,1,CHEMBL5188541
CHEMBL241760,CN(C(=O)Oc1ccc(Oc2ccc(C(F)(F)F)cn2)cc1)c1ccccc1Cl,1,CHEMBL241760
CHEMBL237189,O=C(Oc1ccc(Oc2ccc(C(F)(F)F)cn2)cc1)N1CCOCC1,1,CHEMBL237189
CHEMBL235761,CN(Cc1ccccc1)C(=O)Oc1ccc(Oc2ccc(C(F)(F)F)cn2)cc1,1,CHEMBL235761
CHEMBL238764,CN(C(=O)Oc1ccc(Oc2ccccc2)cc1)c1ccccc1,1,CHEMBL238764
CHEMBL270349,CC(C)(CO[N+](=O)[O-])C(=O)NCCCNc1c2c(nc3ccccc13)CCCC2,0,CHEMBL270349
CHEMBL261384,O=[N+]([O-])OCCCCCCNCCCNc1c2c(nc3ccccc13)CCCC2,0,CHEMBL261384
CHEMBL273078,O=C(CO[N+](=O)[O-])NCCCCNc1c2c(nc3ccccc13)CCCC2,0,CHEMBL273078
CHEMBL4862716,CC1=CC2Cc3nc4cc(Cl)ccc4c(NCCCCCCCCCNS(=O)(=O)c4cn[nH]c4)c3C(C1)C2,0,CHEMBL4862716
CHEMBL3586200,C[C@@]12CC[C@@H]3[C@](C)(CC[C@H](OC(=O)CCc4ccc(O)cc4)[C@]3(C)C(=O)O)[C@H]1CC[C@H]1C(=CC[C@@H]3[C@]1(C)CC[C@@H](O)[C@]3(C)CO)C2,1,CHEMBL3586200
CHEMBL3586204,C[C@@]12CC[C@@H]3[C@](C)(CC[C@H](OC(=O)c4ccc(O)cc4)[C@]3(C)C(=O)O)[C@H]1CC[C@@H]1[C@@]3(C)CC[C@@H](O)[C@](C)(CO)[C@@H]3C[C@H](O)[C@@]1(O)C2,1,CHEMBL3586204
CHEMBL3577510,COc1ccccc1CN(C)CCCCOc1ccc(-c2cc(=O)c3c(OC)c(OC)c(OC)cc3o2)cc1,0,CHEMBL3577510
CHEMBL4875903,CC(=O)Nc1cc(C(=O)Nc2cncc(OCC3CCN(Cc4ccc(F)cc4)CC3)c2)ccn1,0,CHEMBL4875903
CHEMBL4870273,O=C(NCC1CCN(Cc2cccc(Cl)c2)CC1)c1cncc(NC(=O)c2ccnc3[nH]ccc23)c1,1,CHEMBL4870273
CHEMBL2019032,O=C(NCCCCCCCCCCNc1c2c(nc3cc(Cl)ccc13)CCCC2)c1cc(=O)c2ccccc2o1,0,CHEMBL2019032
CHEMBL2047375,c1ccc(CN2CCC(Nc3nccc(NCc4ccc5c(c4)OCO5)n3)CC2)cc1,1,CHEMBL2047375
CHEMBL2047227,Fc1ccc(CNc2ccnc(NC3CCN(Cc4ccccc4)CC3)n2)cc1,1,CHEMBL2047227
CHEMBL512830,COC(=O)CC[C@@H](C)[C@H]1CC(=O)[C@@]2(C)C3=C(C(=O)[C@@H](OC(C)=O)[C@]12C)[C@@]1(C)CC[C@H](O)C(C)(C)[C@@H]1CC3=O,1,CHEMBL512830
CHEMBL4097249,C[n+]1c2ccccc2c(-c2ccc(NC(=O)C(F)(F)F)cc2)c2ccccc21,1,CHEMBL4097249
CHEMBL4078265,C[n+]1c2ccccc2c(-c2ccc(F)cc2)c2ccccc21,1,CHEMBL4078265
CHEMBL4074993,CN1c2ccccc2C(n2c3ccccc3c3ccccc32)c2ccccc21,1,CHEMBL4074993
CHEMBL2386558,CN(C)C(=O)[C@H]1C[C@@H]1c1ccc(-c2ncn(C)c2Sc2ccc(Cl)cn2)cc1,1,CHEMBL2386558
CHEMBL459826,CC(C)(O)C(=O)Cc1cc2ccc(=O)oc2cc1O,1,CHEMBL459826
CHEMBL4127747,CC(C)=CC[C@H]1C[C@@]2(CC=C(C)C)C(=O)[C@](C(=O)C(C)C)(C(=O)C3=C2O[C@H](C(C)(C)O)C3)[C@]1(C)CCC(=O)C(C)C,1,CHEMBL4127747
CHEMBL3586595,Cc1c(C)c2ccc(OCc3ccc(CN(C)Cc4ccccc4)cc3)cc2oc1=O,0,CHEMBL3586595
CHEMBL1915761,C[C@H](CCC=C(CO)CO)[C@H]1CC[C@@]2(C)C3=CC[C@H]4C(C)(C)C(=O)CC[C@]4(C)C3=CC[C@]12C,1,CHEMBL1915761
CHEMBL4175914,COc1ccccc1CNCCCCCCNC(=O)c1cc(Cl)nc(Cl)c1,1,CHEMBL4175914
CHEMBL4167524,Cc1cc(=O)oc2cc(OCCCCSC(=S)N3CCCCC3)ccc12,0,CHEMBL4167524
CHEMBL3827856,Cc1c(OC(=O)N(C)C)c2c(c[n+]1C)COCOC2,1,CHEMBL3827856
CHEMBL1083789,NCCCCCCCNc1c2c(nc3ccccc13)CCCC2,0,CHEMBL1083789
CHEMBL1082738,c1ccc2c(NCCCCCCCCNc3c4c(nc5ccccc35)CCCC4)ccnc2c1,0,CHEMBL1082738
CHEMBL118968,Nc1c2c(nc3ccccc13)CCCCCC2,1,CHEMBL118968
CHEMBL3642055,CC(=O)NCCc1c[nH]c2ccc(OC(=O)NCCCCCCCCCCNc3c4c(nc5cc(Cl)ccc35)CCCC4)cc12,0,CHEMBL3642055
CHEMBL3604193,CN(C)c1ccc(C(=O)NCCCNc2c3c(nc4ccccc24)CCCC3)cc1,0,CHEMBL3604193
CHEMBL2396914,c1ccc2c(c1)CCCN2c1nc2ccccc2[nH]1,1,CHEMBL2396914
CHEMBL2396906,COCCNc1nc2ccccc2[nH]1,1,CHEMBL2396906
CHEMBL4291591,CN(CCCCCCOc1ccc(/C=C2\COc3ccccc3C2=O)cc1)Cc1ccccc1,1,CHEMBL4291591
CHEMBL4294640,Cn1c2nc3ccccc3c-2c(NCCCCCCCCNc2c3c(nc4ccccc24)CCCC3)c2ccccc21,0,CHEMBL4294640
CHEMBL157182,C/N=C1/CCc2c1n(C)c1cc(Cl)c(OC(=O)NC)cc21,0,CHEMBL157182
CHEMBL543711,c1ccc(-c2ccc(NCCCCCN3CCc4ccccc4C3)nn2)cc1,1,CHEMBL543711
CHEMBL540833,CNC(=O)Oc1ccc2c(c1)CN(CCCOc1ccc3c(=O)c4ccccc4oc3c1)CC2,0,CHEMBL540833
CHEMBL3116301,Brc1ccc2c(c1)c(OCc1ccc3ccccc3c1)nn2CCN1CCCCC1,1,CHEMBL3116301
CHEMBL3116300,Nc1ccc2c(c1)c(OCc1ccc3ccccc3c1)nn2CCN1CCCCC1,1,CHEMBL3116300
CHEMBL3116288,O=[N+]([O-])c1ccc2c(c1)c(OCC1CCCCC1)nn2Cc1ccccc1,1,CHEMBL3116288
CHEMBL12324,CNC(=O)Oc1ccc2c(c1)OC[C@@H]1CC[N+](C)(C)[C@H]21,1,CHEMBL12324
CHEMBL263785,CCCOc1ccccc1C[N+](C)(CC)CCCCCC(=O)N(C)CCCCCCCCN(C)C(=O)CCCCC[N+](C)(CC)Cc1ccccc1OCCC,0,CHEMBL263785
CHEMBL1556015,COc1cc(C(C#N)N2CCCCC2)ccc1O,1,CHEMBL1556015
CHEMBL388560,CCOP(=S)(OCC)Oc1cc(C)nc(C(C)C)n1,1,CHEMBL388560
CHEMBL3289938,CN(C)c1ccc(/C=C2/CN(Cc3ccccc3)C/C(=C\c3ccc(N(C)C)cc3[N+](=O)[O-])C2=O)c([N+](=O)[O-])c1,1,CHEMBL3289938
CHEMBL3261987,O=C(/C=N\O)Nc1ccc[n+](CCCCC[n+]2cccc(NC(=O)/C=N\O)c2)c1,1,CHEMBL3261987
CHEMBL2011402,COc1ccc([C@H]2Oc3cc(O)c(C/C=C(\C)CCC=C(C)C)c(O)c3C(=O)[C@@H]2O)cc1O,1,CHEMBL2011402
CHEMBL8996,O=C1C[C@@H](c2ccc(O)c(O)c2)Oc2cc(O)cc(O)c21,1,CHEMBL8996
CHEMBL513236,COc1ccccc1CN(C)Cc1ccc(C(=O)c2ccc(OC)c(OC)c2)cc1,1,CHEMBL513236
CHEMBL490360,COc1ccc(C(=O)c2ccc(CN(C)Cc3cccc([N+](=O)[O-])c3)cc2)cc1OC,1,CHEMBL490360
CHEMBL406645,CC[C@@]1(c2cccc(O)c2)CCCCN(CCCCCCCCCN2CCCC[C@@](CC)(c3cccc(O)c3)C2)C1,1,CHEMBL406645
CHEMBL3824057,O=C(NCCc1c[nH]c2ccccc12)C1CCN(Cc2ccccc2)CC1,1,CHEMBL3824057
CHEMBL3120185,CCOC(=O)c1ccc2nc(-c3ccc(C(=O)OC)cc3)c3c(c2c1)N(Cc1ccccc1)C(=O)CC3,1,CHEMBL3120185
CHEMBL3133439,COc1cc2c(cc1OC)C(NC(=O)CN1CCN(Cc3ccccc3)CC1)c1cnn(C)c1-2,1,CHEMBL3133439
CHEMBL1289506,COc1cc2c(cc1OC)C(=O)C1(C2)C(c2ccccc2Cl)CN(C)C12C(=O)Nc1ccc(Cl)cc12,1,CHEMBL1289506
CHEMBL2206893,Nc1c2c(nc3c1C(c1ccc(O)cc1)c1ccc4ccccc4c1O3)CCCC2,1,CHEMBL2206893
CHEMBL1276567,O=C(NP(=O)(NN1CCCCC1)NN1CCCCC1)c1ccccc1,1,CHEMBL1276567
CHEMBL5183930,CCN(CC)Cc1ccc(/C=C2\Cc3ccc(OC)cc3C2=O)cc1,0,CHEMBL5183930
CHEMBL5204934,Cc1cccc2sc(NC(=O)CCN3CCN(CC4CCCCC4)CC3)nc12,0,CHEMBL5204934
CHEMBL5189021,CCCCCCCNC(=O)Oc1ccc(Cc2nc3cc(C(=O)N4CCCCC4)ccc3n2CCC(C)C)cc1,0,CHEMBL5189021
CHEMBL5191187,CC(=O)N1N=C(c2ccccc2[N+](=O)[O-])CC1c1ccc(-c2ccccc2)cc1,0,CHEMBL5191187
CHEMBL5183314,COc1ccc(C2=NN(C(C)=O)C(c3ccc(-c4ccccc4)cc3)C2)c(OC)c1,1,CHEMBL5183314
CHEMBL2160222,CCN(CC)Cc1ccc(C(=O)c2c(-c3ccc(OCCCCCCCN(C)Cc4ccccc4)cc3)oc3ccccc23)cc1,1,CHEMBL2160222
CHEMBL5198012,Cc1cccc2sc(NC(=O)CCN3CCN(Cc4cccc5ccccc45)CC3)nc12,1,CHEMBL5198012
CHEMBL5204734,CN(CCCOc1ccc([N+](=O)[O-])cc1)C(=O)c1cnc(CC(=O)c2ccccc2)nc1,1,CHEMBL5204734
CHEMBL5177298,Cc1cccc2sc(NC(=O)CCN3CCN(c4ccccn4)CC3)nc12,1,CHEMBL5177298
CHEMBL5206663,Cc1cccc2sc(NC(=O)CCN3CCN(c4ncccn4)CC3)nc12,1,CHEMBL5206663
CHEMBL5173420,Cc1cccc2sc(NC(=O)CCN3CCN(Cc4ccccc4F)CC3)nc12,1,CHEMBL5173420
CHEMBL3582200,CN1CCN(c2cccc(-c3cnc4[nH]c5cnc(C#N)cc5c4c3)c2)CC1,1,CHEMBL3582200
CHEMBL3582232,c1ncc(-c2cc3c(cn2)[nH]c2ncc(-c4ccc(CN5CCCCC5)cc4)cc23)cn1,0,CHEMBL3582232
CHEMBL3585375,Cc1ccc2[nH]c3c(c2c1)CN(CCCCCCCN1CCc2[nH]c4ccc(C)cc4c2C1)CC3,0,CHEMBL3585375
CHEMBL3586203,CC1(C)[C@H](O)CC[C@@]2(C)[C@H]1CC[C@@]1(C)CC3=CC[C@H]4C(C)(C)[C@H](O)CC[C@]4(C)[C@H]3CC[C@@H]12,1,CHEMBL3586203
CHEMBL506258,COC(=O)[C@]1(C)[C@@H]2CC[C@@]3(C)CC4=CC(=O)[C@@H]5[C@](C)(CC[C@@H](O)[C@]5(C)CO)[C@H]4CC[C@@H]3[C@@]2(C)CC[C@@H]1O,1,CHEMBL506258
CHEMBL3586206,CC1(C)[C@H](O)CC[C@]2(C)[C@H]3CC[C@H]4[C@@](C)(CC[C@@H]5[C@]4(C)CC[C@@H](O)[C@]5(C)C(=O)O)CC3=CC(=O)[C@@H]12,1,CHEMBL3586206
CHEMBL5219594,O=c1[nH]c2ccc(OCc3ccc(F)cc3)cc2c(=O)o1,1,CHEMBL5219594
CHEMBL4795843,COc1ccc2cc3[n+](cc2c1OCc1ccc(C#N)cc1)CCc1cc2c(cc1-3)OCO2,1,CHEMBL4795843
CHEMBL4764558,NC(=O)c1sc(-c2ccnc(NC(=O)C3CC3)c2)nc1OCCC1CCN(Cc2ccc(F)cc2)CC1,1,CHEMBL4764558
CHEMBL430403,CCOC(=O)C1=C(C)Oc2nc3c(c(N)c2C1c1ccc(C)cc1)CCCC3,0,CHEMBL430403
CHEMBL398628,CCOC(=O)C1=C(C)Oc2nc3c(c(N)c2C1c1ccc(OC)cc1)CCCC3,0,CHEMBL398628
CHEMBL3085881,CCn1c(=O)n(C)s/c1=N\CCC1CCN(Cc2ccccc2)CC1,0,CHEMBL3085881
CHEMBL3322233,O=C(NCCCCNc1c2c(nc3cc(Cl)ccc13)CCCC2)c1ccc2nc(-c3ccc(Cl)cc3)c3c(c2c1)NCCC3,0,CHEMBL3322233
CHEMBL2441680,COc1ccc(C(F)(F)F)c[n+]1CCCOc1ccc2c(C)cc(=O)oc2c1,1,CHEMBL2441680
CHEMBL5433354,CCOP(=O)(OCC)C(Nc1ccc(C(=O)O)cc1)c1ccc(OCc2nc3ccccc3c(=O)n2-c2ccc(F)cc2)c(OC)c1,1,CHEMBL5433354
CHEMBL5433692,CC[N+](CC)(CCCCCn1c(C)cc(=O)n(CCCCC[N+](CC)(CC)Cc2ccccc2)c1=O)Cc1ccccc1,0,CHEMBL5433692
CHEMBL3781564,C[N+](C)(C)CCOC(=O)c1ccc(Oc2nc(Oc3ccc(C(=O)OCC[N+](C)(C)C)cc3)nc(Oc3ccc(C(=O)OCC[N+](C)(C)C)cc3)n2)cc1,0,CHEMBL3781564
CHEMBL5422164,C#CCN(CCc1ccc(OC)cc1)Cc1cccc(OC)c1OCc1ccccc1,1,CHEMBL5422164
CHEMBL5434452,CCN(CCc1ccccc1OC)Cc1cccc(OC)c1OCc1ccccc1,1,CHEMBL5434452
CHEMBL5571160,C[C@@H](c1cccc(OC(=O)NCCCNc2c3c(nc4ccccc24)CCCC3)c1)N(C)C,0,CHEMBL5571160
CHEMBL5568634,O=C(NCCCCCNc1c2c(nc3cc(Cl)ccc13)CCCC2)Oc1ccc2cc[nH]c2c1,0,CHEMBL5568634
CHEMBL3948489,Brc1ccc(/C=C2/CNCC3=C2N=C2SC=C(c4ccc5ccccc5c4)N2C3c2ccc(Br)cc2)cc1,0,CHEMBL3948489
CHEMBL5639827,Nc1n[nH]c2nc(-c3ccc(Br)cc3)cc(-c3ccc(Br)cc3)c12,0,CHEMBL5639827
CHEMBL2088786,N#Cc1cc(C#N)c(NCCCCC2CCN(Cc3ccccc3)CC2)nc1N,0,CHEMBL2088786
CHEMBL5431346,Cc1cc(/C=N/O)c(O)c(CN2CCN(c3ccc(Cl)cc3)CC2)c1,1,CHEMBL5431346
CHEMBL5402369,O/N=C/c1cc(Cl)cc(CN2CCN(c3ccc(Br)cc3)CC2)c1O,1,CHEMBL5402369
CHEMBL5404725,Cc1cc(/C=N/O)c(O)c(CN2CCN(c3ccccc3F)CC2)c1,1,CHEMBL5404725
CHEMBL555506,C#CCN(C)C1CCc2ccc(OC(=O)N(C)C)cc21,1,CHEMBL555506
CHEMBL3827589,COc1ccc(-c2cc3ccc(OCCCN(C)Cc4cccc(OC(=O)NCCCCCc5ccccc5)c4)cc3oc2=O)cc1,0,CHEMBL3827589
CHEMBL3586583,CCN(CCCCCCOc1ccc2c(C)c(C)c(=O)oc2c1)Cc1ccccc1,0,CHEMBL3586583
CHEMBL3586614,CN(Cc1ccccc1)Cc1ccc(COc2ccc3ccc(=O)[nH]c3c2)cc1,1,CHEMBL3586614
CHEMBL3885186,O=S(=O)(c1ccccc1)n1ccc2c(N3CCN(CCCCCCNc4c5c(nc6ccccc46)CCCC5)CC3)cccc21,0,CHEMBL3885186
CHEMBL4860467,COc1cc(/C=C/C(=O)NCCC(=O)Nc2ccccc2)ccc1O,1,CHEMBL4860467
CHEMBL4856181,COc1cc(/C=C/C(=O)NCCC(=O)Nc2ccc(Cl)cc2)ccc1O,1,CHEMBL4856181
CHEMBL3827624,Cc1c(OC(=O)N(C)C)c2c(c[n+]1C)COC(C(C)(C)C)OC2,1,CHEMBL3827624
CHEMBL3828739,Cc1c(OC(=O)N(C)C)c2c(c[n+]1C)COC(C)(C)OC2,1,CHEMBL3828739
CHEMBL259482,OCC1CCN(Cc2ccc(OCCCN3CCCCC3)cc2)CC1,1,CHEMBL259482
CHEMBL3343932,CC(=O)N[C@@H](Cc1c[nH]c2ccccc12)C(=O)NCCCCCCNc1c2c(nc3ccccc13)CCCC2,0,CHEMBL3343932
CHEMBL241974,CCN(CCCCCCNC1=CC(=O)C(NCCCCCCN(CC)Cc2cccnc2)=CC1=O)Cc1cccnc1,0,CHEMBL241974
CHEMBL244762,CCN(CCCCCCNC1=CC(=O)C(NCCCCCCN(CC)Cc2ccccn2)=CC1=O)Cc1ccccn1,0,CHEMBL244762
CHEMBL390247,CCN(CCCCCCNC1=CC(=O)C(NCCCCCCN(CC)Cc2cccs2)=CC1=O)Cc1cccs1,0,CHEMBL390247
CHEMBL276444,CCN(CCCCCCNC1=CC(=O)C(NCCCCCCN(CC)Cc2ccco2)=CC1=O)Cc1ccco1,0,CHEMBL276444
CHEMBL243056,CCN(CCCCCCNC1=C(Cl)C(=O)C(NCCCCCCN(CC)Cc2ccccc2OC)=C(Cl)C1=O)Cc1ccccc1OC,0,CHEMBL243056
CHEMBL243055,CCN(CCCCCCNC1=C(F)C(=O)C(NCCCCCCN(CC)Cc2ccccc2OC)=C(F)C1=O)Cc1ccccc1OC,0,CHEMBL243055
CHEMBL390083,COc1ccccc1CN(C)CCCOc1ccc2c(=O)c3ccccc3oc2c1,1,CHEMBL390083
CHEMBL3116283,c1ccc2c(COc3nn(CCN4CCCC4)c4ccccc34)cccc2c1,1,CHEMBL3116283
CHEMBL3116281,COc1ccc(COc2nn(Cc3ccc(OC)cc3)c3ccccc23)cc1,1,CHEMBL3116281
CHEMBL3116278,c1ccc2c(c1)c(OCC1CCCCC1)nn2CC1CCCCC1,1,CHEMBL3116278
CHEMBL4748587,O=C1c2ccccc2C(=O)C12N1CSC[C@@H]1[C@@H](c1ccccc1Cl)[C@@]21CSc2ccccc2C1=O,1,CHEMBL4748587
CHEMBL4752440,COc1ccc([C@@H]2[C@H]3CSCN3C3(C(=O)c4ccccc4C3=O)[C@]23CSc2ccccc2C3=O)cc1,1,CHEMBL4752440
CHEMBL4760400,Cc1ccc([C@@H]2[C@H]3CSCN3C3(C(=O)c4ccccc4C3=O)[C@]23CSc2ccccc2C3=O)cc1,1,CHEMBL4760400
CHEMBL4754171,O=C1c2ccccc2C(=O)C12N1CSC[C@@H]1[C@@H](c1ccccc1)[C@@]21CSc2ccccc2C1=O,1,CHEMBL4754171
CHEMBL4739877,CN1C[C@@H](c2cccc(Br)c2)[C@@]2(CSc3ccccc3C2=O)C12C(=O)c1ccccc1C2=O,1,CHEMBL4739877
CHEMBL4747183,COc1ccc([C@@H]2CN(C)C3(C(=O)c4ccccc4C3=O)[C@]23CSc2ccccc2C3=O)cc1,1,CHEMBL4747183
CHEMBL4744408,CN1C[C@@H](c2ccc(Cl)cc2)[C@@]2(CSc3ccccc3C2=O)C12C(=O)c1ccccc1C2=O,1,CHEMBL4744408
CHEMBL3415566,O=C1c2ccccc2C(=O)N1CCCCCCCCNCc1ccccc1F,0,CHEMBL3415566
CHEMBL3417002,COc1cc(N)c(Cl)cc1C(=O)CCC1CCN(Cc2cccnc2)CC1,0,CHEMBL3417002
CHEMBL4449395,C[C@@H]1C[C@H]2Cc3ncc(C4CCCCN4)cc3[C@]3(C1)NCCC[C@H]23,1,CHEMBL4449395
CHEMBL1203985,CC[N+](CC)(CC)CCOc1ccc(C(=O)NCCCCCC(=O)NNc2c3c(nc4ccccc24)CCCC3)cc1,0,CHEMBL1203985
CHEMBL391918,CC1=N[C@H]2CC=C3C[C@H]4C(=O)C[C@]5(C)[C@@H]([C@H](C)N(C)C)[C@H](O)C[C@@]5(C)[C@@H]4CC[C@H]3[C@]2(C)CO1,1,CHEMBL391918
CHEMBL4282037,CN(C)CCOC(=O)/C=C/c1ccc2oc(C(=O)Nc3ccc(Cl)cc3)cc(=O)c2c1,1,CHEMBL4282037
CHEMBL4286677,Nc1ccc(O)c(Cn2ccnc2)c1,1,CHEMBL4286677
CHEMBL4288742,CCCN(C)Cc1cc(N)ccc1O,1,CHEMBL4288742
CHEMBL4284261,CCN(C)Cc1cc(N)ccc1O,1,CHEMBL4284261
CHEMBL5266165,COc1cc2c(cc1OC)C(=O)/C(=C/c1ccc(OCCN3CCCCC3)cc1)C2,0,CHEMBL5266165
CHEMBL58190,CC(=O)Oc1cccc([N+](C)(C)Cc2ccccc2)c1,1,CHEMBL58190
CHEMBL4459154,NS(=O)(=O)c1ccc(NC(=S)NNc2c3c(nc4ccccc24)CCCC3)cc1,0,CHEMBL4459154
CHEMBL65018,CN1CC[C@@]2(C)c3cc(OC(=O)NCCCCCCCCN4CCOCC4)ccc3N(C)[C@@H]12,0,CHEMBL65018
CHEMBL3628055,O=C(NCCc1c[nH]c2ccccc12)c1cc[n+](Cc2ccccc2)cc1,1,CHEMBL3628055
CHEMBL3628066,COc1ccc2[nH]cc(CCNC(=O)/C=C/c3cc[n+](Cc4ccccc4F)cc3)c2c1,0,CHEMBL3628066
CHEMBL3628067,COc1ccc2[nH]cc(CCNC(=O)/C=C/c3cc[n+](Cc4cccc(F)c4)cc3)c2c1,0,CHEMBL3628067
CHEMBL3621335,CC[N+]1(Cc2ccccc2[N+](=O)[O-])CCCCCn2c(C)c3c(=O)n(c2=O)CCCCC[N+](CC)(Cc2ccccc2[N+](=O)[O-])CCCCCn2c(C)c(c(=O)n(c2=O)CCCCC1)C3,1,CHEMBL3621335
CHEMBL498536,Oc1cccc(C2=Nc3ccccc3SC(c3cccs3)C2)c1,1,CHEMBL498536
CHEMBL4091169,Clc1ccc(CNC2CCN(Cc3ccccc3)CC2)c(Cl)c1,0,CHEMBL4091169
CHEMBL474836,COc1ccc(C(=O)c2ccc(/C=C/CN(C)Cc3ccccc3)cc2)cc1OC,1,CHEMBL474836
CHEMBL5414196,COc1ccc(C[C@H]2c3c(ccc(OC)c3O)CCN2C)cc1,1,CHEMBL5414196
CHEMBL5411138,COC1=C(CC(=O)CCc2ccccc2)C(=O)O[C@@H]1O,1,CHEMBL5411138
CHEMBL220849,Cc1nccc2c3cc(O)ccc3n(C)c12,1,CHEMBL220849
CHEMBL360055,CC[N+](CC)(CC)CCOc1cccc(OCC[N+](CC)(CC)CC)c1OCC[N+](CC)(CC)CC,1,CHEMBL360055
CHEMBL3582216,CCN1CCc2sc(-c3cnc4[nH]c5cnc(C#N)cc5c4c3)cc2C1,0,CHEMBL3582216
CHEMBL393621,CC(C)C1=N[C@H]2CC=C3CC4C(=O)C[C@]5(C)[C@@H]([C@H](C)N(C)C)[C@H](O)C[C@@]5(C)[C@@H]4CC[C@H]3[C@]2(C)CO1,0,CHEMBL393621
CHEMBL6133076,CC(c1cccc(OC(=O)NCCc2c[nH]c3ccc(Cl)cc23)c1)N(C)C,0,CHEMBL6133076
CHEMBL6102253,C[C@@H](c1cccc(OC(=O)NCCc2c[nH]c3ccc(Cl)cc23)c1)N(C)C,0,CHEMBL6102253
CHEMBL4164310,Nc1c2c(nc3c1C(c1cccc([N+](=O)[O-])c1)NC(=S)N3)CCCC2,1,CHEMBL4164310
CHEMBL3780448,CC(COC(=O)c1ccc(Oc2nc(Oc3ccc(C(=O)OCC(C)N(C)C)cc3)nc(Oc3ccc(C(=O)OCC(C)N(C)C)cc3)n2)cc1)N(C)C,1,CHEMBL3780448
CHEMBL4103604,COc1cc(/C=C/C(=O)Nc2ccccc2)ccc1OCCCCCN(C)C,1,CHEMBL4103604
CHEMBL4064846,CCN(CC)CCOc1ccc(/C=C/C(=O)Nc2ccccc2)cc1OC,1,CHEMBL4064846
CHEMBL4090559,COc1cc(/C=C/C(=O)O)ccc1OCCCCCCN1CCCC1,1,CHEMBL4090559
CHEMBL4063583,COc1cc2c(cc1OC)C(=O)/C(=C/c1cc[n+](Cc3ccccc3Br)cc1)C2,0,CHEMBL4063583
CHEMBL4070471,COc1cc2c(cc1OC)C(=O)/C(=C/c1cc[n+](Cc3ccc([N+](=O)[O-])cc3)cc1)C2,0,CHEMBL4070471
CHEMBL3922423,O=C1c2ccccc2S(=O)(=O)N1CCCCCNCc1ccccc1,0,CHEMBL3922423
CHEMBL5088794,CC1=CC(=O)[C@@](C)(O)C(=O)/C1=C\Nc1ccccc1,1,CHEMBL5088794
CHEMBL6149526,CC1=CC(=O)[C@@](C)(O)C(=O)/C1=C\Nc1ccc(Oc2ccc(C#N)cc2)cc1,1,CHEMBL6149526
CHEMBL6147462,CC1=CC(=O)[C@](C)(O)C(=O)/C1=C\Nc1ccc(Oc2ccc(C#N)cc2)cc1,1,CHEMBL6147462
CHEMBL4863376,Fc1ccc2[nH]c3ccncc3c2c1,1,CHEMBL4863376
CHEMBL5437254,CCCN(CCc1ccc(OC)cc1)Cc1cccc(OC)c1OCc1ccccc1,1,CHEMBL5437254
CHEMBL5431601,COc1cccc(CNCCCc2ccccc2)c1OCc1ccccc1,1,CHEMBL5431601
CHEMBL5434636,COc1cccc(CNC(C)CCc2ccccc2)c1OCc1ccccc1,1,CHEMBL5434636
CHEMBL5419436,CN(C)CCCN1C(=O)CSC1c1cccc2ccccc12,1,CHEMBL5419436
CHEMBL5415881,O=C1CSC(c2ccc(Cl)cc2Cl)N1CCNC1CC1,1,CHEMBL5415881
CHEMBL5596796,CCOC(=O)C1=C(Nc2cccc(F)c2)CC(c2ccc(Cl)cc2)N(c2cccc(F)c2)C1c1ccc(Cl)cc1,1,CHEMBL5596796
CHEMBL4159243,COC(=O)c1ccccc1C[n+]1ccc(CC2Cc3cc(OC)c(OC)cc3C2=O)c(C(=O)Oc2c(Cl)cc(Cl)cc2Cl)c1,0,CHEMBL4159243
CHEMBL4162121,CCC[n+]1ccc(CC2CCc3cc(OC)ccc3C2=O)c(C(C)=O)c1,1,CHEMBL4162121
CHEMBL1085759,Cc1cccc2n1cc(-c1ccc(OC(=O)N(C)C)cc1)[n+]2C,1,CHEMBL1085759
CHEMBL1085284,COC(=O)Nc1cccc2n1cc(-c1ccc(OC(=O)N(C)C)cc1)[n+]2C,1,CHEMBL1085284
CHEMBL1085279,CN(C)C(=O)Oc1cccc(-c2cn3c(Cl)cccc3[n+]2C)c1,1,CHEMBL1085279
CHEMBL73339,CCCCCN1CCc2cc(C(=O)CCC3CCN(Cc4ccccc4)CC3)ccc21,0,CHEMBL73339
CHEMBL1085858,O=C(CCC1CCN(Cc2ccccc2)CC1)c1ccc2c(c1)CCN2c1ccccc1,0,CHEMBL1085858
CHEMBL306776,COc1ccccc1CN1CCC(CCC(=O)c2ccc3c(c2)CCN3)CC1,0,CHEMBL306776
CHEMBL76108,COc1ccc(CN2CCC(CCC(=O)c3ccc4c(c3)CCN4)CC2)cc1,1,CHEMBL76108
CHEMBL75649,O=C(CCC1CCN(Cc2ccc(Cl)cc2)CC1)c1ccc2c(c1)CCN2,1,CHEMBL75649
CHEMBL74359,O=C(CCC1CCN(Cc2ccccc2)CC1)c1ccc2c(c1)NCC2,0,CHEMBL74359
CHEMBL310467,CCN1CCCCc2ccc(C(=O)CCC3CCN(Cc4ccccc4)CC3)cc21,0,CHEMBL310467
CHEMBL141853,CCC(=O)N(CCC1CCN(Cc2ccccc2)CC1)c1ccccc1,0,CHEMBL141853
CHEMBL106891,O=C1c2ccccc2C(=O)N1CCC1CCN(Cc2ccccc2)CC1,0,CHEMBL106891
CHEMBL419184,O=C1c2ccc([N+](=O)[O-])cc2C(=O)N1C1CCN(Cc2ccccc2)CC1,1,CHEMBL419184
CHEMBL4172797,COc1ccc2c(c1)CCC(Cc1cc[n+](Cc3ccc(C)cc3)cc1C(C)=O)C2=O,0,CHEMBL4172797
CHEMBL4163678,COc1ccc(C(=O)CCc2cc[n+](Cc3cccc(F)c3)cc2C#N)cc1OC,0,CHEMBL4163678
CHEMBL4171947,CC(C)NC(=O)c1cc2c(OC(=O)N(C)C)cccc2[n+](C)c1,0,CHEMBL4171947
CHEMBL4161343,CCN(C)C(=O)Oc1cccc2c1cc(C(=O)NC(C)C)c[n+]2C,1,CHEMBL4161343
CHEMBL4171941,CC(C)NC(=O)c1cc2c(OC(=O)N3CCCC3)cccc2[n+](C)c1,1,CHEMBL4171941
CHEMBL4168198,COC(=O)CNC(=O)c1cc2c(OC(=O)N(C)C)cccc2[n+](C)c1,0,CHEMBL4168198
CHEMBL4164761,CNC(=O)c1cc2c(OC(=O)N(C)C)cccc2[n+](C)c1,0,CHEMBL4164761
CHEMBL1173603,C[n+]1cccc(OC(=O)Nc2ccccc2)c1,1,CHEMBL1173603
CHEMBL1783525,CC(C)C1=N[C@H]2CC[C@]34C[C@]35C(=O)C[C@]3(C)[C@@H]([C@H](C)N(C)Cc6ccccc6)[C@H](O)C[C@@]3(C)[C@@H]5CC[C@H]4[C@]2(C)CS1,0,CHEMBL1783525
CHEMBL1783515,COc1ccc(CN(C)[C@@H](C)[C@H]2[C@H](O)C[C@@]3(C)[C@@H]4CC[C@H]5[C@]6(C)CSC(C(C)C)=N[C@H]6CC[C@@]56C[C@@]46C(=O)C[C@]23C)cc1,0,CHEMBL1783515
CHEMBL3961103,C#CCN(CCCC1CCN(Cc2ccccc2)CC1)Cc1ccc2cccc(O)c2n1,1,CHEMBL3961103
CHEMBL972,C#CCN(C)[C@H](C)Cc1ccccc1,1,CHEMBL972
CHEMBL3291019,C#CCN(Cc1ccc(O)c2ncccc12)C(C#N)CCC1CCN(Cc2ccccc2)CC1,0,CHEMBL3291019
CHEMBL4646080,COc1cc2cc(NC(=O)C3CCN(Cc4ccccc4)CC3)c(=O)oc2cc1OC,0,CHEMBL4646080
CHEMBL3827610,CCCCCCCNC(=O)Oc1cccc(CN(C)CCCCCOc2ccc3c4c(c(=O)oc3c2)CCCC4)c1,0,CHEMBL3827610
CHEMBL3910830,Cc1ccc(/C=C2/CNCC3=C2N=C2SC=C(c4ccc5ccccc5c4)N2C3c2ccc(C)cc2)cc1,0,CHEMBL3910830
CHEMBL4582203,COc1ccc2nc3c(c(NCCCCCCCCNC(=O)[C@@H](N)Cc4c[nH]c5ccccc45)c2c1)CCCC3,1,CHEMBL4582203
CHEMBL19949,CC[N+](C)(CCCCCC(=O)N1CCC(CCC2CCN(C(=O)CCCCC[N+](C)(CC)Cc3ccccc3OC)CC2)CC1)Cc1ccccc1OC,0,CHEMBL19949
CHEMBL221794,COc1ccc2c(c1)c1ccncc1n2C,1,CHEMBL221794
CHEMBL373674,Cn1c2ccc(O)cc2c2ccncc21,1,CHEMBL373674
CHEMBL165292,O=c1c2ccc(Cl)cc2nc2n1CCCCC2,1,CHEMBL165292
CHEMBL3577511,CCN(CCCCOc1ccc(-c2cc(=O)c3c(OC)c(OC)c(OC)cc3o2)cc1)Cc1ccccc1OC,0,CHEMBL3577511
CHEMBL205321,CC(C)c1ccc(NC(=O)Oc2ccc3c(c2)[C@]2(C)CO[C@@H](C2)O3)cc1,1,CHEMBL205321
CHEMBL4094081,COc1cc2c(cc1OC)C(=O)C(Cc1cc[n+](Cc3cccc(C)c3)cc1C(C)=O)C2,0,CHEMBL4094081
CHEMBL4634863,COc1ccc([C@H]2O[C@@H](O)[C@H]3[C@@H]2C(=O)O[C@@H]3c2cc(OC)c3c(c2)OCO3)cc1OC,0,CHEMBL4634863
CHEMBL3632846,COc1ccc2nc3c(c(NCCNC(=O)C4(C)CCc5c(C)c(O)c(C)c(C)c5O4)c2c1)CCCC3,1,CHEMBL3632846
CHEMBL3632989,Cc1c(C)c2c(c(C)c1O)CCC(C)(C(=O)NCCCNc1c3c(nc4cc(Cl)ccc14)CCCC3)O2,0,CHEMBL3632989
CHEMBL4104206,FC(F)(F)c1ccc(NC(=S)NCCN2CCCCC2)cc1,1,CHEMBL4104206
CHEMBL423419,COc1ccc(OC)c2c1CC(C)C2=O,0,CHEMBL423419
CHEMBL4648224,O=[N+]([O-])C1C(Cc2c[nH]cn2)NC2(c3ccccc3-c3nc4ccccc4nc32)C1c1ccc(Br)cc1,1,CHEMBL4648224
CHEMBL4642244,COc1ccc(C2C([N+](=O)[O-])C(Cc3c[nH]cn3)NC23c2ccccc2-c2nc4ccccc4nc23)cc1,1,CHEMBL4642244
CHEMBL106932,CC(C)=NNc1cc(NCCSCc2ccc(CN(C)C)o2)c([N+](=O)[O-])cc1[N+](=O)[O-],0,CHEMBL106932
CHEMBL5575070,COc1ccc(Oc2ccc3nc4c(c(N)c3c2)CCC4)cc1,1,CHEMBL5575070
CHEMBL590603,Clc1cccc(Cl)c1CO/N=C/c1cc[n+](CCC[n+]2ccc(/C=N/OCc3c(Cl)cccc3Cl)cc2)cc1,1,CHEMBL590603
CHEMBL219911,COc1cc(CCC(=O)NNc2c3c(nc4ccccc24)CCCC3)cc(OC)c1OC,0,CHEMBL219911
CHEMBL216159,COc1cc(C(=O)NCCCCCCCC(=O)NNc2c3c(nc4ccccc24)CCCC3)cc(OC)c1OC,0,CHEMBL216159
CHEMBL434378,COc1cc(C(=O)NCCCCCC(=O)NNc2c3c(nc4ccccc24)CCCC3)cc(OC)c1OC,0,CHEMBL434378
CHEMBL4471659,NC12CC3CC(F)(CC(C1)c1cc(NC(=O)CCCNc4c5c(nc6cc(Cl)ccc46)CCCC5)ccc13)C2,0,CHEMBL4471659
CHEMBL5220093,COc1ccc(NC(=O)Oc2ccc3c(c2)[C@]2(O)CCN(C(C)=O)[C@@H]2N3)cc1,1,CHEMBL5220093
CHEMBL3559488,COC(=O)C1=CO[C@@H](C)[C@H]2C[n+]3ccc4c([nH]c5ccccc54)c3C[C@H]12,0,CHEMBL3559488
CHEMBL1651247,c1ccc(CN2CCC(CCc3noc4cc(C5CCCCC5)ccc34)CC2)cc1,0,CHEMBL1651247
CHEMBL1651045,C[C@@H]1[C@@H]2CC[C@@H]3C(=CC[C@]4(C)[C@@H]([C@H](C)N(C)C)[C@H](O)C[C@@]34C)C=C2CC[C@@H]1N(C)C,1,CHEMBL1651045
CHEMBL1651250,O=C(CCC1CCN(Cc2ccc([N+](=O)[O-])cc2)CC1)c1cc2c3c(ccn3C(=O)CC2)c1,0,CHEMBL1651250
CHEMBL2181440,COc1cc2c(cc1OC)C(c1ccccc1)N(CCCCCc1cnc(/C=N/O)c(O)c1)CC2,1,CHEMBL2181440
CHEMBL3234592,O/N=C/c1nccc(CCCCCNc2c3c(nc4ccccc24)CCCC3)c1O,0,CHEMBL3234592
CHEMBL1327885,COc1cccc(C(=O)N2c3ccccc3Sc3ccccc32)c1,1,CHEMBL1327885
CHEMBL3343885,Cc1nc(C(=O)NCCCCCCNc2c3c(nc4ccccc24)CCCC3)cc2c1[nH]c1ccccc12,0,CHEMBL3343885
CHEMBL3343920,Cc1nc(C(=O)NCCCCCCCCNc2c3c(nc4ccccc24)CCCC3)cc2c1[nH]c1ccccc12,0,CHEMBL3343920
CHEMBL238977,NC(=O)c1cc[n+](C/C=C/C[n+]2ccc(/C=N/O)cc2)cc1,1,CHEMBL238977
CHEMBL1642973,CC(C)(C)c1cc[n+](CCCC[n+]2ccc(C(C)(C)C)cc2)cc1,1,CHEMBL1642973
CHEMBL4464964,CC(=O)N[C@@H](Cn1cc(-c2ccccc2)nn1)C(=O)NCC1CCN(Cc2ccccc2)CC1,1,CHEMBL4464964
CHEMBL3407587,OCc1cc2cc(OCCCC3CCN(Cc4ccccc4)CC3)ccc2[nH]1,1,CHEMBL3407587
CHEMBL5276955,COc1ccc(-c2cc(=O)c3ccc(OCCN4CCOCC4)cc3o2)cc1,0,CHEMBL5276955
CHEMBL5286183,Cc1ccc(NCC[C@@H]2CCCN3CCCC[C@H]23)c2c(=O)c3ccccc3sc12,1,CHEMBL5286183
CHEMBL5598085,CCOC(=O)C1=C(Nc2cccc(F)c2)CC(c2ccc(C(F)(F)F)cc2)N(c2cccc(F)c2)C1c1ccc(C(F)(F)F)cc1,1,CHEMBL5598085
CHEMBL496255,C[C@@H]([C@H]1CC[C@H]2[C@@H]3CC[C@H]4C[C@@H](N(C)C)CC[C@]4(C)[C@H]3CC[C@]12C)N(C)C,1,CHEMBL496255
CHEMBL4278164,COC(=O)c1sc(-c2ccnc(NC(=O)C3CC3)c2)nc1OCCNc1c2c(nc3ccccc13)CCCC2,0,CHEMBL4278164
CHEMBL425739,O=C(CCCCC1CCSS1)NCCCCCNc1c2c(nc3ccccc13)CCCC2,0,CHEMBL425739
CHEMBL5081301,CO[C@H]1C[C@H]2C(=C[C@@H]1OC(=O)c1cccc(C)c1)[C@H]1CN2Cc2cc3c(cc21)OCO3,1,CHEMBL5081301
CHEMBL5072956,COc1ccccc1C(=O)O[C@H]1C=C2[C@H]3CN(Cc4cc5c(cc43)OCO5)[C@H]2C[C@@H]1OC,1,CHEMBL5072956
CHEMBL5069654,COc1ccc(C(=O)O[C@H]2C=C3[C@H]4CN(Cc5cc6c(cc54)OCO6)[C@H]3C[C@@H]2OC)cc1OC,1,CHEMBL5069654
CHEMBL346399,C#CCCCOC[n+]1ccn(C)c1/C=N/O,1,CHEMBL346399
CHEMBL100366,CN1CC[C@@]2(C)c3cc(OC(=O)Nc4ccccc4)ccc3N(C=O)C12,0,CHEMBL100366
CHEMBL5568861,CN(Cc1ccc(COc2ccc3c(CO)cc(=O)oc3c2)cc1)Cc1ccco1,0,CHEMBL5568861
CHEMBL5563449,CN(Cc1ccc(COc2ccc3c(CO)cc(=O)oc3c2)cc1)Cc1cncnc1,1,CHEMBL5563449
CHEMBL4540644,Cc1ccc(CN2CCC(Nc3nc(-c4ccc(C)cc4)c(-c4ccc(C)cc4)s3)CC2)cc1,1,CHEMBL4540644
CHEMBL4527770,COc1ccc(-c2nc(NCC3CCN(Cc4ccccc4C(F)(F)F)CC3)sc2-c2ccc(OC)cc2)cc1,0,CHEMBL4527770
CHEMBL4554666,Fc1ccc(CN2CCC(CNc3nc(-c4ccc(Cl)cc4)c(-c4ccc(Cl)cc4)s3)CC2)c(Cl)c1,0,CHEMBL4554666
CHEMBL4532806,Cc1ccc(-c2nc(NCC3CCN(Cc4cc(F)cc(F)c4)CC3)sc2-c2ccc(C)cc2)cc1,0,CHEMBL4532806
CHEMBL4549599,COc1ccc(-c2nc(NC(=O)C3CCN(Cc4ccc(F)cc4C(F)(F)F)CC3)sc2-c2ccc(OC)cc2)cc1,1,CHEMBL4549599
CHEMBL4520251,COc1ccc(-c2nc(NC(=O)C3CCN(Cc4ccc(F)cc4)CC3)sc2-c2ccc(OC)cc2)cc1,1,CHEMBL4520251
CHEMBL4527101,COc1ccc(-c2nc(NC(=O)C3CCN(Cc4ccccc4C(F)(F)F)CC3)sc2-c2ccc(OC)cc2)cc1,0,CHEMBL4527101
CHEMBL4452092,O=[N+]([O-])c1ccc(/C=N/C2CCN(Cc3ccccc3)CC2)cc1,0,CHEMBL4452092
CHEMBL4445026,C(=N\Nc1c2c(nc3ccccc13)CCCC2)/c1ccc(OCc2cn(-c3ccccc3)nn2)cc1,0,CHEMBL4445026
CHEMBL4526428,Brc1ccc(-n2cc(COc3ccc(/C=N/Nc4c5c(nc6ccccc46)CCCC5)cc3)nn2)cc1,1,CHEMBL4526428
CHEMBL4447258,O=[N+]([O-])c1cccc(-n2cc(COc3ccc(/C=N/Nc4c5c(nc6ccccc46)CCCC5)cc3)nn2)c1,1,CHEMBL4447258
CHEMBL3786182,O=C(O)c1ccc(CN2CCC(CN[C@@H]3C[C@H]3c3ccccc3)CC2)cc1,1,CHEMBL3786182
CHEMBL3343930,CC(C)(C)OC(=O)N[C@@H](Cc1c[nH]c2ccccc12)C(=O)NCCCCCCNc1c2c(nc3ccccc13)CCCC2,0,CHEMBL3343930
CHEMBL1952066,CCCCN1CC(C)(C)CN=C1/C=N/O,1,CHEMBL1952066
CHEMBL1952053,CN(C)C(/C=N/O)=N\C1CC1,1,CHEMBL1952053
CHEMBL5428978,C#CCN(C(=O)Oc1cccc2c(CN(C)CCC3CCCCCC3)c[nH]c12)C(C)C,1,CHEMBL5428978
CHEMBL60308,Nc1ccc2nc3c(c(N)c2c1)Cc1ccccc1-3,1,CHEMBL60308
CHEMBL5427488,CC(=O)n1c2c(c3ccccc31)Oc1nc(C)[nH]c(=O)c1C2c1ccc(Br)cc1,1,CHEMBL5427488
CHEMBL5437596,CC(=O)n1c2c(c3ccccc31)Oc1nc(C)[nH]c(=O)c1C2c1ccc(Cl)cc1,1,CHEMBL5437596
CHEMBL5996918,COc1cc2oc3c(Oc4cc(O)cc(O)c4)c(O)cc(O)c3c2c2c1Oc1c(Oc3cc(O)cc(O)c3)c(O)cc(O)c1O2,1,CHEMBL5996918
CHEMBL270491,O=[N+]([O-])OCCCNCCCNc1c2c(nc3ccccc13)CCCC2,0,CHEMBL270491
CHEMBL191930,O=C1CN(CCN2CCCC2)C(=O)CN1CCCn1ccnc1,1,CHEMBL191930
CHEMBL190152,O=C1CN(CCN2CCOCC2)C(=O)CN1CCC(c1ccccc1)c1ccccc1,1,CHEMBL190152
CHEMBL545333,CCN(C)C(=O)Oc1ccc2c(c1)C(NC)CC2,1,CHEMBL545333
CHEMBL4526950,Clc1ccc(/C=N/C2CCN(Cc3ccccc3)CC2)cc1,1,CHEMBL4526950
CHEMBL3133432,O=C(CN1CCN(Cc2ccccc2)CC1)NC1c2cn[nH]c2-c2c(Br)sc(Br)c21,1,CHEMBL3133432
CHEMBL3133440,COc1cc2c(cc1OC)C(NC(=O)CN1CCN(Cc3ccccc3)CC1)c1cnn(-c3ccccc3)c1-2,1,CHEMBL3133440
CHEMBL359719,COc1ccc(-c2cc3c(c(=O)o2)C[C@@]2(O)[C@@]4(C)CCC(=O)OC(C)(C)[C@@]4(O)CC[C@@]2(C)O3)cc1,1,CHEMBL359719
CHEMBL367571,COC1=CC(=O)[C@]2(C)[C@]3(O)Cc4c(cc(-c5cc(OC)c(OC)c(OC)c5)oc4=O)O[C@]3(C)CC[C@]2(O)C1(C)C,0,CHEMBL367571
CHEMBL245046,COc1cc2cc(-c3ccc(CN(C)Cc4ccc(C)cc4)cc3)c(=O)oc2cc1OC,0,CHEMBL245046
CHEMBL243130,COc1cc2cc(-c3ccc(CN(C)Cc4ccccc4C)cc3)c(=O)oc2cc1OC,0,CHEMBL243130
CHEMBL3735606,COP1(=O)OCCC(C(=O)OC(C)(C)C)=C(C)O1,1,CHEMBL3735606
CHEMBL3752119,COc1cccc2cc(C(=O)NCCCCCCNc3c4c(nc5ccccc35)CCCCC4)oc12,0,CHEMBL3752119
CHEMBL3753850,COc1cccc2cc(C(=O)NCCCCCCNc3c4c(nc5ccccc35)CCCC4)oc12,0,CHEMBL3753850
CHEMBL4757955,O=C1c2ccccc2C(=O)C12N1CSC[C@@H]1[C@@H](c1cccc3ccccc13)[C@@]21CSc2ccccc2C1=O,1,CHEMBL4757955
CHEMBL4470556,COc1ccc(CC(=O)n2nc(OCCN3CCCC3)c3ccccc32)cc1,1,CHEMBL4470556
CHEMBL4556372,COc1ccc2nc3c(c(NCCCNC(=O)[C@@H](N)Cc4c[nH]c5ccccc45)c2c1)CCCC3,1,CHEMBL4556372
CHEMBL4475391,COc1ccc2nc3c(c(NCCCCNC(=O)[C@@H](N)Cc4c[nH]c5ccccc45)c2c1)CCCC3,1,CHEMBL4475391
CHEMBL4467355,COc1ccc2nc3c(c(NCCCCCCNC(=O)[C@@H](N)Cc4c[nH]c5ccccc45)c2c1)CCCC3,0,CHEMBL4467355
CHEMBL136568,CCSCC[N+](C)(C)C,1,CHEMBL136568
CHEMBL3934564,COc1cc2c(cc1OC)C(=O)C(CC1CCN(Cc3ccc4cccc(O)c4n3)CC1)C2,1,CHEMBL3934564
CHEMBL3582201,N#Cc1cc2c(cn1)[nH]c1ncc(-c3ccc(CN4CCCCC4)cc3)cc12,0,CHEMBL3582201
CHEMBL3582207,N#Cc1cc2c(cn1)[nH]c1ncc(-c3ccc(CN4CCC(O)CC4)cc3)cc12,0,CHEMBL3582207
CHEMBL3582230,c1cnc(-c2cc3c(cn2)[nH]c2ncc(-c4ccc(CN5CCCCC5)cc4)cc23)cn1,1,CHEMBL3582230
CHEMBL455790,Cc1ccc(C(=O)c2c(-c3ccc(OCCCCCCCN(C)Cc4ccccc4)cc3)oc3ccccc23)cc1,1,CHEMBL455790
CHEMBL511575,CN(CCCCCCCOc1ccc(-c2oc3ccccc3c2C(=O)c2ccccc2)cc1)Cc1ccccc1,1,CHEMBL511575
CHEMBL195067,O=C(CCCCC1CCSS1)NCCCCCCCNc1c2c(nc3ccccc13)CCCC2,0,CHEMBL195067
CHEMBL4292399,Nc1ccc(O)c(Cn2cccn2)c1,1,CHEMBL4292399
CHEMBL4177164,CO[C@@H]1C=C[C@@]23c4cc5c(cc4C(=O)N(CCC(C)C)[C@@H]2C(=O)N(C)[C@H]3C1)OCO5,1,CHEMBL4177164
CHEMBL4076580,COc1cc2c(cc1OC)C(=O)/C(=C/c1cc[n+](Cc3ccccc3F)cc1)C2,0,CHEMBL4076580
CHEMBL4764422,Brc1ccc(-c2nnc(Nc3ncccn3)o2)cc1,1,CHEMBL4764422
CHEMBL4747146,Brc1cccc(-c2nnc(Nc3ncccn3)o2)c1,1,CHEMBL4747146
CHEMBL4750451,O=C(CCCCCN1CCC2c3ccccc3NC2C1)Oc1ccc(/C=C2\CCn3c2nc2ccccc2c3=O)cc1,0,CHEMBL4750451
CHEMBL4791642,O=C(CCCCN1CCC2c3ccccc3NC2C1)Oc1ccc(/C=C2\CCn3c2nc2ccccc2c3=O)cc1,0,CHEMBL4791642
CHEMBL5415532,O=C1Nc2ccc([N+](=O)[O-])cc2C12NNC(Nc1ccc(Cl)cc1)=C2[N+](=O)[O-],1,CHEMBL5415532
CHEMBL5633306,O=C(/C=C/Nc1ccc(S(=O)(=O)Nc2ccccn2)cc1)c1cc2ccccc2o1,1,CHEMBL5633306
CHEMBL5633128,O=C(/C=C/Nc1ccc(S(=O)(=O)Nc2ncccn2)cc1)c1cc2ccccc2o1,0,CHEMBL5633128
CHEMBL4071110,Cc1cc(-c2c3ccccc3[n+](C)c3ccccc23)cc(C)c1C,1,CHEMBL4071110
CHEMBL4083288,CCCCNc1c2ccccc2[n+](C)c2ccccc12,1,CHEMBL4083288
CHEMBL3425893,C[n+]1c(/C=C/c2ccc(N3CCOCC3)cc2)ccc2ccccc21,1,CHEMBL3425893
CHEMBL1303143,C[n+]1c(/C=C/c2ccc(O)cc2)ccc2ccccc21,1,CHEMBL1303143
CHEMBL5427121,C#CCN(CCc1ccc(OCC=C)cc1)Cc1cccc(OC)c1OCc1ccccc1,1,CHEMBL5427121
CHEMBL5428694,COc1ccccc1CCNCc1cccc(OC)c1OCc1ccccc1,1,CHEMBL5428694
CHEMBL5400426,C#CCN(CCc1ccccc1)Cc1cccc(OC)c1OCc1ccccc1,1,CHEMBL5400426
CHEMBL5408893,COc1cccc(CN(CCCc2ccccc2F)C2CCCC2)c1OCc1ccccc1,1,CHEMBL5408893
CHEMBL4097284,CCN(CC)c1ccc(/C=C/c2ccc3ccccc3[n+]2C)c(OC)c1,0,CHEMBL4097284
CHEMBL4066392,CCN(CC)c1ccc(/C=C/c2ccc3ccccc3[n+]2C)cc1,0,CHEMBL4066392
CHEMBL4089155,C[n+]1c(/C=C/c2cccnc2)ccc2ccccc21,1,CHEMBL4089155
CHEMBL4093514,CN1CCN(c2ccc(/C=C/c3cc(N4CCN(C)CC4)c4ccccc4[n+]3C)cc2)CC1,1,CHEMBL4093514
CHEMBL4095051,CCn1c2ccccc2c2cc(/C=C/c3cc(N4CCOCC4)c4ccccc4[n+]3C)ccc21,1,CHEMBL4095051
CHEMBL4087364,CCN(CC)c1ccc(/C=C/c2cc(N3CCN(CCO)CC3)c3ccccc3[n+]2C)c(O)c1,1,CHEMBL4087364
CHEMBL3910033,CCOC(=O)C1=C(C(F)(F)F)Nc2nc3c(c(N)c2C1c1cccc([N+](=O)[O-])c1)CC(C)(C)CC3,0,CHEMBL3910033
CHEMBL1213295,O=C(CCCN1C(=O)c2ccccc2C1=O)N1CCCCCC1,0,CHEMBL1213295
CHEMBL4208869,CCCCCCCCCCNCC(=O)Nc1ccc2nc3n(c(=O)c2c1)CCC3,0,CHEMBL4208869
CHEMBL4217746,CCCCCCNCC(=O)Nc1ccc2nc3n(c(=O)c2c1)CCC3,0,CHEMBL4217746
CHEMBL4593316,O=C(Nc1cc(CCc2cn(CCNc3c4c(nc5ccccc35)CCCC4)nn2)ccn1)Nc1cccc2c1C1CCCCN1C2=O,0,CHEMBL4593316
CHEMBL4543251,O=C(CCCCCNc1c2c(nc3ccc(F)cc13)CCCC2)NCCc1c[nH]c2ccccc12,0,CHEMBL4543251
CHEMBL4218281,Cc1cc(=O)oc2cc(OCc3cc[n+](Cc4cccc(Br)c4)cc3)ccc12,0,CHEMBL4218281
CHEMBL5569423,O=C(NCCCCCNc1c2c(nc3cc(Br)ccc13)CCCC2)Oc1ccc2cc[nH]c2c1,0,CHEMBL5569423
CHEMBL5572008,O=C(NCCCCCNc1c2c(nc3cc(Cl)ccc13)CCCC2)Oc1ccc(-c2cc3cccnc3[nH]2)cc1,0,CHEMBL5572008
CHEMBL5594238,O=C(NCCCCCNc1c2c(nc3cc(Br)ccc13)CCCC2)Oc1ccc(-c2cc3cccnc3[nH]2)cc1,0,CHEMBL5594238
CHEMBL325203,Nc1c2c(nc3ccccc13)-c1ccccc1NCCC2,1,CHEMBL325203
CHEMBL1084788,c1ccc(-c2cnc(NCN3CCCCC3)nn2)cc1,1,CHEMBL1084788
CHEMBL102142,Cc1ccc(C(=O)NC(=S)NCCOCCN(C)Cc2ccccc2)cc1,0,CHEMBL102142
CHEMBL326868,O=C1c2ccc([N+](=O)[O-])cc2C(=O)N1CC1CCN(Cc2ccccc2)CC1,1,CHEMBL326868
CHEMBL138107,O=C(Nc1ccc2c(c1)C(=O)N(CCC1CCN(Cc3ccccc3)CC1)C2=O)c1ccccc1,0,CHEMBL138107
CHEMBL138552,O=c1[nH]c2cc(Cl)ccc2c(=O)n1CCC1CCN(Cc2ccccc2)CC1,0,CHEMBL138552
CHEMBL131411,CCCCNC(=O)Oc1cccc(CN(CCCOc2ccc3c(=O)c4ccccc4oc3c2)C(C)C)c1,0,CHEMBL131411
CHEMBL5416421,CCN(CC)C(=O)c1ccc2c(c1)nc(Cc1ccc(OC(=O)N(C)c3ccccc3)cc1)n2CCC(C)C,1,CHEMBL5416421
CHEMBL4090751,O=C1C(=O)N(C(=O)c2ccccc2)c2ccc(CNc3ccc(Br)cc3)cc21,0,CHEMBL4090751
CHEMBL5409029,CNCCN1C(=O)CSC1c1ccc(Cl)cc1Cl,1,CHEMBL5409029
CHEMBL4647870,CCOc1cc(OCC)cc(C(=O)O[C@@H]2C[N@@]3Cc4c(cc5c(c4OC)OCO5)[C@@]24C=C[C@H](OC)C[C@H]34)c1,1,CHEMBL4647870
CHEMBL5315772,Cc1cc2cc3n(c(=O)c2cn1)CCc1c-3[nH]c2ccccc12,1,CHEMBL5315772
CHEMBL2235239,COc1cc(O)c2c(=O)cc(-c3ccccc3)oc2c1OC,1,CHEMBL2235239
CHEMBL5278053,O=C(CCN1CCCC1)Nc1ccc2c(c1)CN1CCc3c([nH]c4ccccc34)C1=N2,0,CHEMBL5278053
CHEMBL222044,CCN(CCCCCCNc1ccc(-c2ccc(NCCCCCCN(CC)Cc3ccccc3OC)cc2)cc1)Cc1ccccc1OC,1,CHEMBL222044
CHEMBL4635686,CN(C)C(=O)Oc1cccc(C(O)CNC2CCCCC2)c1,1,CHEMBL4635686
CHEMBL4798846,Cc1ccc(/C=N/NC(=O)N2CCN(c3ccccn3)CC2)cc1,1,CHEMBL4798846
CHEMBL4748077,O=C(N/N=C/c1ccc(C(F)(F)F)cc1)N1CCN(c2ccccn2)CC1,1,CHEMBL4748077
CHEMBL4740676,O=C(N/N=C/c1ccc(Cl)cc1)N1CCN(c2ccccn2)CC1,1,CHEMBL4740676
CHEMBL4795118,Cc1ccc(/C=N\C2CCN(Cc3ccccc3)C2)cc1,1,CHEMBL4795118
CHEMBL4797109,Fc1ccc(/C=N\C2CCN(Cc3ccccc3)C2)cc1,1,CHEMBL4797109
CHEMBL1834060,CC(C)N1CCN(c2nccc(NCc3cccc4ccccc34)n2)CC1,1,CHEMBL1834060
CHEMBL2234546,CCOC(=O)C1=C(C)Oc2nc3c(c(N)c2[C@H]1c1ccc(OC)cc1)CCCC3,0,CHEMBL2234546
CHEMBL398249,CCOC(=O)c1c(C)nc2nc3c(c(N)c2c1-c1ccccc1)CCC3,1,CHEMBL398249
CHEMBL252781,Cc1nc2nc3c(c(N)c2c(-c2ccccc2)c1C(=O)OC(C)C)CCCC3,1,CHEMBL252781
CHEMBL399040,CCOC(=O)c1c(C)nc2nc3c(c(N)c2c1-c1cccc(OC)c1)CCCC3,1,CHEMBL399040
CHEMBL5629932,Brc1ccc(Cn2cc(CNC3CCCCCC3)nn2)cc1,0,CHEMBL5629932
CHEMBL3819247,COc1ccc2c(c1)C(=O)/C(=C/C1CCN(Cc3ccc4c(c3)OCO4)CC1)C2,1,CHEMBL3819247
CHEMBL5440650,COC(=O)/C=C/C(=O)Nc1cccc(OCCCCSC(=S)N2CCCCC2C)c1,0,CHEMBL5440650
CHEMBL4067342,C[n+]1c2ccccc2c(-c2cc(C(C)(C)C)cc(C(C)(C)C)c2O)c2ccccc21,1,CHEMBL4067342
CHEMBL4746898,O=C(N/N=C/c1ccc(Br)cc1)N1CCN(c2ccccn2)CC1,0,CHEMBL4746898
CHEMBL597863,C[n+]1c(/C=C/c2ccc(F)cc2)ccc2ccccc21,1,CHEMBL597863
CHEMBL4065910,CCN(CC)c1ccc(/C=C/c2cc(N3CCN(C)CC3)c3ccccc3[n+]2C)c(OC)c1,1,CHEMBL4065910
CHEMBL4078528,CCN(CC)c1ccc(/C=C/c2cc(N3CCOCC3)c3ccccc3[n+]2C)c(O)c1,1,CHEMBL4078528
CHEMBL4099404,C[n+]1c(/C=C/c2cc3ccccc3[nH]2)cc(N2CCN(CCO)CC2)c2ccccc21,1,CHEMBL4099404
CHEMBL140,COc1cc(/C=C/C(=O)CC(=O)/C=C/c2ccc(O)c(OC)c2)ccc1O,1,CHEMBL140
CHEMBL3425892,COc1cc(/C=C/c2ccc3ccccc3[n+]2C)ccc1N1CCOCC1,1,CHEMBL3425892
CHEMBL5517638,COc1cc2ncnc(N3CCN(Cc4ccc(C)cc4)CC3)c2cc1OC,1,CHEMBL5517638
CHEMBL4068935,CCN(CCCCCCNC(=O)COc1ccc(-c2cc(=O)c3c(OC)c(OC)c(OC)cc3o2)cc1)Cc1ccccc1OC,1,CHEMBL4068935
CHEMBL4092562,CCN(CCCCCCNC(=O)COc1ccc(-c2cc(=O)c3c(O)c(OC)c(OC)cc3o2)cc1)Cc1ccccc1OC,1,CHEMBL4092562
CHEMBL5411077,O/N=C/c1cc(Cl)cc(CN2CCC(c3ccc(F)cc3)CC2)c1O,1,CHEMBL5411077
CHEMBL4080800,Cc1ccc(C2c3ccccc3N(C)c3ccccc32)cc1,1,CHEMBL4080800
CHEMBL4081013,NC(=O)Nc1nc(NCc2ccccc2)c2ccccc2n1,1,CHEMBL4081013
CHEMBL4083524,CCCNc1nc(NCc2ccc(OC)c(OC)c2)c2ccccc2n1,1,CHEMBL4083524
CHEMBL4105088,CCCNc1nc(NCc2ccccc2)c2ccccc2n1,1,CHEMBL4105088
CHEMBL4094911,CNc1nc(NCCc2ccc(OC)c(OC)c2)c2ccccc2n1,1,CHEMBL4094911
CHEMBL4096673,COc1ccc(CCNc2nc(CC(N)=O)nc3ccccc23)cc1OC,1,CHEMBL4096673
CHEMBL4099790,COc1ccc(CNc2nc(NC(C)C)nc3ccccc23)cc1OC,1,CHEMBL4099790
CHEMBL2178782,COc1ccc2c3c1O[C@H]1C[C@@H](O)C=C[C@@]31CCN(CCCCNC13CC4CC(C)(CC(C)(C4)C1)C3)C2,1,CHEMBL2178782
CHEMBL149084,C#CCCCC[n+]1ccn(C(C)(C)C)c1/C=N/O,1,CHEMBL149084
CHEMBL4174729,Cc1cc(=O)oc2cc(OCCCCCSC(=S)N3CCCCC3)ccc12,0,CHEMBL4174729
CHEMBL335962,Cc1cccc(NC(=O)Oc2ccc3c(c2)[C@]2(C)CCN(C)[C@@H]2N3C)c1C,0,CHEMBL335962
CHEMBL5631790,Cc1cccc(N/C=C/C(=O)c2cc3ccccc3o2)c1,0,CHEMBL5631790
CHEMBL5632029,O=C(/C=C/Nc1ccc(Cl)cc1)c1cc2ccccc2o1,1,CHEMBL5632029
CHEMBL5633110,O=C(/C=C/Nc1cccc(Br)c1)c1cc2ccccc2o1,0,CHEMBL5633110
CHEMBL345905,CN1CCC(C[C@H]2Cc3ccccc3C2=O)CC1,0,CHEMBL345905
CHEMBL359412,Cn1cc[n+](COCC2CCCCC2)c1/C=N/O,1,CHEMBL359412
CHEMBL4067881,O=C(O)CCC(=O)NCc1ccc2c(c1)CC(=O)N2C(=O)c1ccccc1,1,CHEMBL4067881
CHEMBL4293418,COc1nc(-c2ccnc(NC(=O)C3CC3)c2)sc1C(=O)NCCCNc1c2c(nc3cc(Cl)ccc13)CCCC2,0,CHEMBL4293418
CHEMBL4445099,CC(=O)N[C@@H](CCCCn1cc(-c2ccccc2)nn1)C(=O)NCC1CCN(Cc2ccccc2)CC1,1,CHEMBL4445099
CHEMBL4467345,N[C@@H](CCCCn1cc(-c2ccccc2)nn1)C(=O)NCC1CCN(Cc2ccccc2)CC1,1,CHEMBL4467345
CHEMBL4520568,N[C@@H](Cn1cc(-c2ccccc2)nn1)C(=O)NCC1CCN(Cc2ccccc2)CC1,1,CHEMBL4520568
CHEMBL4758271,COc1ccc2cc3[n+](cc2c1OCc1ccc(C(C)C)cc1)CCc1cc2c(cc1-3)OCO2,1,CHEMBL4758271
CHEMBL4761840,COc1ccc2cc3[n+](cc2c1OCc1ccc(Br)cc1)CCc1cc2c(cc1-3)OCO2,1,CHEMBL4761840
CHEMBL2181438,COc1cc2c(cc1OC)C(c1ccccc1)N(CCCCCCc1cc(C)nc(/C=N/O)c1O)CC2,1,CHEMBL2181438
CHEMBL4632477,O=C1CN(/N=C/c2ccc(-c3cccc([N+](=O)[O-])c3)o2)C(=O)N1CCC1CCN(Cc2ccccc2)CC1,0,CHEMBL4632477
CHEMBL4456928,c1ccc2c(NCc3ccc(-c4ccc(CNc5c6c(nc7ccccc57)CCCC6)cc4)cc3)c3c(nc2c1)CCCC3,0,CHEMBL4456928
CHEMBL4559477,N[C@@H](Cc1c[nH]c2ccccc12)C(=O)NCCCCCCCNc1c2c(nc3ccccc13)CCCC2,0,CHEMBL4559477
CHEMBL2234536,COc1ccc([C@H]2C3=C(CC(C)(C)CC3=O)Nc3nc4c(c(N)c32)CCCC4)cc1,0,CHEMBL2234536
CHEMBL2234535,Cc1ccc([C@H]2C3=C(CC(C)(C)CC3=O)Nc3nc4c(c(N)c32)CCCC4)cc1,0,CHEMBL2234535
CHEMBL2234533,CC1(C)CC(=O)C2=C(C1)Nc1nc3c(c(N)c1[C@H]2c1ccccc1)CCCC3,0,CHEMBL2234533
CHEMBL2234525,CCOC(=O)C1=C(C)Nc2nc3c(c(N)c2[C@H]1c1ccccc1)CCCC3,0,CHEMBL2234525
CHEMBL2234524,COc1ccc([C@H]2C3=C(CC(C)(C)CC3=O)Oc3nc4c(c(N)c32)CCCC4)cc1,1,CHEMBL2234524
CHEMBL2234519,CC1(C)CC(=O)C2=C(C1)Oc1nc3c(c(N)c1[C@H]2c1cccc([N+](=O)[O-])c1)CCCC3,1,CHEMBL2234519
CHEMBL2234518,CC1(C)CC(=O)C2=C(C1)Oc1nc3c(c(N)c1[C@H]2c1ccccc1C(F)(F)F)CCCC3,1,CHEMBL2234518
CHEMBL2234511,CCOC(=O)C1=C(C)Oc2nc3c(c(N)c2[C@H]1c1cccc([N+](=O)[O-])c1)CCCC3,1,CHEMBL2234511
CHEMBL2234838,CCOC(=O)C1=C(C)Oc2nc3c(c(N)c2[C@H]1c1ccc(OC)c(OC)c1)CCCC3,1,CHEMBL2234838
CHEMBL609150,CCCCCCCCNC(=O)Oc1ccc2c(c1)[C@]1(C)CCN(C)C1N2C,0,CHEMBL609150
CHEMBL5188500,CC(=O)N1N=C(c2ccc(-c3ccccc3)cc2)CC1c1ccc2c(c1)OCO2,0,CHEMBL5188500
CHEMBL5177371,COc1ccc(OCC(=O)NCC2CCN(Cc3ccccc3)CC2)cc1,0,CHEMBL5177371
CHEMBL553599,C#CCNC1CCc2ccc(OC(=O)N(C)Cc3ccccc3)cc21,1,CHEMBL553599
CHEMBL136765,CC(=O)N(C)[C@@H](C)[C@H]1CC[C@H]2[C@@H]3CC=C4C[C@@H](N(C)C)CC[C@]4(C)[C@H]3CC[C@]12C,1,CHEMBL136765
CHEMBL2396912,c1ccc2[nH]c(N3CCCCC3)nc2c1,1,CHEMBL2396912
CHEMBL2396910,CN(C)CCCN(c1nc2ccccc2[nH]1)c1nc2ccccc2[nH]1,1,CHEMBL2396910
CHEMBL2396904,CCCCN(C)c1nc2ccccc2n1C,1,CHEMBL2396904
CHEMBL3734787,CCOP1(=O)OC(C)=C(C(=O)OC)CCC1(F)F,1,CHEMBL3734787
CHEMBL5433166,CCOP(=O)(OCC)C(Nc1ccccc1C)c1ccc(OCc2nc3ccccc3c(=O)n2-c2ccc(F)cc2)c(OC)c1,1,CHEMBL5433166
CHEMBL4531896,O=C(c1ccccc1OCc1ccccc1)n1nc(OCCN2CCCC2)c2ccccc21,1,CHEMBL4531896
CHEMBL4096311,COc1ccc(-c2c3ccccc3[n+](C)c3ccccc23)cc1,1,CHEMBL4096311
CHEMBL4568241,COc1cccc(NCc2ccc(Oc3c(N)cccc3Cl)cc2)c1,1,CHEMBL4568241
CHEMBL4556575,N[C@@H](Cc1c[nH]c2ccccc12)C(=O)NCCCCCNc1c2c(nc3ccccc13)CCCC2,0,CHEMBL4556575
CHEMBL4555818,N[C@@H](Cc1c[nH]c2ccccc12)C(=O)NCCCCCCCNc1c2c(nc3cc(Cl)ccc13)CCCC2,0,CHEMBL4555818
CHEMBL4098703,COc1cc2c(cc1OC)C(=O)/C(=C/c1cc[n+](Cc3ccccc3)cc1)C2,0,CHEMBL4098703
CHEMBL4076986,COc1cc2c(cc1OC)C(=O)/C(=C/c1cc[n+](Cc3ccc(C)cc3)cc1)C2,0,CHEMBL4076986
CHEMBL4279297,Cc1ccc(NC(=O)c2cc(=O)c3cc(/C=C/C(=O)OCCN(C)C)ccc3o2)cc1C,0,CHEMBL4279297
CHEMBL4761564,Oc1ccc(-c2nnc(N3CCN(c4ccccn4)CC3)o2)c(O)c1,1,CHEMBL4761564
CHEMBL4754304,O=[N+]([O-])c1ccc(-c2nnc(N3CCN(c4ccccn4)CC3)o2)cc1,0,CHEMBL4754304
CHEMBL4764740,FC(F)(F)c1ccc(-c2nnc(N3CCN(c4ccccn4)CC3)o2)cc1,0,CHEMBL4764740
CHEMBL3828281,O=C(NCCCCCc1ccccc1)Oc1cccc(-n2cc(COc3ccc4ccc(=O)oc4c3)nn2)c1,1,CHEMBL3828281
CHEMBL5411628,Cc1cc(/C=N/O)c(O)c(CN2CCN(c3ccc([N+](=O)[O-])cc3)CC2)c1,1,CHEMBL5411628
CHEMBL1770555,O=C1C=C(NCCCCCCNCc2ccc(-c3nc4ccccc4s3)cc2)C(=O)C=C1NCCCCCCNCc1ccc(-c2nc3ccccc3s2)cc1,0,CHEMBL1770555
CHEMBL5570753,Cc1ccc(Oc2ccc3nc4c(c(N)c3c2)CCC4)cc1,1,CHEMBL5570753
CHEMBL4128454,CC(=O)[C@@]12C(=O)C(CC=C(C)C)=C3O[C@H](C(C)(C)O)C[C@]3(C[C@H](CC=C(C)C)[C@@]1(C)CCC=C(C)C)C2=O,1,CHEMBL4128454
CHEMBL4129420,CC(C)=CCC[C@]1(C)[C@@H](CC=C(C)C)C[C@]2(CC=C(C)C)C(=O)C3=C(O[C@H](C(C)(C)O)[C@H]3O)[C@@]1(C(=O)C(C)C)C2=O,1,CHEMBL4129420
CHEMBL4294906,Nc1ccc(O)c(CN2CCOCC2)c1,1,CHEMBL4294906
CHEMBL4288558,Nc1ccc(O)c(CN2CCCCC2)c1,1,CHEMBL4288558
CHEMBL4280848,CCCCN(C)Cc1cc(N)ccc1O,1,CHEMBL4280848
CHEMBL4282163,Nc1ccc(O)c(CN2CCCC2)c1,1,CHEMBL4282163
CHEMBL4763981,O=C(CCCCCN1CCC2c3ccccc3NC2C1)Nc1ccc(/C=C2\CCn3c2nc2ccccc2c3=O)cc1,0,CHEMBL4763981
CHEMBL4781157,O=C(CCCCN1CCC2c3ccccc3NC2C1)Nc1ccc(/C=C2\CCn3c2nc2ccccc2c3=O)cc1,0,CHEMBL4781157
CHEMBL4755968,O=C(CCN1CCC2c3ccccc3NC2C1)Oc1ccc(/C=C2\CCn3c2nc2ccccc2c3=O)cc1,0,CHEMBL4755968
CHEMBL4279249,O=C(O)/C=C/c1ccc2oc(C(=O)Nc3ccccc3)cc(=O)c2c1,1,CHEMBL4279249
CHEMBL4289981,CCN(CC)CCOC(=O)/C=C/c1ccc2oc(C(=O)Nc3ccccc3)cc(=O)c2c1,1,CHEMBL4289981
CHEMBL4287595,COc1ccc(NC(=O)c2cc(=O)c3cc(/C=C/C(=O)OCCN(C)C)ccc3o2)cc1,0,CHEMBL4287595
CHEMBL4285714,CN(C)CCOC(=O)/C=C/c1ccc2oc(C(=O)Nc3ccccc3)cc(=O)c2c1,0,CHEMBL4285714
CHEMBL4537101,COc1c(C(=O)CCC2CCN(CC3CCCCC3)CC2)cc(Cl)c2[nH]ccc12,0,CHEMBL4537101
CHEMBL4784757,COc1ccc2nc3c(c(NCCCCCCCN(CC(=O)NCCc4c[nH]c5ccc(OC)cc45)C(=O)/C=C/c4ccc(O)c(OC)c4)c2c1)CCCC3,1,CHEMBL4784757
CHEMBL5641542,COc1ccc2c3c1O[C@H]1C[C@@H](O)C=C[C@@]31CCN(CC#CCNC13CC4CC(C)(CC(C)(C4)C1)C3)C2,0,CHEMBL5641542
CHEMBL4785751,CN(C)/C=C/C(=O)c1cc2ccccc2o1,1,CHEMBL4785751
CHEMBL4290992,COc1ccc(-c2ccc(OCC(=O)NCCCN3CCCCC3)cc2)cc1,1,CHEMBL4290992
CHEMBL4076907,COc1cc2c(cc1OC)C(c1ccccc1)N(Cc1cc(F)cc(/C=N/O)c1O)CC2,1,CHEMBL4076907
CHEMBL1915762,C[C@H](CC[C@H](O)C(C)(C)O)[C@H]1CC[C@@]2(C)C3=CC[C@H]4C(C)(C)[C@@H](O)CC[C@]4(C)C3=CC[C@]12C,1,CHEMBL1915762
CHEMBL5418052,C=CCOc1ccc(CCN(CC=C)Cc2cccc(OC)c2OCc2ccccc2)cc1,1,CHEMBL5418052
CHEMBL5416559,COc1cccc(CCNCc2cccc(OC)c2OCc2ccccc2)c1,1,CHEMBL5416559
CHEMBL5403562,COc1cccc(CNCc2ccccc2)c1OCc1ccccc1,1,CHEMBL5403562
CHEMBL4529710,O=C(CCC1CCN(CC2CCCCC2)CC1)c1ccc2[nH]ccc2c1,0,CHEMBL4529710
CHEMBL4562793,O=C(CCC1CCN(CC2CCCC2)CC1)c1ccc2[nH]ccc2c1,0,CHEMBL4562793
CHEMBL4541090,COc1c(C(=O)CCC2CCN(CC3CCCCC3)CC2)cc(Cl)c2c1ccn2Cc1ccccc1,0,CHEMBL4541090
CHEMBL3322155,CN(CCC(=O)NCCNc1c2c(nc3ccccc13)CCCC2)C1CCCCC1,0,CHEMBL3322155
CHEMBL1200623,CC[C@]1(O)CC[C@H]2[C@@H]3CCC4=CCCC[C@@H]4[C@H]3CC[C@@]21C,1,CHEMBL1200623
CHEMBL5179832,CC(=O)N1N=C(c2ccc(-c3ccccc3)cc2)CC1c1ccccc1[N+](=O)[O-],0,CHEMBL5179832
CHEMBL1186527,OC1CCN2Cc3ccccc3N=C12,1,CHEMBL1186527
CHEMBL3220803,C[C@@]12CC[C@@H]3[C@@](CC[C@H]4[C@@]3(C)CCC[C@@]4(C)C(=O)OCC[N+](C)(C)CCCCCCCCCC[N+](C)(C)CCOC(=O)[C@]3(C)CCC[C@@]4(C)[C@@H]5CC[C@@]6(C)C[C@]5(CC[C@@H]43)CC6=O)(CC1=O)C2,1,CHEMBL3220803
CHEMBL3220806,CC[N+](CC)(CC)CCOCCOCCOC(=O)[C@]1(C)CCC[C@@]2(C)[C@@H]3CC[C@@]4(C)C[C@]3(CC[C@@H]21)CC4=O,1,CHEMBL3220806
CHEMBL5091660,COc1cccc(CCCCCCCCNc2c3c(nc4ccccc24)CCCC3)c1,0,CHEMBL5091660
CHEMBL4761620,O=C1c2ccccc2C(=O)C12N1CSC[C@@H]1[C@@H](c1cccc(F)c1)[C@@]21CSc2ccccc2C1=O,1,CHEMBL4761620
CHEMBL4743869,O=C1c2ccccc2C(=O)C12N1CSC[C@@H]1[C@@H](c1ccc(Cl)cc1)[C@@]21CSc2ccccc2C1=O,1,CHEMBL4743869
CHEMBL4755928,CN1C[C@@H](c2ccccc2Br)[C@@]2(CSc3ccccc3C2=O)C12C(=O)c1ccccc1C2=O,1,CHEMBL4755928
CHEMBL4796066,O=C(NO)c1ccc(Nc2c3ccccc3nc3ccc(Br)cc23)cc1,0,CHEMBL4796066
CHEMBL4751082,O=C(NO)c1ccc(Nc2c3ccccc3nc3ccc(OC(F)(F)F)cc23)cc1,1,CHEMBL4751082
CHEMBL4544950,COc1ccc(-c2nc(NC3CCN(Cc4ccc(C(F)(F)F)cc4)CC3)sc2-c2ccc(OC)cc2)cc1,0,CHEMBL4544950
CHEMBL4588487,Cc1ccc(CN2CCC(Nc3nc(-c4ccc(Cl)cc4)c(-c4ccc(Cl)cc4)s3)CC2)cc1,1,CHEMBL4588487
CHEMBL4575730,Clc1ccc(-c2nc(NC3CCN(Cc4ccccc4)CC3)sc2-c2ccc(Cl)cc2)cc1,1,CHEMBL4575730
CHEMBL4529976,O=C(Nc1nc(-c2ccc(Cl)cc2)c(-c2ccc(Cl)cc2)s1)C1CCN(Cc2ccc(F)cc2Cl)CC1,1,CHEMBL4529976
CHEMBL4753795,COc1cc2nc3ccccc3c(Nc3ccc(C(=O)NO)cc3)c2c(OC)c1OC,0,CHEMBL4753795
CHEMBL39677,c1ccc2nc3ccccc3cc2c1,1,CHEMBL39677
CHEMBL4518938,Fc1ccc(/C=N/C2CCN(Cc3ccccc3)CC2)cc1,1,CHEMBL4518938
CHEMBL5403619,O/N=C/c1cc(Cl)cc(CN2CCN(c3ccccc3Cl)CC2)c1O,1,CHEMBL5403619
CHEMBL5088176,OC[C@H]1O[C@@H](OCCCCc2cn(CCCCc3ccc(O)c(/C=N/O)n3)nn2)[C@H](O)[C@@H](O)[C@@H]1O,1,CHEMBL5088176
CHEMBL5424094,Cc1cc(/C=N/O)c(O)c(CN2CCN(c3ccc([N+](=O)[O-])cc3Cl)CC2)c1,1,CHEMBL5424094
CHEMBL5422505,O/N=C/c1cc(Br)cc(CN2CCN(c3ccc(C(F)(F)F)cc3)CC2)c1O,1,CHEMBL5422505
CHEMBL5428335,O/N=C/c1cc(Cl)cc(CN2CCN(c3ccc(O)cc3)CC2)c1O,1,CHEMBL5428335
CHEMBL5562554,O=C(NCCCCCCNc1c2c(nc3cc(F)ccc13)CCCC2)Oc1ccc(-c2cc3cccnc3[nH]2)cc1,0,CHEMBL5562554
CHEMBL5181664,c1ccc2c(c1)CCN1Cc3cc(OCCCN4CCCCC4)ccc3N=C21,0,CHEMBL5181664
CHEMBL5639262,COc1cc(-c2cc(-c3ccccc3)nc3[nH]nc(N)c23)cc(OC)c1OC,1,CHEMBL5639262
CHEMBL1424080,Fc1ccc(CNC2CCN(Cc3ccccc3)CC2)cc1,1,CHEMBL1424080
CHEMBL5405546,CN(CCC1CCCCCC1)Cc1c[nH]c2cc(OC(=O)N(C)C)ccc12,1,CHEMBL5405546
CHEMBL3237632,CC[C@@H]1[C@H]2OC(=O)[C@@](C)(O)[C@H]2[C@]23CC[C@@H]([C@@H]4C[C@H](C)C(=O)O4)N2CCCC[C@H]13,1,CHEMBL3237632
CHEMBL4578305,COc1ccc(C2CC(=O)c3ccc4c(c3O2)C=CC(C)(C)O4)cc1,1,CHEMBL4578305
CHEMBL362378,CC1(C)C=Cc2c(ccc(C(=O)/C=C/c3ccc(O)cc3)c2O)O1,1,CHEMBL362378
CHEMBL5434553,CC[N+](CC)(CCCCCn1c(=O)cc(C)n(CCCCn2c(C)cc(=O)n(C)c2=O)c1=O)Cc1ccccc1[N+](=O)[O-],0,CHEMBL5434553
CHEMBL5417346,CC[N+](CC)(CCCCCn1c(=O)cc(C)n(CCCCCCn2c(C)cc(=O)n(C)c2=O)c1=O)Cc1ccccc1[N+](=O)[O-],0,CHEMBL5417346
CHEMBL2419682,N#Cc1c(Cl)nc(NCCC2CCN(Cc3ccccc3)CC2)c(C#N)c1-c1ccccc1,1,CHEMBL2419682
CHEMBL268499,CN(C)Cc1ccc(CSCCCCCCSCc2ccc(CN(C)C)o2)o1,0,CHEMBL268499
CHEMBL3343928,CC1c2[nH]c3ccccc3c2C[C@@H](C(=O)NCCCCCCNc2c3c(nc4ccccc24)CCCC3)N1C(=O)OC(C)(C)C,0,CHEMBL3343928
CHEMBL1651129,O=C(CCC1CCN(Cc2ccccc2)CC1)c1cc2c3c(c1)CC(=O)N3CCC2,0,CHEMBL1651129
CHEMBL1651140,O=C(CCC1CCN(Cc2cccc(O)c2)CC1)c1cc2c3c(ccn3C(=O)CC2)c1,0,CHEMBL1651140
CHEMBL1651244,O=C(CCC1CCN(Cc2ccccc2)CC1)c1cc2c3c(c1)CCC(=O)N3CCC2,0,CHEMBL1651244
CHEMBL415799,CC1=CC2Cc3nc4cc(Cl)ccc4c(N)c3C(C1)C2N,0,CHEMBL415799
CHEMBL3582211,N#Cc1cc2c(cn1)[nH]c1ncc(-c3ccc(CN4CCOCC4)cc3)cc12,1,CHEMBL3582211
CHEMBL276473,O=C(/C=C/c1ccccc1)c1ccc(O)cc1,1,CHEMBL276473
CHEMBL2158994,CN(C)CCOc1ccc(C(=O)/C=C/c2ccccc2)cc1,1,CHEMBL2158994
CHEMBL3338994,CN(C)CCCCCCOc1ccc(C(=O)/C=C/c2ccccc2)cc1,1,CHEMBL3338994
CHEMBL3339001,CCCN(CCC)CCCCOc1ccc(C(=O)/C=C/c2ccccc2)cc1,1,CHEMBL3339001
CHEMBL5572528,CC(C)(C)c1ccc(Oc2ccc3nc4c(c(N)c3c2)CCCC4)cc1,1,CHEMBL5572528
CHEMBL5571191,Nc1c2c(nc3ccc(Oc4ccccc4)cc13)CCCCC2,1,CHEMBL5571191
CHEMBL3335067,COc1cccc(CN2CCN(CCCOc3ccc4c(c3)oc(=O)c3ccccc34)CC2)c1,1,CHEMBL3335067
CHEMBL3335051,COc1cccc(CN(C)CCCCOc2ccc3c4c(c(=O)oc3c2)CCCC4)c1,1,CHEMBL3335051
CHEMBL4081795,Oc1cc(O)cc(/C=C/c2ccc(Nc3c4c(nc5cc(Cl)ccc35)CCCC4)cc2)c1,1,CHEMBL4081795
CHEMBL4098421,CNc1nc(NCc2ccc(OC)c(OC)c2)c2ccccc2n1,1,CHEMBL4098421
CHEMBL5568964,COc1ccccc1Oc1ccc2nc3c(c(N)c2c1)CCCCC3,1,CHEMBL5568964
CHEMBL4476091,O=C(/C=C/c1ccccc1)c1ccc(OCCCCCCN2CCCC2)cc1O,1,CHEMBL4476091
CHEMBL2441669,COc1cccc(CCCCCCCCc2cccc(OC)[n+]2C)[n+]1C,0,CHEMBL2441669
CHEMBL152260,N#CC(C#N)=C1NCCN1CCNCc1ccc(CN2CCCC(O)C2)o1,0,CHEMBL152260
CHEMBL3335065,COc1cccc(CC2CCN(CCCOc3ccc4c(c3)oc(=O)c3ccccc34)CC2)c1,1,CHEMBL3335065
CHEMBL132531,Cc1cc2c(cc1OC(=O)Nc1ccccc1)[C@]1(C)CCN(C)[C@@H]1N2C,0,CHEMBL132531
CHEMBL60180,COc1ccc(C(=O)COc2ccc([N+](C)(C)C)cc2)cc1OC,1,CHEMBL60180
CHEMBL3809337,COc1cc2occ(-c3ccc(O)cc3O)c(=O)c2c(O)c1CC=C(C)C,1,CHEMBL3809337
CHEMBL499825,CCN(CCCCCC(=O)N[C@H]1CCCC[C@H]1NC(=O)CCCCCN(CC)Cc1ccccc1OC)Cc1ccccc1OC,1,CHEMBL499825
CHEMBL502877,CCN(CCCCCC(=O)N1CCN(C(=O)CCCCCN(CC)Cc2ccccc2OC)CC1)Cc1ccccc1OC,0,CHEMBL502877
CHEMBL4165299,O=C(NCCCCCCNCc1c[nH]c2ccccc12)c1cc(Cl)nc(Cl)c1,1,CHEMBL4165299
CHEMBL4164524,O=C(Nc1cc(Cl)nc(Cl)c1)OCCCCCNCc1ccccc1,0,CHEMBL4164524
CHEMBL3319256,Cn1ncc2cc(C(=O)Nc3ccc(Cl)c(Cl)c3)ccc21,1,CHEMBL3319256
CHEMBL4794820,CN1C[C@@H](c2cccc3ccccc23)[C@@]2(CSc3ccccc3C2=O)C12C(=O)c1ccccc1C2=O,1,CHEMBL4794820
CHEMBL4740786,CN1C[C@@H](c2ccc(Br)cc2)[C@@]2(CSc3ccccc3C2=O)C12C(=O)c1ccccc1C2=O,1,CHEMBL4740786
CHEMBL1912063,COc1cccc(C(C)N(C)CCCNC(=O)CCCCC2CCSS2)c1,1,CHEMBL1912063
CHEMBL3343713,CCCN(C)c1ccc(/C=C2\Cc3cc(OC)c(OCCN4CCCCC4)cc3C2=O)cc1,0,CHEMBL3343713
CHEMBL4466903,COC(=O)/C(=C\C(=O)c1cc(O)ccc1O)CC/C=C(\C)CCC=C(C)C,1,CHEMBL4466903
CHEMBL4438642,COc1cc2c(cc1OC)C(=O)C(Cc1cn(CC3CCN(Cc4ccccc4)CC3)nn1)C2,1,CHEMBL4438642
CHEMBL3091687,NCCCCN(C[C@H]1Cc2ccccc2CN1)[C@H]1CCCc2cccnc21,1,CHEMBL3091687
CHEMBL1262,Clc1ccc(CO/N=C(\Cn2ccnc2)c2ccc(Cl)cc2Cl)c(Cl)c1,1,CHEMBL1262
CHEMBL4167127,COc1ccc(C(=O)CCc2cc[n+](Cc3ccc(Cl)cc3)cc2C#N)cc1OC,1,CHEMBL4167127
CHEMBL4173784,CC(=O)c1c[n+](Cc2ccccc2C)ccc1CC1Cc2cc(OCC(F)(F)F)ccc2C1=O,0,CHEMBL4173784
CHEMBL4166141,COc1ccc2c(c1)CCC(CC1C=CN(Cc3ccccc3F)C=C1C(C)=O)C2=O,1,CHEMBL4166141
CHEMBL3291021,C#CCN(C)Cc1ccc(O)c2ncccc12,1,CHEMBL3291021
CHEMBL5084128,OC[C@H]1O[C@@H](OCCCc2ccc(O)c(/C=N/O)n2)[C@H](O)[C@@H](O)[C@@H]1O,1,CHEMBL5084128
CHEMBL3133434,O=C(CN1CCN(Cc2ccccc2)CC1)NC1c2cnn(-c3ccccc3)c2-c2c(Br)sc(Br)c21,0,CHEMBL3133434
CHEMBL4590539,CCN(CC)Cc1cc2cc(c1O)Oc1ccc(cc1)C[C@H]1c3cc(c(OC)cc3CCN1C)Oc1c(OC)c(OC)cc3c1[C@@H](C2)N(C)CC3,1,CHEMBL4590539
CHEMBL4582736,COc1ccc(C2=NN(C(C)=O)C(c3ccc(N4CCN(C)CC4)cc3)C2)cc1OC,1,CHEMBL4582736
CHEMBL4525409,COc1ccc(NC(=S)NNc2c3c(nc4ccccc24)CCCC3)cc1,0,CHEMBL4525409
CHEMBL241806,COc1cc2c(cc1OC)[C@]1(O)C(=O)c3ccc4c(c3O[C@@H]1CO2)C=CC(C)(C)O4,1,CHEMBL241806
CHEMBL4448350,O=C(CCCCCNc1c2c(nc3c(Cl)cccc13)CCCC2)NCCc1c[nH]c2ccccc12,0,CHEMBL4448350
CHEMBL4756054,COc1cc(/C=C/C(=O)N2CCCCC2)ccc1OC(=O)N(c1ccccc1)c1ccccc1,1,CHEMBL4756054
CHEMBL4283390,CC(C)(C)c1cc(/C=C/C(=O)NCCC2CCN(Cc3ccccc3)CC2)cc(C(C)(C)C)c1O,1,CHEMBL4283390
CHEMBL4288282,COc1ccc(CN2CCC(CCNC(=O)/C=C/c3cc(C(C)(C)C)c(O)c(C(C)(C)C)c3)CC2)cc1,1,CHEMBL4288282
CHEMBL4284895,Cc1ccc(CN2CCC(CCNC(=O)/C=C/c3cc(C(C)(C)C)c(O)c(C(C)(C)C)c3)CC2)cc1,1,CHEMBL4284895
CHEMBL4796307,C(=N/C1CCN(Cc2ccccc2)C1)/c1ccccc1,1,CHEMBL4796307
CHEMBL4756650,COc1cccc(/C=N\C2CCN(Cc3ccccc3)C2)c1OC,1,CHEMBL4756650
CHEMBL4755226,FC(F)(F)Oc1ccc(/C=N\C2CCN(Cc3ccccc3)C2)cc1,0,CHEMBL4755226
CHEMBL4756849,Oc1ccc(CNC2CCN(Cc3ccccc3)C2)c(O)c1,1,CHEMBL4756849
CHEMBL4784203,Cc1cccc(CNC2CCN(Cc3ccccc3)C2)c1,1,CHEMBL4784203
CHEMBL4797938,Cc1ccc(-c2nnc(Nc3ncccn3)o2)cc1,1,CHEMBL4797938
CHEMBL4776811,NC(=O)c1sc(-c2ccnc(NC(=O)C3CC3)c2)nc1OCCCC1CCN(Cc2cccc(F)c2)CC1,1,CHEMBL4776811
CHEMBL4748993,NC(=O)c1sc(-c2ccnc(NC(=O)C3CC3)c2)nc1OCCCC1CCN(Cc2ccccc2F)CC1,1,CHEMBL4748993
CHEMBL4746460,CNC(=O)c1sc(-c2ccnc(NC(=O)C3CC3)c2)nc1OCC1CCN(Cc2ccc(Cl)c(Cl)c2)CC1,1,CHEMBL4746460
CHEMBL5082250,N#Cc1ccc2[nH]cc(CCCCN3CCN(c4ccc(C(=O)CCC5CCN(Cc6ccccc6)CC5)cc4)CC3)c2c1,0,CHEMBL5082250
CHEMBL4456083,CCOc1ccc(Cc2nc3cc(C(=O)N(CC)CC)ccc3n2CCCCCCNc2c3c(nc4ccccc24)CCCC3)cc1,0,CHEMBL4456083
CHEMBL4579590,Oc1ccc2[nH]c3c(c2c1)C[PH](Cc1cccc2ccccc12)(c1ccccc1)CC3,1,CHEMBL4579590
CHEMBL4569511,COc1cc2oc(-c3ccc(NCCCCNc4c5c(nc6cc(Cl)ccc46)CCCC5)cc3)cc(=O)c2c(OC)c1OC,0,CHEMBL4569511
CHEMBL4566613,Cc1ccccc1CN1CCC(C(=O)Nc2nc(-c3ccc(Cl)cc3)c(-c3ccc(Cl)cc3)s2)CC1,1,CHEMBL4566613
CHEMBL4566555,Cc1ccc(/C=N/C2CCN(Cc3ccccc3)CC2)cc1,1,CHEMBL4566555
CHEMBL4448188,O=C(CCCCCNc1c2c(nc3cc(Cl)ccc13)CCCC2)NCCc1cc2ccccc2[nH]1,0,CHEMBL4448188
CHEMBL4563209,N[C@@H](Cc1c[nH]c2ccccc12)C(=O)NCCCCCNc1c2c(nc3cc(Cl)ccc13)CCCC2,0,CHEMBL4563209
CHEMBL4459500,N[C@@H](Cc1c[nH]c2ccccc12)C(=O)NCCNc1c2c(nc3ccccc13)CCCC2,0,CHEMBL4459500
CHEMBL4438120,N[C@@H](Cc1c[nH]c2ccccc12)C(=O)NCCCNc1c2c(nc3ccccc13)CCCC2,0,CHEMBL4438120
CHEMBL5269984,CCN(C)C(=O)Oc1ccc(C(CCOc2ccc([N+](=O)[O-])cc2)NC)cc1,0,CHEMBL5269984
CHEMBL4165471,c1cc2cc3c(cc2c([C@H]2Oc4ccc5c(c4O2)OCO5)n1)OCO3,1,CHEMBL4165471
CHEMBL4173389,c1cc2cc3c(cc2c([C@@H]2Oc4ccc5c(c4O2)OCO5)n1)OCO3,1,CHEMBL4173389
CHEMBL5274569,COc1cccc([C@@H]2[C@H](Cc3c[nH]c4ccccc34)NC3(C(=O)Nc4ccccc43)[C@@]23Cc2cc(OC)c(OC)cc2C3=O)c1,1,CHEMBL5274569
CHEMBL5422760,Cc1ccc(NCCCSC[C@@H]2CCCN3CCCC[C@H]23)c2c(=O)c3ccccc3sc12,1,CHEMBL5422760
CHEMBL4868687,COC(=O)/C(=N\Nc1ccc(C)cc1)C(=O)C(F)(F)F,1,CHEMBL4868687
CHEMBL2441683,COc1c(F)c[n+](CCCOc2ccc3c(C)cc(=O)oc3c2)cc1F,1,CHEMBL2441683
CHEMBL4789292,CC(C)c1ccc(NC(=O)OC2CCCN(C3Cc4ccccc4C3)C2)cc1,1,CHEMBL4789292
CHEMBL4782697,O=C(Nc1ccccc1)OCC1CCCN(C2Cc3ccccc3C2)C1,1,CHEMBL4782697
CHEMBL4799709,O=C(Nc1ccccc1)OC1CCN(C2Cc3ccccc3C2)CC1,1,CHEMBL4799709
CHEMBL4571402,OCC1CCCN(Cc2ccccc2)C1,1,CHEMBL4571402
CHEMBL807,CC12CC3CC(C)(C1)CC(N)(C3)C2,0,CHEMBL807
CHEMBL4848548,COc1cccc(NC(=O)CCNC(=O)/C=C/c2ccc(O)c(OC)c2)c1,1,CHEMBL4848548
CHEMBL1834806,CCCCC/C=C\C/C=C\CCCCCCCC(=O)OCCCc1cc(OC)c2oc(-c3ccc4c(c3)OCO4)cc2c1,1,CHEMBL1834806
CHEMBL4475228,COc1ccc(CCOCCCCCNc2c3c(nc4ccccc24)CCCC3)cc1,0,CHEMBL4475228
CHEMBL3425895,CCn1c2ccccc2c2cc(/C=C/c3ccc4ccccc4[n+]3C)ccc21,0,CHEMBL3425895
CHEMBL3425881,COc1cc(/C=C/c2ccc3ccccc3[n+]2C)cc(OC)c1O,1,CHEMBL3425881
CHEMBL4070093,CN1CCN(c2ccc(/C=C/c3ccc4ccccc4[n+]3C)cc2)CC1,1,CHEMBL4070093
CHEMBL4105221,CN(C)c1ccc(/C=C/c2cc(N3CCN(CCO)CC3)c3ccccc3[n+]2C)cc1,1,CHEMBL4105221
CHEMBL5283780,Cc1ccc2c(c1)c1cc[n+](-c3ccccc3)cc1n2C,0,CHEMBL5283780
CHEMBL1613299,COc1ccc(NC(=O)C2CCN(C(=O)c3ccccc3)CC2)cc1OC,0,CHEMBL1613299
CHEMBL5265752,COc1ccc(/C=C/C(=O)c2cc(I)c(Cl)cc2O)cc1,0,CHEMBL5265752
CHEMBL5288184,COc1ccc(-c2cc3cc4c(=O)c(/C=N/Nc5ccc(C(F)(F)F)cc5)coc4cc3o2)cc1,1,CHEMBL5288184
CHEMBL4099873,CC(=O)c1c[n+](Cc2ccccc2C)ccc1CC1Cc2cc(Cl)ccc2C1=O,0,CHEMBL4099873
CHEMBL3581572,CCC(C)C(=O)[C@]12C(=O)[C@]3(CC=C(C)C)C[C@H](CC=C(C)C)[C@@]1(C)CC[C@@H](C(C)(C)O)OC2=C(CC=C(C)C)C3=O,1,CHEMBL3581572
CHEMBL5633979,COc1ccc2nc3c(c(NCCCCCNC(=S)N[C@]45CC6C[C@@H](C[C@@H](C6)C4)C5)c2c1)CCCC3,0,CHEMBL5633979
CHEMBL5631244,O=C(/C=C/Nc1ccccc1C(=O)O)c1cc2ccccc2o1,1,CHEMBL5631244
CHEMBL4210517,Cc1ccccc1CNCC(=O)Nc1ccc2nc3n(c(=O)c2c1)CCC3,0,CHEMBL4210517
CHEMBL4217139,CCCCCCCCCCCCNCC(=O)Nc1ccc2nc3n(c(=O)c2c1)CCC3,0,CHEMBL4217139
CHEMBL4208322,CCCCNCC(=O)Nc1ccc2nc3n(c(=O)c2c1)CCC3,0,CHEMBL4208322
CHEMBL103890,CCC(C)(C)SC(=O)OCC[N+](C)(C)C,1,CHEMBL103890
CHEMBL4162692,COc1ccc2c(c1)CCC(CC1C=CN(Cc3ccccc3Cl)C=C1C(C)=O)C2=O,1,CHEMBL4162692
CHEMBL106936,CN(C)Cc1ccc(CSCCNc2cc(NCc3ccccc3)c([N+](=O)[O-])cc2[N+](=O)[O-])o1,0,CHEMBL106936
CHEMBL5439067,COc1cccc(CNCCc2ccc(O)cc2)c1OCc1ccccc1,1,CHEMBL5439067
CHEMBL5431265,CCCCCCCCCCCCCCN(CCCCc1ccccc1)Cc1cccc(OC)c1OCc1ccccc1,1,CHEMBL5431265
CHEMBL5426401,O=C(C[n+]1ccc2ccccc2c1)Nc1ccccc1Br,1,CHEMBL5426401
CHEMBL4100407,Cc1ccc2c(c1)C(=O)C(=O)N2C(=O)N(C)C,0,CHEMBL4100407
CHEMBL5567533,C[C@@H](c1cccc(OC(=O)NCCNc2c3c(nc4ccccc24)CCCC3)c1)N(C)C,0,CHEMBL5567533
CHEMBL5572861,C[C@@H](c1cccc(OC(=O)NCCCCCNc2c3c(nc4cc(Br)ccc24)CCCC3)c1)N(C)C,0,CHEMBL5572861
CHEMBL5583827,O=C(NCCCCCNc1c2c(nc3cc(F)ccc13)CCCC2)Oc1ccc2cc[nH]c2c1,0,CHEMBL5583827
CHEMBL5564010,O=C(NCCCCCNc1c2c(nc3ccccc13)CCCC2)Oc1ccc(-c2cc3cccnc3[nH]2)cc1,0,CHEMBL5564010
CHEMBL5593865,CCc1[nH]c2ccccc2c1CCN1CCC[C@H](CC)C1,1,CHEMBL5593865
CHEMBL5590844,Cc1cc2c(cc1C)[n+](Cc1ccccc1C)cn2C(c1ccccc1)c1ccccc1,1,CHEMBL5590844
CHEMBL4444822,N[C@@H](Cc1c[nH]c2ccccc12)C(=O)NCCNc1c2c(nc3cc(Cl)ccc13)CCCC2,0,CHEMBL4444822
CHEMBL4541558,N[C@@H](Cc1c[nH]c2ccccc12)C(=O)NCCCNc1c2c(nc3cc(Cl)ccc13)CCCC2,0,CHEMBL4541558
CHEMBL4552440,N[C@@H](Cc1c[nH]c2ccccc12)C(=O)NCCCCNc1c2c(nc3cc(Cl)ccc13)CCCC2,0,CHEMBL4552440
CHEMBL4794549,COc1cc2c(cc1O)CCC(C)(CC(=O)NCCCCCCCNc1c3c(nc4ccccc14)CCCC3)O2,0,CHEMBL4794549
CHEMBL3786651,COc1cccc2c1CC[C@H](NC(=O)N(C)C)C2,0,CHEMBL3786651
CHEMBL3786442,CN(C)S(=O)(=O)N[C@H]1CCc2cc(O)ccc2C1,0,CHEMBL3786442
CHEMBL3945423,Cc1ccc(C2=CSC3=NC4=C(CNC/C4=C/c4ccc(Cl)cc4)C(c4ccc(Cl)cc4)N23)cc1,1,CHEMBL3945423
CHEMBL477772,Cc1ccc(Nc2nccc(N(C)c3ccc4c(C)n(C)nc4c3)n2)cc1S(N)(=O)=O,0,CHEMBL477772
CHEMBL1254269,O=C(CCCCCCCCc1ccccc1)c1c(O)cccc1O,1,CHEMBL1254269
CHEMBL4871975,Cc1ccc(S(=O)(=O)SCc2ccc(C(C)C)cc2)cc1,0,CHEMBL4871975
CHEMBL418714,CN(C)Cc1ccc(CSCCCCCCCCSCc2ccc(CN(C)C)o2)o1,0,CHEMBL418714
CHEMBL4755445,NC(=O)c1sc(-c2ccnc(NC(=O)C3CC3)c2)nc1OCCC1CCN(Cc2c(F)cccc2F)CC1,1,CHEMBL4755445
CHEMBL4749550,NC(=O)c1sc(-c2ccnc(NC(=O)C3CC3)c2)nc1OCCC1CCN(Cc2ccccn2)CC1,1,CHEMBL4749550
CHEMBL4792678,CNC(=O)c1sc(-c2ccnc(NC(=O)C3CC3)c2)nc1OCC1CCN(Cc2cccc([N+](=O)[O-])c2)CC1,1,CHEMBL4792678
CHEMBL4741669,CNC(=O)c1sc(-c2ccnc(NC(=O)C3CC3)c2)nc1OCC1CCN(Cc2ccc(F)c(F)c2)CC1,1,CHEMBL4741669
CHEMBL4790739,COc1ccc2cc3[n+](cc2c1OCc1ccc(SC)cc1)CCc1cc2c(cc1-3)OCO2,1,CHEMBL4790739
CHEMBL4747158,COc1ccc2cc3[n+](cc2c1OCc1ccc(Cl)c(Cl)c1)CCc1cc2c(cc1-3)OCO2,1,CHEMBL4747158
CHEMBL6166006,Nc1c2c(nc3ccc(-c4ccoc4)cc13)CCCC2,1,CHEMBL6166006
CHEMBL3546039,COc1ccc(/C=C2\Oc3cc(OCCN4CCCC4)ccc3C2=O)c(OC)c1OC,1,CHEMBL3546039
CHEMBL4797814,COc1cc2c(cc1O)CCC(C)(CC(=O)NCCCCCCCCCNc1c3c(nc4cc(Cl)ccc14)CCCC3)O2,0,CHEMBL4797814
CHEMBL4758624,COc1cc2c(cc1O)CCC(C)(CC(=O)NCCOCCOCCNc1c3c(nc4cc(Cl)ccc14)CCCC3)O2,0,CHEMBL4758624
CHEMBL4794645,COc1cc2c(cc1O)CCC(C)(CCC(=O)NCCCCCCCCNc1c3c(nc4cc(Cl)ccc14)CCCC3)O2,0,CHEMBL4794645
CHEMBL4785201,COc1cc2c(cc1O)CCC(C)(CCNCCCCCCCCCNc1c3c(nc4cc(Cl)ccc14)CCCC3)O2,0,CHEMBL4785201
CHEMBL189886,O=C(C(=O)c1ccccc1)c1ccccc1,1,CHEMBL189886
CHEMBL3751941,c1ccc2oc(CNCCCCCCNc3c4c(nc5ccccc35)CCC4)cc2c1,0,CHEMBL3751941
CHEMBL5220983,COC(=O)c1cc2c(OC(=O)N(C)C)cccc2[n+]([11CH3])c1,0,CHEMBL5220983
CHEMBL555592,C#CCNC1CCc2ccc(OC(=O)N(C)CCC)cc21,1,CHEMBL555592
CHEMBL5184601,O=C(O)C1=Nc2ccccc2CN1,1,CHEMBL5184601
CHEMBL5186753,c1ccc2c(c1)CCCN1Cc3cc(OCCCN4CCCCC4)ccc3N=C21,0,CHEMBL5186753
CHEMBL5208725,c1cc2c(cc1OCCCN1CCCCC1)CN1CCCCC1=N2,0,CHEMBL5208725
CHEMBL4794098,COc1cccc(/C=N/NC(=O)N2CCN(c3ccccn3)CC2)c1OC,1,CHEMBL4794098
CHEMBL4758274,O=C(N/N=C/c1ccccc1O)N1CCN(c2ccccn2)CC1,1,CHEMBL4758274
CHEMBL4759108,Fc1ccc(-c2nnc(N3CCN(c4ccccn4)CC3)o2)c(F)c1,0,CHEMBL4759108
CHEMBL3093797,c1cc[n+](CCCCCCCCCC[n+]2ccc3ccccc3c2)cc1,0,CHEMBL3093797
CHEMBL4761542,FC(F)(F)c1ccc(CNC2CCN(Cc3ccccc3)C2)cc1,0,CHEMBL4761542
CHEMBL4760651,Clc1ccc(CNC2CCN(Cc3ccccc3)C2)cc1,0,CHEMBL4760651
CHEMBL6174537,Nc1c2c(nc3ccc(-c4cncnc4)cc13)CCCC2,0,CHEMBL6174537
CHEMBL5591458,[O-]/[N+](=C\c1ccc2cccc(O)c2n1)Cc1ccccc1,0,CHEMBL5591458
CHEMBL4765163,CCn1cc(CNCc2c[nH]nc2-c2ccc(-c3ccccc3)cc2)cn1,0,CHEMBL4765163
CHEMBL5633343,O=C(O)c1ccc(N/C=C/C(=O)c2cc3ccccc3o2)cc1,0,CHEMBL5633343
CHEMBL5632660,N=C(N)NS(=O)(=O)c1ccc(N/C=C/C(=O)c2cc3ccccc3o2)cc1,0,CHEMBL5632660
CHEMBL4756451,NC(=O)c1sc(-c2ccnc(NC(=O)C3CC3)c2)nc1OCCC1CCN(Cc2ccc(F)c(F)c2)CC1,1,CHEMBL4756451
CHEMBL4796437,NC(=O)c1sc(-c2ccnc(NC(=O)C3CC3)c2)nc1OCCC1CCN(Cc2ccccc2)CC1,0,CHEMBL4796437
CHEMBL4753139,CNC(=O)c1sc(-c2ccnc(NC(=O)C3CC3)c2)nc1OCC1CCN(Cc2ccccc2F)CC1,1,CHEMBL4753139
CHEMBL3415575,O=C1c2ccccc2C(=O)N1CCCCCCCNCc1ccc(F)cc1F,0,CHEMBL3415575
CHEMBL5597952,COc1cc2c(c(O)c1OC)[C@@]13CC[C@H](O)C[C@@H]1N(CC3)C2O,1,CHEMBL5597952
CHEMBL4866752,COc1ccc2[nH]cc(CCNC(=O)Cn3cc(CCCCN(C)CCCC4c5cc(OC)c(OC)cc5CCN4C)nn3)c2c1,1,CHEMBL4866752
CHEMBL104334,CN(C)Cc1ccc(CSCCNc2cc(Nc3ncccc3[N+](=O)[O-])c([N+](=O)[O-])cc2[N+](=O)[O-])o1,0,CHEMBL104334
CHEMBL4780719,O=c1ccoc2ccc(OCCCCN3CCCC3)cc12,1,CHEMBL4780719
CHEMBL6133000,O=C1[C@H](O)C[C@]23CCCN1[C@@H]2c1c([nH]c2ccccc12)CC3,1,CHEMBL6133000
CHEMBL4744259,O=C(N/N=C/c1ccc([N+](=O)[O-])cc1)N1CCN(c2ccccn2)CC1,1,CHEMBL4744259
CHEMBL4788019,O=C(N/N=C/c1ccc(F)cc1)N1CCN(c2ccccn2)CC1,1,CHEMBL4788019
CHEMBL4761911,Fc1ccc(-c2nnc(N3CCN(c4ccccn4)CC3)o2)cc1,0,CHEMBL4761911
CHEMBL245054,COc1cc2occ(-c3cccc(CN(C)Cc4ccccc4)c3)c(=O)c2cc1OC,1,CHEMBL245054
CHEMBL244619,CN(Cc1ccccc1)Cc1ccc(-c2cc3cc([N+](=O)[O-])ccc3oc2=O)cc1,0,CHEMBL244619
CHEMBL427865,COc1cc2cc(-c3ccc(CN(C)Cc4cccc(C)c4)cc3)c(=O)oc2cc1OC,0,CHEMBL427865
CHEMBL413794,COc1ccc2oc(=O)c(-c3cccc(CN(C)Cc4ccccc4)c3)cc2c1,0,CHEMBL413794
CHEMBL6161963,C#CCOc1c(CN2CCCCC2)cc(-c2cc(=O)c3ccccc3o2)cc1OC,1,CHEMBL6161963
CHEMBL4797355,O=c1c2ccccc2oc2ccc(OCCCCCN3CCCCCC3)cc12,0,CHEMBL4797355
CHEMBL7976,O=C(/C=C/c1ccccc1)c1ccccc1,1,CHEMBL7976
CHEMBL554056,C#CCNC1CCc2ccc(OC(=O)N(CC)C3CCCCC3)cc21,1,CHEMBL554056
CHEMBL544636,C#CCNC1CCc2ccc(OC(=O)N(C)CC)cc21,1,CHEMBL544636
CHEMBL6167437,[2H]C([2H])([2H])Oc1cc(N)c(Cl)cc1C(=O)CCC1CCN(CC2CCCCC2)CC1,0,CHEMBL6167437
CHEMBL3122147,CCOC(=O)c1ccc2nc(-c3ccc(Cl)cc3)c3c(c2c1)NCCC3,1,CHEMBL3122147
CHEMBL5573311,Cc1cccc(Oc2ccc3nc4c(c(N)c3c2)CCC4)c1,1,CHEMBL5573311
CHEMBL5569743,Nc1c2c(nc3ccc(Oc4ccc(Cl)cc4)cc13)CCCC2,1,CHEMBL5569743
CHEMBL5571074,Cc1ccccc1Oc1ccc2nc3c(c(N)c2c1)CCCCC3,1,CHEMBL5571074
CHEMBL5570773,COc1cccc(Oc2ccc3nc4c(c(N)c3c2)CCCCC4)c1,1,CHEMBL5570773
CHEMBL4076614,OCc1cc(O)cc(O)c1,1,CHEMBL4076614
CHEMBL3393673,c1ccc(COC[C@H]2NC[C@H](OCc3ccccc3)[C@@H](OCc3ccccc3)[C@@H]2OCc2ccccc2)cc1,1,CHEMBL3393673
CHEMBL5190764,O=C1CCC(O)c2c(O)cccc21,1,CHEMBL5190764
CHEMBL574261,CCCSc1nc2nc3c(c(N)c2s1)C1CC(C)=CC(C3)C1,1,CHEMBL574261
CHEMBL5597239,COc1cc2c(cc1OC)[C@@]13C=C[C@@H](OC)C[C@@H]1N(C2)C[C@@H]3O,1,CHEMBL5597239
CHEMBL5596056,CCOC(=O)C1=C(Nc2ccccc2)CC(c2ccc(F)cc2)N(c2ccccc2)C1c1ccc(F)cc1,1,CHEMBL5596056
CHEMBL1161720,C=C1c2cccc(Cl)c2N=C2CCCCCN12,1,CHEMBL1161720
CHEMBL5633252,Cc1cccc(-c2cnc3cccnc3n2)c1,0,CHEMBL5633252
CHEMBL4128985,C=C(C)[C@H](O)CC[C@]1(C)[C@@H](CC=C(C)C)C[C@@]2(CC=C(C)C)C(=O)[C@]1(C(=O)C(C)C)C(=O)C1=C2O[C@@H](C(C)(C)O)C1,1,CHEMBL4128985
CHEMBL4125722,COC(C)(C)/C=C/C[C@]1(C)[C@@H](CC=C(C)C)C[C@]2(CC=C(C)C)C(=O)C3=C(O[C@@H](C(C)(C)O)C3)[C@@]1(C(=O)C(C)C)C2=O,1,CHEMBL4125722
CHEMBL4873165,COc1cc(/C=C/C(=O)N2CCN(Cc3cccc(F)c3)CC2)ccc1O,1,CHEMBL4873165
CHEMBL2413561,c1ccc2[nH]c(-c3ccc(OCCN4CCOCC4)cc3)nc2c1,1,CHEMBL2413561
CHEMBL2425413,O=C1NC(=O)C(=CNNC(=S)Nc2cccc(C(F)(F)F)c2)C(=O)N1,1,CHEMBL2425413
CHEMBL5404050,COc1cccc(CNCCc2ccccc2)c1OCc1ccccc1,1,CHEMBL5404050
CHEMBL5428807,C#CCN(CCc1cccc(OC)c1)Cc1cccc(OC)c1OCc1ccccc1,1,CHEMBL5428807
CHEMBL5440083,CCN(CCc1ccc(OC)cc1)Cc1cccc(OC)c1OCc1ccccc1,1,CHEMBL5440083
CHEMBL5429690,CCN(CCCc1ccccc1)Cc1cccc(OC)c1OCc1ccccc1,1,CHEMBL5429690
CHEMBL5420941,C=CCCN(CCCc1ccccc1)Cc1cccc(OC)c1OCc1ccccc1,1,CHEMBL5420941
CHEMBL5413699,CCCN(CCCc1ccccc1O)Cc1cccc(OC)c1OCc1ccccc1,1,CHEMBL5413699
CHEMBL2396913,CC1CCCCN1c1nc2ccccc2[nH]1,1,CHEMBL2396913
CHEMBL3752926,COc1cccc2cc(C(=O)NCCCCCCCNc3c4c(nc5ccccc35)CCCC4)oc12,0,CHEMBL3752926
CHEMBL3754146,COc1cccc2cc(C(=O)NCCCCCCCNc3c4c(nc5ccccc35)CCCCC4)oc12,0,CHEMBL3754146
CHEMBL5593429,Cc1ccc(C(C)C)cc1OCC(=O)NCCN1CCCC1,1,CHEMBL5593429
CHEMBL5594172,Cc1ccc(C(C)C)cc1OCC(=O)NCCN1CCOCC1,1,CHEMBL5594172
CHEMBL5592518,S=C(NCCCCNC(=S)Nc1c2c(nc3c1CCC3)CCCC2)Nc1c2c(nc3c1CCC3)CCCC2,1,CHEMBL5592518
CHEMBL5403260,CN(C)CCCN1C(=O)CSC1c1ccccc1Cl,1,CHEMBL5403260
CHEMBL1202941,COc1cccc(C2SCC(=O)N2CCCN(C)C)c1,1,CHEMBL1202941
CHEMBL5404712,CN(C)CCCN1C(=O)CSC1c1cccnc1,1,CHEMBL5404712
CHEMBL4545701,c1ccc(COc2ccc(CCOCCCCCNc3c4c(nc5ccccc35)CCCC4)cc2OCc2ccccc2)cc1,0,CHEMBL4545701
CHEMBL5426913,CCOP(=O)(OCC)C(Nc1cccc(O)c1)c1ccc(OCc2nc3ccccc3c(=O)n2-c2ccc(F)cc2)c(OC)c1,1,CHEMBL5426913
CHEMBL4785452,COc1ccc2[nH]cc(CCCN3CCN(C(=O)CN4CCN(C(=O)c5cccc(Br)c5)CC4)CC3)c2c1,1,CHEMBL4785452
CHEMBL292122,Cc1cccc2c1Cc1c-2nc2ccccc2c1N,1,CHEMBL292122
CHEMBL157017,CN1CCC(=C2Cc3ccccc3C2=O)CC1,1,CHEMBL157017
CHEMBL1243268,CC(C)c1ccc(NC(=O)Oc2ccc3c(c2)C2(C)COC(O3)O2)cc1,1,CHEMBL1243268
CHEMBL1243234,CNC(=O)Oc1ccc2c(c1)[C@]1(C)CCN(Cc3ccccc3)[C@@H]1N2Cc1ccccc1,1,CHEMBL1243234
CHEMBL1243388,O=C(Nc1ccccc1Cl)Oc1ccc2c(c1)CCCN2Cc1ccccc1,1,CHEMBL1243388
CHEMBL1243111,CN1CC[C@@]2(C)c3cc(OC(=O)Nc4ccccc4)ccc3N(Cc3ccccc3)[C@@H]12,0,CHEMBL1243111
CHEMBL4800270,Cc1cc(S(=O)(=O)Nc2ccccc2O)c(C(C)C)cc1O,1,CHEMBL4800270
CHEMBL4797335,CCOC(=O)c1c(C)nc(N2CCN(S(=O)(=O)c3ccc(N)c(OC)c3)CC2)nc1-c1ccc(OC)cc1,0,CHEMBL4797335
CHEMBL5208032,CN(CCCOc1ccc([N+](=O)[O-])cc1)C(=O)c1cnc(CC(=O)c2ccc3c(c2)OCO3)nc1,0,CHEMBL5208032
CHEMBL5203792,COc1ccc(C(=O)Cc2ncc(C(=O)N(C)CCCOc3ccc([N+](=O)[O-])cc3)cn2)cc1OC,1,CHEMBL5203792
CHEMBL2419688,N#Cc1cc(C#N)c(NCCCCC2CCN(Cc3ccccc3)CC2)nc1Cl,0,CHEMBL2419688
CHEMBL2419686,N#Cc1cc(C#N)c(NCCC2CCN(Cc3ccccc3)CC2)nc1Cl,0,CHEMBL2419686
CHEMBL4552675,COc1ccc2nc3c(c(NCCCCCCCCN(CC(=O)Nc4ccc5ccccc5c4)C(=O)/C=C/c4ccc(O)c(OC)c4)c2c1)CCCC3,0,CHEMBL4552675
CHEMBL3401159,CO[P@]1(=O)OC[C@@H]2COC(=O)C2=C(C)O1,0,CHEMBL3401159
CHEMBL5565570,Nc1c2c(nc3ccc(Oc4ccc(Cl)cc4)cc13)CCC2,1,CHEMBL5565570
CHEMBL5571784,Cc1cc(C)cc(Oc2ccc3nc4c(c(N)c3c2)CCCC4)c1,1,CHEMBL5571784
CHEMBL5555058,COc1cc(NC(=O)Cn2nc(-c3ccccc3)c(-c3ccccc3)nc2=O)cc(OC)c1,0,CHEMBL5555058
CHEMBL151883,C#CCNCCc1cccc(OC(=O)N(C)CC)c1,1,CHEMBL151883
CHEMBL12937,CN(C)Cc1ccc(CSCCCCSCc2ccc(CN(C)C)o2)o1,0,CHEMBL12937
CHEMBL1980572,COc1cc([C@H]2OC[C@H]3[C@@H]2CO[C@@H]3c2cc(OC)c3c(c2)OCO3)cc(OC)c1OC,0,CHEMBL1980572
CHEMBL145971,Cn1cc[n+](COCC2CCCc3ccccc32)c1/C=N/O,1,CHEMBL145971
CHEMBL134914,CCOCC[N+](C)(C)C,1,CHEMBL134914
CHEMBL1788300,C#CCN[C@H]1CCc2ccc(OC(=O)N(C)CCC)cc21,1,CHEMBL1788300
CHEMBL5078078,CC(C)(O)c1ccc(N2Cc3c(ccnc3-c3ccc(F)cc3OCC(F)(F)F)C2=O)cc1,1,CHEMBL5078078
CHEMBL5594084,CC(C)(C)c1cc(CNCCNc2c3c(nc4ccccc24)CCCCC3)cc(C(C)(C)C)c1O,1,CHEMBL5594084
CHEMBL5170984,O=C(COc1ccc(-c2ccccc2)cc1)NCC1CCN(Cc2ccccc2)CC1,1,CHEMBL5170984
CHEMBL5207120,O=C(COc1ccc(Cl)cc1[N+](=O)[O-])NCC1CCN(Cc2ccccc2)CC1,0,CHEMBL5207120
CHEMBL5193520,O=C(COc1ccc([N+](=O)[O-])cc1)NCCN1CCN(Cc2ccccc2)CC1,0,CHEMBL5193520
CHEMBL5593330,COc1cccc(NC(=O)CN(C)[C@@H](C)C(=O)c2c[nH]c3ccccc23)c1,1,CHEMBL5593330
CHEMBL5194876,CC(=O)O[C@@H]1C[C@@]2(C)Oc3cc(C)oc(=O)c3C[C@@H]2[C@@]2(C)C=CC(=O)C(C)(C)[C@H]12,1,CHEMBL5194876
CHEMBL5196941,COc1cc(/C=C/c2cc(=O)oc3c2ccc2oc(-c4ccc(F)cc4)cc23)cc(OC)c1,1,CHEMBL5196941
CHEMBL4525824,O=C(c1cccc(Cl)c1Cl)n1nc(OCCN2CCCC2)c2ccccc21,1,CHEMBL4525824
CHEMBL4441005,COc1cc(C(=O)n2nc(OCCN3CCCC3)c3ccccc32)cc(OC)c1OC,1,CHEMBL4441005
CHEMBL4476861,O=C(c1cccc2ccccc12)n1nc(OCCCN2CCCC2)c2ccccc21,1,CHEMBL4476861
CHEMBL5202485,COc1cc(/C=C2\CCc3cc([N+](=O)[O-])ccc3C2=O)c(Br)c(OC)c1OC,0,CHEMBL5202485
CHEMBL6120750,CN(C)CCN1CCN(Cc2ccc(C(=O)Nc3nc4ccccc4s3)cc2)CC1,0,CHEMBL6120750
CHEMBL488590,CCN(CCCCCCN1C(=O)c2cccc3cccc(c23)C1=O)Cc1ccccc1OC,0,CHEMBL488590
CHEMBL148760,C#CC(C)NC1CCc2ccc(SC(=O)N(C)C)cc21,1,CHEMBL148760
CHEMBL4858186,CCOC(=O)/C(=N\Nc1ccc(F)cc1)C(=O)C(F)(F)F,1,CHEMBL4858186
CHEMBL5078914,O=C(O)c1c(O)cccc1CCCCCCCCNc1c2c(nc3cc(Cl)ccc13)CCCC2,0,CHEMBL5078914
CHEMBL4747185,COc1cccc(CNC2CCN(Cc3ccccc3)C2)c1OC,1,CHEMBL4747185
CHEMBL4778302,Oc1ccccc1CNC1CCN(Cc2ccccc2)C1,1,CHEMBL4778302
CHEMBL122575,C[C@H]1C(=O)N(C(=O)NCc2ccccc2)[C@@H]1Oc1ccc(C(=O)O)cc1,1,CHEMBL122575
CHEMBL155495,CNC(NCCNCc1ccc(COC)o1)=C(C#N)C#N,1,CHEMBL155495
CHEMBL296560,C[N+](C)(C)CCS/C(=N\O)C(=O)c1ccc(Br)cc1,1,CHEMBL296560
CHEMBL5591982,CN(Cc1ccc(COc2ccc3c(CO)cc(=O)oc3c2)cc1)Cc1cscn1,1,CHEMBL5591982
CHEMBL1202865,c1ccc(CN2CCC(CCNc3cc4c(nn3)-c3ccccc3CCC4)CC2)cc1,0,CHEMBL1202865
CHEMBL4762083,COc1ccc2[nH]cc(CCNC(=O)CN(CCCCCCCCNc3c4c(nc5ccccc35)CCCC4)C(=O)CCCC[C@@H]3CCSS3)c2c1,0,CHEMBL4762083
CHEMBL4755561,Fc1ccc(-c2nnc(Nc3ncccn3)o2)cc1,1,CHEMBL4755561
CHEMBL4752558,O=C(NO)c1ccc(Nc2ccnc3ccccc23)cc1,0,CHEMBL4752558
CHEMBL5180014,O=C(COc1ccc([N+](=O)[O-])cc1)NCC1CCN(Cc2ccccc2)CC1,0,CHEMBL5180014
CHEMBL151387,CN(C)C(=O)Oc1ccc2c(c1)CC(N)CC2,1,CHEMBL151387
CHEMBL1202417,CN(C)Cc1ccc(CSCC/N=C/NCCSCc2ccc(CN(C)C)o2)o1,1,CHEMBL1202417
CHEMBL3115035,Cc1ccc(/C=C2\CN(C(=O)[C@@H]3CCN(C)[C@]34C(=O)Nc3ccccc34)C[C@]3(C2=O)[C@H](c2ccc(C)cc2)CN(C)[C@]32C(=O)Nc3ccccc32)cc1,1,CHEMBL3115035
CHEMBL3115032,CN1CC[C@@H](C(=O)N2C/C(=C\c3ccccc3F)C(=O)[C@@]3(C2)[C@H](c2ccccc2F)CN(C)[C@]32C(=O)Nc3ccccc32)[C@@]12C(=O)Nc1ccccc12,1,CHEMBL3115032
CHEMBL5197965,COC/C(C=O)=C\CCC1=CC(c2cc(O)ccc2O)OC1=O,1,CHEMBL5197965
CHEMBL3642051,CC(=O)NCCc1c[nH]c2ccc(OC(=O)NCCNc3c4c(nc5ccc(Cl)cc35)CCCC4)cc12,1,CHEMBL3642051
CHEMBL3410478,COc1ccc2c(c1)c(=O)c1ccccc1n2Cc1cn(Cc2ccc(Cl)cc2)nn1,1,CHEMBL3410478
CHEMBL4537026,O=C(Nc1cccc(-c2cn(CCNc3c4c(nc5ccccc35)CCCC4)nn2)n1)Nc1cccc2c1C1CCCCN1C2=O,0,CHEMBL4537026
CHEMBL353468,COc1cc2c(cc1OC)C(=O)C(CC1CCN(Cc3ccccc3C)CC1)C2,0,CHEMBL353468
CHEMBL170946,COc1cc2c(cc1OC)C(=O)C(CC1CCN(Cc3cccc(C)c3)CC1)C2,0,CHEMBL170946
CHEMBL4786519,CCCCCCCCCCCCCCCCc1ccc(C(=O)[O-])c[n+]1C,1,CHEMBL4786519
CHEMBL4446234,COc1ccc(NCC(=O)Nc2ccc3oc(=O)ccc3c2)cc1,0,CHEMBL4446234
CHEMBL3407591,C#CCN(C)Cc1ccc(OC(=O)N(C)C)c2ncccc12,0,CHEMBL3407591
CHEMBL2380668,O=C1/C(=C/c2ccccc2)CN(C(=O)[C@H]2C[C@H]3CCCN3[C@]23C(=O)Nc2cc(Cl)ccc23)C/C1=C\c1ccccc1,1,CHEMBL2380668
CHEMBL318749,C[N+](C)(C)CCOC(=O)Sc1ccccc1,1,CHEMBL318749
CHEMBL4792691,FC(F)(F)c1ccc(/C=N\C2CCN(Cc3ccccc3)C2)cc1,1,CHEMBL4792691
CHEMBL4749704,Fc1ccc(CNC2CCN(Cc3ccccc3)C2)cc1,0,CHEMBL4749704
CHEMBL4752715,Fc1ccc(CNC2CCN(Cc3ccccc3)C2)c(F)c1,0,CHEMBL4752715
CHEMBL461946,CC1=C(c2ccccc2)C(=O)N(c2c(F)c(F)nc(F)c2F)S1(=O)=O,1,CHEMBL461946
CHEMBL459683,O=C1C2=C(CCCC2)S(=O)(=O)N1c1cccc(Br)n1,1,CHEMBL459683
CHEMBL6168783,O=C1c2c(sc3c2CCCCC3)OC(c2ccccc2)N1c1ccc(Cl)cc1,1,CHEMBL6168783
CHEMBL6171343,COc1ccc2c3c1O[C@H]1C[C@@H](OC(=O)NC4CCN(Cc5cccc(C(F)(F)F)c5)CC4)C=C[C@@]31CCN(C)C2,0,CHEMBL6171343
CHEMBL471187,Oc1cc(O)cc(Oc2c(O)cc(O)c3c2Oc2c(O)cc(O)cc2O3)c1,1,CHEMBL471187
CHEMBL4868014,CCOC(=O)/C(=N\Nc1ccc(Br)cc1)C(=O)C(F)(F)F,1,CHEMBL4868014
CHEMBL4094805,COc1cc2c(cc1OC)C(=O)/C(=C/c1ccc(CN3CCCC3)c(O)c1)O2,1,CHEMBL4094805
CHEMBL4102562,COc1cc2c(cc1OC)C(=O)/C(=C/c1ccc(CN(C)Cc3ccccc3)c(O)c1)O2,1,CHEMBL4102562
CHEMBL4069184,COc1cc2c(cc1OC)C(=O)/C(=C/c1ccc(O)c(CN(C)C)c1)O2,0,CHEMBL4069184
CHEMBL4289318,COc1cc2nc(C(=O)NCCC3CCN(Cc4ccccc4)CC3)cc(OC)c2cc1OC,0,CHEMBL4289318
CHEMBL4293801,COc1cc2[nH]c(C(=O)NCCC3CCN(Cc4ccccc4)CC3)cc(=O)c2cc1OC,0,CHEMBL4293801
CHEMBL4291372,COc1ccc2oc(C(=O)NCCCC3CCN(Cc4ccccc4)CC3)cc(=O)c2c1,0,CHEMBL4291372
CHEMBL4284591,COc1cc(OC)c2c(=O)cc(C(=O)NCCC3CCN(Cc4ccccc4)CC3)oc2c1,0,CHEMBL4284591
CHEMBL4285601,COc1cc2oc(C(=O)OCC3CCN(Cc4ccccc4)CC3)cc(=O)c2cc1OC,0,CHEMBL4285601
CHEMBL4283298,C[N+](C)(CC#CCOC1=NOCC1)CCCCCCCNc1c2c(nc3ccccc13)CCCC2,0,CHEMBL4283298
CHEMBL4167757,CO[C@@H]1C=C[C@@]23c4cc5c(cc4CN(CCc4ccc(O)cc4)[C@@H]2C(=O)N(C)[C@H]3C1)OCO5,1,CHEMBL4167757
CHEMBL4128061,O=C(Cc1cc(=O)oc2cc(O)ccc12)NCCCCCCCNC(=O)c1cccc2c(=O)c3ccccc3[nH]c12,1,CHEMBL4128061
CHEMBL4794769,COc1cc(CNC(=O)CCCC/C=C/CCCNc2c3c(nc4cc(Cl)ccc24)CC2C=C(C)CC3C2)ccc1O,0,CHEMBL4794769
CHEMBL4752488,COc1ccc2nc3c(c(NCCCCCCN(CC(=O)NCCc4c[nH]c5ccc(OC)cc45)C(=O)CCCC[C@@H]4CCSS4)c2c1)CCCC3,1,CHEMBL4752488
CHEMBL5593745,CCN(CC)C(=O)COc1cc(C(C)C)ccc1C,1,CHEMBL5593745
CHEMBL4763528,CN1C[C@@H](c2cccs2)[C@@]2(CSc3ccccc3C2=O)C12C(=O)c1ccccc1C2=O,1,CHEMBL4763528
CHEMBL4799570,CN1C[C@@H](c2cccc(F)c2)[C@@]2(CSc3ccccc3C2=O)C12C(=O)c1ccccc1C2=O,1,CHEMBL4799570
CHEMBL3262489,CCCCCCCNC(=O)Oc1ccc2c(c1)CN1CCc3c([nH]c4ccccc34)C1N2C,1,CHEMBL3262489
CHEMBL5523420,COc1cc2cc(C(=O)NCCC3CCN(Cc4ccccc4)CC3)[nH]c2cc1OC,0,CHEMBL5523420
CHEMBL4762873,O=C(NO)c1ccc(Nc2c3ccccc3nc3ccccc23)cc1,0,CHEMBL4762873
CHEMBL4854713,Nc1c2c(nc3ccc(F)cc13)CCC2,0,CHEMBL4854713
CHEMBL3093802,c1cc[n+](CCCCCCCCCC[n+]2cccc3ccccc32)cc1,0,CHEMBL3093802
CHEMBL3093800,c1cc[n+](CCCCCCCC[n+]2cccc3ccccc32)cc1,0,CHEMBL3093800
CHEMBL4544025,O=C(c1cccc(Cl)c1F)n1nc(OCCCN2CCCCC2)c2ccccc21,1,CHEMBL4544025
CHEMBL4467037,O=C(c1c(F)ccc(F)c1F)n1nc(OCCN2CCCCC2)c2ccccc21,1,CHEMBL4467037
CHEMBL5407164,CCN1/C(=C/C(C)=O)Sc2ccc(OC(=O)NCCc3ccccc3)cc21,1,CHEMBL5407164
CHEMBL3764433,N#CC1=C(N)N2CCNC2=C([N+](=O)[O-])C12C(=O)c1cccc3cccc2c13,1,CHEMBL3764433
CHEMBL4846646,O=C(CC1CCN(Cc2ccccc2F)CC1)Nc1n[nH]c2cc(-c3cccnc3)ccc12,0,CHEMBL4846646
CHEMBL2160220,CN(CCCCCCCOc1ccc(-c2oc3ccccc3c2C(=O)c2c3ccccc3cc3ccccc23)cc1)Cc1ccccc1,1,CHEMBL2160220
CHEMBL5517663,COc1cc2ncnc(N3CCN(Cc4ccccc4)CC3)c2cc1OC,0,CHEMBL5517663
CHEMBL5559386,COc1cc2ncnc(N3CCN(c4ccc([N+](=O)[O-])cc4)CC3)c2cc1OC,0,CHEMBL5559386
CHEMBL5556374,COc1cc2ncnc(N3CCN(c4ccc(F)cc4)CC3)c2cc1OC,1,CHEMBL5556374
CHEMBL5558445,COc1cc2ncnc(N3CCN(C)CC3)c2cc1OC,1,CHEMBL5558445
CHEMBL4633378,COc1cccc(-c2ccc(/C=N/N3CC(=O)N(CCC4CCN(Cc5ccccc5)CC4)C3=O)o2)c1,0,CHEMBL4633378
CHEMBL4797608,Cc1cc(S(=O)(=O)NCc2ccccn2)c(C(C)C)cc1O,1,CHEMBL4797608
CHEMBL5191163,O=c1c2ccccc2nc2n1C(C1CN=Cc3[nH]c4ccccc4c31)CC2O,1,CHEMBL5191163
CHEMBL5201779,c1cc2c(cc1OCCCN1CCCCC1)CN1CCCCCC1=N2,0,CHEMBL5201779
CHEMBL5414292,O/N=C/c1cc[n+](COC[n+]2ccccc2/C=N/O)cc1,1,CHEMBL5414292
CHEMBL5401627,O/N=C/c1cc(Cl)cc(CN2CCC(c3ccncc3)CC2)c1O,1,CHEMBL5401627
CHEMBL5276920,COc1cc2c(cc1OC)/C(=N\NC(=O)CCNC(=O)C(C)c1ccc(CC(C)C)cc1)C(CC1CCN(Cc3ccccc3)CC1)C2,1,CHEMBL5276920
CHEMBL1235966,COc1cc2c(cc1O)[C@@H]1Cc3ccc(OC)c(O)c3CN1CC2,1,CHEMBL1235966
CHEMBL4789164,COc1cccc2cc[n+](-c3ccccc3)cc12,1,CHEMBL4789164
CHEMBL3969818,COc1cccc2c1C=[N+](c1ccccc1)CC2,1,CHEMBL3969818
CHEMBL3900117,COc1cccc2c1C=[N+](c1ccc(I)cc1F)CC2,1,CHEMBL3900117
CHEMBL5633728,O=C(O)c1cccc(N/C=C/C(=O)c2cc3ccccc3o2)c1,1,CHEMBL5633728
CHEMBL5282182,CCC(=O)CNC(=O)Nc1nc2ccc(-c3oc4c(OC)c(O)c(O)c(OC)c4c(=O)c3O)cc2s1,0,CHEMBL5282182
CHEMBL4789240,C#CCN1CCCC(OC(=O)N(C)CC)C1,1,CHEMBL4789240
CHEMBL4798907,CCN(C)C(=O)OC1CCN(Cc2ccccc2)CC1,1,CHEMBL4798907
CHEMBL4783427,CCN(CCCCOc1ccc(-c2cc(=O)c3c(O)cc(OCCCCN(CC)Cc4ccccc4)cc3o2)cc1)Cc1ccccc1,0,CHEMBL4783427
CHEMBL4798516,O=C1CC(c2ccc(OCCCCN3CCC(Cc4ccccc4)CC3)cc2)Oc2cc(OCCCCN3CCC(Cc4ccccc4)CC3)cc(O)c21,1,CHEMBL4798516
CHEMBL4796574,O=c1c(-c2ccc(OCCCCN3CCC(Cc4ccccc4)CC3)cc2)coc2cc(OCCCCN3CCC(Cc4ccccc4)CC3)cc(O)c12,1,CHEMBL4796574
CHEMBL4782477,CCN(CCCCOc1ccc(/C=C/C(=O)c2c(O)cc(OCCCCN(CC)Cc3ccccc3OC)cc2O)cc1)Cc1ccccc1OC,1,CHEMBL4782477
CHEMBL4798445,O=C(/C=C/c1ccc(OCCCCN2CCCC2)cc1)c1c(O)cc(OCCCCN2CCCC2)cc1O,1,CHEMBL4798445
CHEMBL4783152,COc1cc(/C=C/C(=O)NCC(=O)Nc2ccccc2Cl)ccc1O,1,CHEMBL4783152
CHEMBL4778635,COc1cc(/C=C/C(=O)NCC(=O)Nc2ccc(Cl)cc2)ccc1O,1,CHEMBL4778635
CHEMBL424984,COc1ccc(-c2cc3c(c(=O)o2)C[C@@]2(O)[C@@]4(C)C=CC(=O)C(C)(C)[C@@]4(O)CC[C@@]2(C)O3)cc1,0,CHEMBL424984
CHEMBL1085280,C[n+]1c(-c2ccccc2)cn2cc(C(N)=O)ccc21,1,CHEMBL1085280
CHEMBL1085127,CCCNC(=O)Oc1ccc2c(c1)[C@]1(C)CCN(CC)[C@@H]1C2,0,CHEMBL1085127
CHEMBL1085384,CCCCCCNC(=O)Oc1ccc2c(c1)[C@@H]1CCN(CC)[C@@H]1C2,0,CHEMBL1085384
CHEMBL55014,O=C(NCCC1CCN(Cc2ccccc2)CC1)c1ccccc1,0,CHEMBL55014
CHEMBL140769,O=C(C1CCCCC1)N(CCC1CCN(Cc2ccccc2)CC1)c1ccccc1,1,CHEMBL140769
CHEMBL141810,O=C1c2ccccc2NCN1CCC1CCN(Cc2ccccc2)CC1,0,CHEMBL141810
CHEMBL344384,C[C@@H]([C@H]1CC[C@H]2[C@@H]3CC=C4C[C@@H](N(C)C)CC[C@]4(C)[C@H]3CC[C@]12C)N(C)C,1,CHEMBL344384
CHEMBL342902,CCCC(=O)OCC[N+](C)(C)C,1,CHEMBL342902
CHEMBL4783624,O=c1c2cc(Cl)ccc2oc2ccc(OCCCCCN3CCCCCC3)cc12,0,CHEMBL4783624
CHEMBL294199,COc1cc(CNC(=O)CCCC/C=C/C(C)C)ccc1O,1,CHEMBL294199
CHEMBL136052,CC(=O)N(C)[C@@H](C)[C@H]1CC[C@H]2[C@@H]3CC[C@H]4C[C@@H](N(C)C)CC[C@]4(C)[C@H]3CC[C@]12C,1,CHEMBL136052
CHEMBL155863,CCC/N=C1/CCc2c1n(C)c1ccc(OC(=O)NC)cc21,1,CHEMBL155863
CHEMBL87170,COc1cc2cc(C(=O)CCc3cc[n+](Cc4ccccc4)cc3)sc2cc1OC,0,CHEMBL87170
CHEMBL154211,N#CC(C#N)=C1NCCN1CCNCc1ccc(CN2CCCCC2)o1,0,CHEMBL154211
CHEMBL4784248,O=C(CN1CCN(C(=O)c2ccc(F)cc2)CC1)N1CCN(CCCc2c[nH]c3ccccc23)CC1,1,CHEMBL4784248
CHEMBL4795221,O=C(CN1CCN(C(=O)c2ccc(Br)cc2)CC1)N1CCN(CCCc2c[nH]c3ccc(F)cc23)CC1,1,CHEMBL4795221
CHEMBL4782029,Cc1ccc(C(=O)N2CCN(CC(=O)N3CCN(CCCc4c[nH]c5ccc(F)cc45)CC3)CC2)cc1,1,CHEMBL4782029
CHEMBL4783315,COc1ccc2[nH]cc(CCCN3CCN(C(=O)CN4CCN(C(=O)c5cccc(F)c5)CC4)CC3)c2c1,1,CHEMBL4783315
CHEMBL4793972,COc1cccc2cc[n+](-c3cccc(F)c3)cc12,1,CHEMBL4793972
CHEMBL4861913,Cc1ccc2nc3c(c(N)c2c1)CCCCC3,1,CHEMBL4861913
CHEMBL4861608,Nc1c2c(nc3ccc(Cl)cc13)CCCCC2,1,CHEMBL4861608
CHEMBL4869162,Nc1c2c(nc3c(Br)cc(Br)cc13)CCCCC2,1,CHEMBL4869162
CHEMBL5085317,COc1cc2c(c3c1OCOC3)C[C@H]1c3c(cc4c(c3OC)OCO4)CCN1C2,1,CHEMBL5085317
CHEMBL4238512,C=Cc1oc2ccc(Br)cc2c(=O)c1CN(Cc1ccccc1)/C(=C/C(=O)OC)C(=O)OC,1,CHEMBL4238512
CHEMBL3133427,Cn1ncc2c1-c1sccc1C2NC(=O)CN1CCN(Cc2ccccc2)CC1,0,CHEMBL3133427
CHEMBL422098,CC(=O)N[C@H]1CC[C@@]2(C)[C@@H](CC[C@@H]3[C@@H]2CC[C@]2(C)[C@@H]([C@H](C)N(C)C)CC[C@@H]32)C1,1,CHEMBL422098
CHEMBL3115198,Cc1ccccc1/C=C1\CN(C(=O)[C@@H]2CCN(C)[C@]23C(=O)Nc2ccccc23)C[C@]2(C1=O)[C@H](c1ccccc1C)CN(C)[C@]21C(=O)Nc2ccccc21,1,CHEMBL3115198
CHEMBL305660,CC(C)(C)c1ccc(C(=O)CCCN2CCC(OC(c3ccccc3)c3ccccc3)CC2)cc1,1,CHEMBL305660
CHEMBL5178216,C=C(C)[C@]1(O)CC[C@@]2(C)C3=Cc4c(cc(-c5cccnc5)oc4=O)O[C@]3(C)[C@@H](O)C[C@@H]2[C@@]12CCC(=O)OC2,1,CHEMBL5178216
CHEMBL5172348,CCN(C)C(=O)Oc1ccc(C2CC(=O)c3c(O)cc(OC(=O)N(C)CC)cc3O2)cc1,1,CHEMBL5172348
CHEMBL4764274,CCOC(=O)c1c(C)nc(N2CCN(S(=O)(=O)c3ccc(NC(C)=O)cc3)CC2)nc1-c1ccc(OC)c(OC)c1,0,CHEMBL4764274
CHEMBL4461027,O=C(c1cccc2ccccc12)n1nc(OCCN2CCCCC2)c2ccccc21,1,CHEMBL4461027
CHEMBL4468385,O=C(c1ccc2ccccc2c1)n1nc(OCCCN2CCCCC2)c2ccccc21,1,CHEMBL4468385
CHEMBL5407606,CCOP(=O)(OCC)C(Nc1ccccc1C#N)c1ccc(OCc2nc3ccccc3c(=O)n2-c2ccc(F)cc2)c(OC)c1,1,CHEMBL5407606
CHEMBL4098455,CCN(C)C(=O)Oc1cc(OC(=O)N(C)CC)cc(C(O)CNC(C)(C)CC)c1,1,CHEMBL4098455
CHEMBL5426103,CC[N+](CC)(CCCCCn1c(=O)cc(C)n(CCCCCn2c(C)cc(=O)n(C)c2=O)c1=O)Cc1ccccc1C(F)(F)F,0,CHEMBL5426103
CHEMBL5429715,Cc1cc(-c2cc3cc([N+](=O)[O-])ccc3oc2=O)n[nH]1,1,CHEMBL5429715
CHEMBL5204900,O=C(Nc1ccc(OC(F)(F)F)cc1)NC1CCN(C(=O)CCNc2c3c(nc4cc(Cl)ccc24)CCCC3)CC1,0,CHEMBL5204900
CHEMBL5632972,O=C(/C=C/Nc1ccc(F)cc1)c1cc2ccccc2o1,0,CHEMBL5632972
CHEMBL5633723,O=C(/C=C/Nc1ccc(Br)cc1)c1cc2ccccc2o1,1,CHEMBL5633723
CHEMBL5220228,CCN(C)C(=O)Oc1cccc(CN2CCC(CCC(=O)c3cc(Cl)c(N)cc3OC)CC2)c1,1,CHEMBL5220228
CHEMBL5583545,Cc1ccc(C(C)C)cc1OCC(=O)N(C(C)C)C(C)C,1,CHEMBL5583545
CHEMBL5407180,CCCCCCNC(=O)Oc1ccc2c(c1)N(CC)/C(=C/C(C)=O)S2,1,CHEMBL5407180
CHEMBL6054495,COc1cc(N)c(I)cc1C(=O)NCC1CCN(CC2CCCCC2)CC1,1,CHEMBL6054495
CHEMBL3356533,O=C1C=C(NCCCNc2c3c(nc4cc(Cl)ccc24)CCCC3)C(=O)c2ccccc21,0,CHEMBL3356533
CHEMBL3356535,O=C1C(NCCCNc2c3c(nc4ccccc24)CCCC3)=CC(=O)c2c(O)cccc21,0,CHEMBL3356535
CHEMBL3356537,O=C1C(NCCCNc2c3c(nc4cc(Cl)ccc24)CCCC3)=CC(=O)c2c(O)cccc21,0,CHEMBL3356537
CHEMBL3356539,COc1ccc2nc3c(c(NCCCNC4=CC(=O)c5c(O)cccc5C4=O)c2c1)CCCC3,0,CHEMBL3356539
CHEMBL3356540,COc1ccc2nc3c(c(NCCNC4=C(Cl)C(=O)c5ccccc5C4=O)c2c1)CCCC3,1,CHEMBL3356540
CHEMBL3356954,O=C1C(Cl)=C(NCCCNc2c3c(nc4ccccc24)CCCC3)C(=O)c2ccccc21,0,CHEMBL3356954
CHEMBL3605356,c1ccc2c(c1)c1cnccc1n2CCCCCCCCCn1c2ccccc2c2cnccc21,0,CHEMBL3605356
CHEMBL4859070,Fc1ccc2[nH]c3c(c2c1)CN(Cc1ccccc1)CC3,1,CHEMBL4859070
CHEMBL4856643,Cc1ccc2[nH]c3c(c2c1)CN(Cc1ccccc1)CC3,1,CHEMBL4856643
CHEMBL4870561,C[n+]1ccc2c(c1)c1ccccc1n2CCC(=O)N1c2ccccc2Sc2ccccc21,1,CHEMBL4870561
CHEMBL4878924,COc1ccc2c(c1)c1c[n+](C)ccc1n2CCC(=O)N1c2ccccc2Sc2ccccc21,1,CHEMBL4878924
CHEMBL4865927,Cc1ccc2[nH]c3cc[n+](C)cc3c2c1,1,CHEMBL4865927
CHEMBL628,CC(=O)CCCCn1c(=O)c2c(ncn2C)n(C)c1=O,1,CHEMBL628
CHEMBL3759013,CC[C@H]1O[C@@H]2O[C@H](/C=C/C=C/C=C/c3oc(=O)cc(OC/C=C(\C)C(=O)OC)c3C)[C@H](O)[C@]2(C)[C@@]1(C)O,1,CHEMBL3759013
CHEMBL4079345,CCNc1nc(NCc2ccccc2)c2ccccc2n1,1,CHEMBL4079345
CHEMBL5597498,COc1ccc2c3c1O[C@H]1C[C@@H](O)CC[C@@]31CCNC2,1,CHEMBL5597498
CHEMBL5597110,COc1cc2c(cc1OC)[C@@H]1[C@H](O)[C@@H](OC)[C@H](O)C3=CCN(C2=O)[C@H]31,1,CHEMBL5597110
CHEMBL4552547,COc1cc2c(cc1OC)[C@@H]1[C@H](O)[C@@H](OC)[C@H](O)C3=CCN(C2)[C@H]31,1,CHEMBL4552547
CHEMBL5596159,C#CCNc1ccccc1-c1cc(-c2ccc(OCCN3CCCCC3)cc2)nc(N)n1,1,CHEMBL5596159
CHEMBL3769834,c1ccc2c(c1)Nc1ccccc1[Se]2,1,CHEMBL3769834
CHEMBL1801815,O=C(c1ccccc1)N1c2ccccc2Sc2ccc(Cl)cc21,1,CHEMBL1801815
CHEMBL3642050,CC(=O)NCCc1c[nH]c2ccc(OC(=O)NCCCCCCCNc3c4c(nc5ccc(Cl)cc35)CCCC4)cc12,0,CHEMBL3642050
CHEMBL5412564,Clc1ccc2c(NCCCCCN3c4ccccc4Sc4ccccc43)c3c(nc2c1)CCCC3,0,CHEMBL5412564
CHEMBL454592,COc1cc([C@H]2OC[C@H]3[C@@H]2CO[C@@H]3c2cc(OC)c(OC)c(OC)c2)cc(OC)c1OC,0,CHEMBL454592
CHEMBL5595332,CN(Cc1ccc(COc2ccc3c(CO)cc(=O)oc3c2)cc1)Cc1cccs1,0,CHEMBL5595332
CHEMBL5573115,CN(CCc1cccnc1)Cc1ccc(COc2ccc3c(CO)cc(=O)oc3c2)cc1,1,CHEMBL5573115
CHEMBL5592917,Cc1ccc(C(C)C)cc1OCC(O)CNCc1cccnc1,0,CHEMBL5592917
CHEMBL4792483,CCN(C)C(=O)OCC1CCCN(Cc2ccccc2)C1,1,CHEMBL4792483
CHEMBL5401178,O=C(Nc1cccc(-c2cc(-c3ccc(Cl)cc3)n[nH]2)c1)c1ccccc1,1,CHEMBL5401178
CHEMBL5414221,Cc1ccccc1NC1=C([N+](=O)[O-])C2(NN1)C(=O)Nc1c(C(F)(F)F)cccc12,1,CHEMBL5414221
CHEMBL5433082,Cc1ccccc1NC1=C([N+](=O)[O-])C2(NN1)C(=O)Nc1ccc(Br)cc12,1,CHEMBL5433082
CHEMBL5417632,CC[N+](CC)(CCCCCn1c(=O)cc(C)n(CCCCn2c(C)cc(=O)n(C)c2=O)c1=O)Cc1ccccc1C(F)(F)F,0,CHEMBL5417632
CHEMBL5400013,CC(=O)n1c2c(c3ccccc31)Oc1nc(C)[nH]c(=O)c1C2c1cccc([N+](=O)[O-])c1,1,CHEMBL5400013
CHEMBL5430507,CC(=O)n1c2c(c3ccccc31)Oc1nc(C)[nH]c(=O)c1C2c1ccccc1[N+](=O)[O-],1,CHEMBL5430507
CHEMBL5397966,CN(C)CCCN1C(=O)CSC1c1cccc(Cl)c1,1,CHEMBL5397966
CHEMBL1202930,CN(C)CCCN1C(=O)CSC1c1ccncc1,1,CHEMBL1202930
CHEMBL4790426,COc1ccc2nc3c(c(NCCCCCCN(CC(=O)NCCc4c[nH]c5ccc(OC)cc45)C(=O)/C=C/c4ccc(O)c(OC)c4)c2c1)CCCC3,1,CHEMBL4790426
CHEMBL6164945,C[C@@H]1CC[C@]2(C(=O)O)CC[C@]3(C)C(=CC[C@@H]4[C@@]5(C)C[C@@H](O)OCC(C)(C=O)[C@@H]5CC[C@]43C)[C@@H]2[C@]1(C)O,1,CHEMBL6164945
CHEMBL6132753,COc1ccc(C(=O)OC[C@]2(C)C=C(C=O)[C@@]3(C)[C@H]2CC[C@]2(C)[C@@H]3CC=C3[C@H]4[C@](C(=O)O)(CC[C@@H](C)[C@@]4(C)OC(=O)c4ccc(OC)cc4)CC[C@]32C)cc1,1,CHEMBL6132753
CHEMBL6132910,COc1ccc(C(=O)O[C@]2(C)[C@H](C)CC[C@]3(C(=O)O)CC[C@]4(C)C(=CC[C@@H]5[C@@]6(C)C(C=O)=C[C@@](C)(CO)[C@@H]6CC[C@]54C)[C@@H]32)cc1,1,CHEMBL6132910
CHEMBL1459580,O=C(COc1ccc(Cl)cc1Cl)Nc1ccc(CN2CCCCC2)cc1,0,CHEMBL1459580
CHEMBL2419685,N#Cc1cc(C#N)c(NC2CCN(Cc3ccccc3)CC2)nc1Cl,1,CHEMBL2419685
CHEMBL2419683,N#Cc1c(Cl)nc(NCCCC2CCN(Cc3ccccc3)CC2)c(C#N)c1-c1ccccc1,1,CHEMBL2419683
CHEMBL6164161,C[C@@H]1CC[C@]2(C(=O)O)CC[C@]3(C)C(=CC[C@@H]4[C@@]5(C)C(C=O)=C[C@@](C)(CO)[C@@H]5CC[C@]43C)[C@@H]2[C@]1(C)O,1,CHEMBL6164161
CHEMBL6141866,CCCC(=O)OC[C@]1(C)C=C(C=O)[C@@]2(C)[C@H]1CC[C@]1(C)[C@@H]2CC=C2[C@H]3[C@](C(=O)O)(CC[C@@H](C)[C@@]3(C)O)CC[C@]21C,1,CHEMBL6141866
CHEMBL109084,Cc1c(C)c2ccc(OCCc3ccccc3)cc2oc1=O,1,CHEMBL109084
CHEMBL5270908,COc1ccc(-c2cc3cc4c(=O)c(C=O)coc4cc3o2)cc1,1,CHEMBL5270908
CHEMBL240047,O=C(CCc1ccccc1)N1c2ccccc2Sc2ccccc21,1,CHEMBL240047
CHEMBL3770866,O=C(CCc1ccccc1)N1c2ccccc2Sc2ccc(Cl)cc21,1,CHEMBL3770866
CHEMBL5183299,CCCCC1OC(=O)c2cc(OCc3ccc(CN4CCN(C)CC4)c(O)c3)ccc21,1,CHEMBL5183299
CHEMBL4780628,COc1cc2c(cc1OC)C(=O)/C(=C/c1ccc(N3CC[N+](C)(Cc4ccc(Br)cc4)CC3)cc1)C2,1,CHEMBL4780628
CHEMBL4794690,CCC[N+]1(C)CCN(c2ccc(/C=C3\Cc4cc(OC)c(OC)cc4C3=O)cc2)CC1,1,CHEMBL4794690
CHEMBL4855838,COC(=O)/C(=N\Nc1ccccc1[N+](=O)[O-])C(=O)C(F)(F)F,1,CHEMBL4855838
CHEMBL5963054,COc1cc(N)ccc1C(=O)CCC1CCN(CC2CCCCC2)CC1,0,CHEMBL5963054
CHEMBL6147925,N/C(=N\O)c1cccc(NC(=O)Nc2ccccc2C(F)(F)F)c1,1,CHEMBL6147925
CHEMBL4875944,COc1ccc(CSS(=O)(=O)c2ccc(C)cc2)cc1,0,CHEMBL4875944
CHEMBL6171152,CC1=CC(=O)[C@@](C)(O)C(=O)/C1=C\Nc1ccc(Oc2ccc(C)cc2)cc1,1,CHEMBL6171152
CHEMBL6165973,CC1=CC(=O)[C@@](C)(O)C(=O)/C1=C\Nc1ccc(Oc2cccc(F)c2)cc1,1,CHEMBL6165973
CHEMBL4750838,COc1ccc2nc3cc(Cl)ccc3c(Nc3ccc(C(=O)NO)cc3)c2n1,1,CHEMBL4750838
CHEMBL5218447,CN(CCCOc1ccc2ccc(=O)oc2c1)Cc1cccc(OC(=O)NC2CCCC2)c1,0,CHEMBL5218447
CHEMBL5219841,COc1cccc2c1CCCC2NS(=O)(=O)NC(=O)OCc1ccccc1,0,CHEMBL5219841
CHEMBL5286517,COc1cc2c(cc1OC)C(=O)[C@]1(C2)[C@H](c2ccc(C)cc2)[C@H](Cc2c[nH]c3ccccc23)NC12C(=O)Nc1ccccc12,1,CHEMBL5286517
CHEMBL4797136,COc1cc(/C=C/C(=O)NCC(=O)Nc2ccccc2C)ccc1O,1,CHEMBL4797136
CHEMBL4797133,COc1cc(/C=C/C(=O)NCC(=O)Nc2cccc(C)c2)ccc1O,1,CHEMBL4797133
CHEMBL4788008,COc1cc(/C=C/C(=O)N2CCN(c3ccc(Cl)cc3)CC2)ccc1O,1,CHEMBL4788008
CHEMBL4779749,C#CCN1CCCC(COC(=O)Nc2ccc(C(C)C)cc2)C1,1,CHEMBL4779749
CHEMBL4782422,O=C(Nc1ccccc1)OC1CCCN(C2Cc3ccccc3C2)C1,1,CHEMBL4782422
CHEMBL4785240,CCN(C)C(=O)OC1CCN(C2Cc3ccccc3C2)CC1,1,CHEMBL4785240
CHEMBL4776331,CC(C)c1ccc(NC(=O)OC2CCN(C3Cc4ccccc4C3)CC2)cc1,1,CHEMBL4776331
CHEMBL4783852,CC(C)c1ccc(NC(=O)OC2CCN(Cc3ccccc3)CC2)cc1,1,CHEMBL4783852
CHEMBL442287,C=C(C)CN1CC[C@@]23C=C[C@H](O)C[C@@H]2Oc2c(OC)ccc(c23)C1,0,CHEMBL442287
CHEMBL4849361,CCOC(=O)/C(=N\Nc1ccc(C)cc1)C(=O)C(F)(F)F,1,CHEMBL4849361
CHEMBL4853637,CCOC(=O)/C(=N\Nc1cccc(C)c1)C(=O)C(F)(F)F,1,CHEMBL4853637
CHEMBL4785451,COc1cccc2cc[n+](-c3ccccc3C#N)cc12,1,CHEMBL4785451
CHEMBL4795263,COc1cccc2cc[n+](-c3ccc(C#N)cc3)cc12,1,CHEMBL4795263
CHEMBL6151706,COc1cc2c(cc1OC(=O)CCCCC1CCSS1)C(=O)C(CC1CCN(Cc3ccccc3)CC1)C2,0,CHEMBL6151706
CHEMBL3942074,COc1cccc2c1C=[N+](c1ccccc1F)CC2,1,CHEMBL3942074
CHEMBL4777782,O=C(CN1CCN(C(=O)c2ccccc2Br)CC1)N1CCN(CCCc2c[nH]c3ccc(F)cc23)CC1,1,CHEMBL4777782
CHEMBL4798281,COc1ccc2[nH]cc(CCCN3CCN(C(=O)CN4CCN(C(=O)c5ccccc5)CC4)CC3)c2c1,1,CHEMBL4798281
CHEMBL4785035,COc1ccc2[nH]cc(CCCN3CCN(C(=O)CN4CCN(C(=O)c5ccc(Br)cc5)CC4)CC3)c2c1,1,CHEMBL4785035
CHEMBL1995010,Cc1ccc(S(=O)(=O)SCc2ccccc2)cc1,0,CHEMBL1995010
CHEMBL4867081,Cc1ccc(S(=O)(=O)SCc2ccc([N+](=O)[O-])cc2)cc1,0,CHEMBL4867081
CHEMBL4519072,Cc1ccc(-c2nc(NC3CCN(Cc4ccccc4)CC3)sc2-c2ccc(C)cc2)cc1,1,CHEMBL4519072
CHEMBL4530559,Cc1ccccc1CN1CCC(CNc2nc(-c3ccc(Cl)cc3)c(-c3ccc(Cl)cc3)s2)CC1,0,CHEMBL4530559
CHEMBL4560673,Cc1ccc(-c2nc(NCC3CCN(Cc4ccccc4C)CC3)sc2-c2ccc(C)cc2)cc1,0,CHEMBL4560673
CHEMBL4571742,COc1ccc(-c2nc(NC(=O)C3CCN(Cc4cccc(F)c4)CC3)sc2-c2ccc(OC)cc2)cc1,0,CHEMBL4571742
CHEMBL4535218,Cc1ccc(-c2nc(NC(=O)C3CCN(Cc4cc(F)cc(F)c4)CC3)sc2-c2ccc(C)cc2)cc1,1,CHEMBL4535218
CHEMBL4554172,Cc1ccc(-c2nc(NC(=O)C3CCN(Cc4cccc(F)c4)CC3)sc2-c2ccc(C)cc2)cc1,1,CHEMBL4554172
CHEMBL5181301,CCN(CC)Cc1ccc(/C=C2\Cc3ccccc3C2=O)cc1,0,CHEMBL5181301
CHEMBL5278778,COc1ccc2c(c1)c(C=O)cn2CCCCCCCCCCN(C)Cc1ccc(O)cc1,0,CHEMBL5278778
CHEMBL5269046,COc1ccc2c(c1)c(C=O)cn2CCCCCCCCCCCCN(C)Cc1ccc(OC)c(OC)c1,1,CHEMBL5269046
CHEMBL4589250,Oc1ccc(CCOCCCCCNc2c3c(nc4ccccc24)CCCC3)cc1O,0,CHEMBL4589250
CHEMBL1783516,CC(C)C1=N[C@H]2CC[C@]34C[C@]35C(=O)C[C@]3(C)[C@@H]([C@H](C)N(C)Cc6ccccc6C(F)(F)F)[C@H](O)C[C@@]3(C)[C@@H]5CC[C@H]4[C@]2(C)CS1,0,CHEMBL1783516
CHEMBL1783499,CC(C)C1=N[C@H]2CC[C@]34C[C@]35C(=O)C[C@]3(C)[C@@H]([C@H](C)N(C)CCCN6C(=O)c7ccccc7C6=O)[C@H](O)C[C@@]3(C)[C@@H]5CC[C@H]4[C@]2(C)CS1,0,CHEMBL1783499
CHEMBL5270598,O=C1CC2CCc3ccsc3C2=NN1CN1CCN(Cc2ccccc2)CC1,1,CHEMBL5270598
CHEMBL5272474,CN(C)CCCCN1N=C2c3sccc3CCC2CC1=O,1,CHEMBL5272474
CHEMBL5275931,O=C1CC2CCc3ccsc3C2=NN1CCCCCN1CCN(Cc2cccc3c2ccn3S(=O)(=O)c2ccccc2)CC1,1,CHEMBL5275931
CHEMBL5281673,O=C1CC2Cc3ccsc3C2=NN1CCCCCCCN1CCN(Cc2cccc3c2ccn3S(=O)(=O)c2ccccc2)CC1,1,CHEMBL5281673
CHEMBL3605361,C[n+]1ccc2c(c1)c1ccccc1n2CCCCCCCCCn1c2ccccc2c2c[n+](C)ccc21,0,CHEMBL3605361
CHEMBL12540,c1ccc2c(c1)[nH]c1ccncc12,1,CHEMBL12540
CHEMBL4850804,O=C(CCn1c2ccccc2c2c[n+](Cc3ccccc3)ccc21)N1c2ccccc2Sc2ccccc21,1,CHEMBL4850804
CHEMBL5280671,COc1cc(O)cc(-c2cc3ccc(O)c(C/C=C(\C)CCC=C(C)C)c3o2)c1CC=C(C)C,1,CHEMBL5280671
CHEMBL5277231,CC12CC(c3c(O)cc(-c4cc5ccc(O)cc5o4)cc3O)CC3c4ccc(O)cc4OC31C2,1,CHEMBL5277231
CHEMBL4868050,Nc1c2c(nc3c(Br)cc(Br)cc13)CCC2,1,CHEMBL4868050
CHEMBL5276202,Oc1cccc2ccc(/C=C/C3=CCN(Cc4ccccc4C(F)(F)F)CC3)nc12,1,CHEMBL5276202
CHEMBL5417392,Cc1cc(=O)[nH]c2c1C(=O)C(NCCNc1c3c(nc4cc(Cl)ccc14)CCCC3)=CC2=O,0,CHEMBL5417392
CHEMBL5404420,CCCCCCN(CCCc1ccccc1)Cc1cccc(OC)c1OCc1ccccc1,1,CHEMBL5404420
CHEMBL5398273,CCCN(CCCc1cccc(O)c1)Cc1cccc(OC)c1OCc1ccccc1,1,CHEMBL5398273
CHEMBL5424979,CCCN(CCCc1ccccc1F)Cc1cccc(OC)c1OCc1ccccc1,1,CHEMBL5424979
CHEMBL5430903,Cc1cc(C)c(C(=O)/C=C/c2nc(C)c(C)nc2C)cc1C,1,CHEMBL5430903
CHEMBL200008,COc1ccc2[nH]cc(CCNC(=O)CCCCCNc3c4c(nc5cccc(Cl)c35)CCCC4)c2c1,0,CHEMBL200008
CHEMBL4163781,O=C(NCCCCCCNCc1ccc2ccccc2c1)c1cc(Cl)nc(Cl)c1,1,CHEMBL4163781
CHEMBL4161860,O=C(NCCCCCCNCc1ccccc1)c1cc(Cl)nc(Cl)c1,1,CHEMBL4161860
CHEMBL5284235,COc1ccc2c(c1)c(C=O)cn2CCCCCCCCCN(C)Cc1cccc(O)c1,1,CHEMBL5284235
CHEMBL4473282,C#CCNC1CCc2cc(Cl)c(OC(=O)N(C)CCC)cc21,1,CHEMBL4473282
CHEMBL4586157,COc1ccc2nc3c(c(NCCCCCCCNC(=O)[C@@H](N)Cc4c[nH]c5ccccc45)c2c1)CCCC3,0,CHEMBL4586157
CHEMBL4851865,Cc1cccc(CN2CCC(CNC(=O)c3cncc(NC(=O)c4ccnc(NC(=O)C5CC5)c4)c3)CC2)c1,1,CHEMBL4851865
CHEMBL4848801,COc1cc(/C=C/C(=O)N2CCN(Cc3ccccc3)CC2)ccc1O,1,CHEMBL4848801
CHEMBL4793631,COc1cccc2cc[n+](-c3ccc(I)cc3)cc12,0,CHEMBL4793631
CHEMBL4776766,COc1cccc2cc[n+](-c3ccccc3F)cc12,1,CHEMBL4776766
CHEMBL4796496,Brc1ccc(-[n+]2ccc3ccccc3c2)cc1,1,CHEMBL4796496
CHEMBL417799,C[n+]1cc2c3c(ccc2c2ccc4cc5c(cc4c21)OCO5)OCO3,1,CHEMBL417799
CHEMBL4588547,CCOc1ccc(Cc2nc3cc(C(=O)NCCNc4c5c(nc6ccccc46)CCCC5)ccc3n2CCC(C)C)cc1,0,CHEMBL4588547
CHEMBL4762214,O=C1c2ccccc2C(=O)C12N1CSC[C@@H]1[C@@H](c1ccc(Br)cc1)[C@@]21CSc2ccccc2C1=O,1,CHEMBL4762214
CHEMBL3983878,CC1=C(C(=O)OCC2CC2)C(c2ccccc2Cl)c2c(nc3c(c2N)CC(C)(C)CC3)N1,0,CHEMBL3983878
CHEMBL3937974,COC(=O)C1=C(C)Nc2nc3c(c(N)c2C1c1ccccc1)CSCC3,0,CHEMBL3937974
CHEMBL4088594,Cc1cc(-c2c3ccccc3[n+](C)c3ccccc23)cc(C)c1O,1,CHEMBL4088594
CHEMBL5833354,CON=C(CCC1CCN(CC2CCCCC2)CC1)c1cc(Cl)c(N)cc1OC,0,CHEMBL5833354
CHEMBL5180422,C[C@H]1CN2C(=O)[C@]34Cc5c([nH]c6c7c(ccc56)OC(C)(C)CC7=O)C(C)(C)[C@@H]3C[C@@]2(C1)C(=O)N4,1,CHEMBL5180422
CHEMBL4757922,COc1cc2c(cc1O)CCC(C)(CC(=O)NCCCCCCCCCNc1c3c(nc4ccccc14)CCCC3)O2,0,CHEMBL4757922
CHEMBL4791286,CNC(=O)c1sc(-c2ccnc(NC(=O)C3CC3)c2)nc1OCCc1cn(-c2c3c(nc4ccccc24)CCCC3)nn1,1,CHEMBL4791286
CHEMBL4781117,O=C(NCCCNc1c2c(nc3ccccc13)CCCC2)c1sc(-c2ccnc(NC(=O)C3CC3)c2)nc1OCC1CC1,0,CHEMBL4781117
CHEMBL4750284,CNC(=O)c1sc(-c2ccnc(NC(=O)CNCCNc3c4c(nc5ccccc35)CCCC4)c2)nc1OCC(C)C,0,CHEMBL4750284
CHEMBL5590734,Cc1ccc(Oc2ccc3nc4c(c(N)c3c2)CCCCC4)cc1,1,CHEMBL5590734
CHEMBL5567301,COc1ccc(Oc2ccc3nc4c(c(N)c3c2)CCCCC4)cc1,1,CHEMBL5567301
CHEMBL249448,O=C(/C=C/c1ccc(O)c(O)c1)O[C@@H]1[C@H](O)C[C@@](O)(C(=O)O)C[C@H]1OC(=O)/C=C/c1ccc(O)c(O)c1,1,CHEMBL249448
CHEMBL5278532,Cc1cc2c(c(C)c1CCO[C@@H]1O[C@H](CO)[C@@H](O)[C@H](O)[C@H]1O)C(=O)[C@H](C)[C@H]2O,1,CHEMBL5278532
CHEMBL5268019,COc1ccc(NC(=O)C2CCN(C(=O)c3ccccc3)CC2)cc1,0,CHEMBL5268019
CHEMBL5289994,COc1ccc(C(=O)N2Cc3ccc(N4C(=O)c5ccccc5C4=O)cc3CC2=O)cc1,0,CHEMBL5289994
CHEMBL5286535,COc1cc(/C=C/c2nnc(-c3ccc(F)cc3F)o2)ccc1O,0,CHEMBL5286535
CHEMBL5272974,COc1ccc(/C=C/C(=O)c2cc(I)c(OC)cc2O)cc1,0,CHEMBL5272974
CHEMBL5572853,CCCNC(C)C(=O)Nc1c(C)csc1-c1nc(Cc2ccccc2)no1,0,CHEMBL5572853
CHEMBL5595727,Nc1ccc(-c2nc(-c3ccccc3N)no2)cc1,0,CHEMBL5595727
CHEMBL5566520,Cc1cc(NS(=O)(=O)c2ccc(-n3cc(COc4ccccc4-c4nc(-c5ccccc5)no4)nn3)cc2)no1,0,CHEMBL5566520
CHEMBL3893741,COc1cccc2c1C=[N+](c1cccc(F)c1)CC2,1,CHEMBL3893741
CHEMBL3915297,COc1cccc2c1C=[N+](c1ccc(C(F)(F)F)cc1)CC2,1,CHEMBL3915297
CHEMBL4860610,Cc1ccc(S(=O)(=O)SCc2ccc(OC(F)(F)F)cc2)cc1,0,CHEMBL4860610
CHEMBL369768,COc1ccc(/C=C/C(=O)c2ccc3c(c2O)C=CC(C)(C)O3)cc1,1,CHEMBL369768
CHEMBL4100046,COc1ccc(CNc2nc(CC(N)=O)nc3ccccc23)cc1OC,1,CHEMBL4100046
CHEMBL4293086,CC(C)(CN1C(=O)c2cccc3cccc(c23)C1=O)C[N+](C)(C)CCCCCCCCCC[N+](C)(C)CC#CCOC1=NOCC1,1,CHEMBL4293086
CHEMBL4751237,C[C@@H]1CC[C@H]2[C@H](C(=O)c3c(O)c([C@@]4(O)CC[C@@H](O)[C@H]5O[C@H]54)cn(O)c3=O)[C@H](C)C=C[C@@H]2C1,1,CHEMBL4751237
CHEMBL4750190,COCCn1cnc2cc(NC(=O)c3ccccc3)cc(C(=O)NCc3cc(F)cc(F)c3)c21,0,CHEMBL4750190
CHEMBL4864954,Nc1c2c(nc3c(Cl)cc(Cl)cc13)CCC2,1,CHEMBL4864954
CHEMBL4857969,Cc1ccc2c(N)c3c(nc2c1)CCC3,0,CHEMBL4857969
CHEMBL4855357,COc1ccc2nc3c(c(N)c2c1)CCC3,1,CHEMBL4855357
CHEMBL4779792,Oc1ccc(-c2nnc(Nc3ncccn3)o2)cc1,1,CHEMBL4779792
CHEMBL4639168,COc1ccc(-c2ccc(/C=N/N3CC(=O)N(CCC4CCN(Cc5ccccc5)CC4)C3=O)o2)cc1,0,CHEMBL4639168
CHEMBL4566786,COc1ccc(-c2nc(NCC3CCN(Cc4ccccc4C)CC3)sc2-c2ccc(OC)cc2)cc1,0,CHEMBL4566786
CHEMBL4593583,COc1ccc(-c2nc(NC(=O)C3CCN(Cc4ccccc4C)CC3)sc2-c2ccc(OC)cc2)cc1,1,CHEMBL4593583
CHEMBL4548883,Cc1ccc(-c2nc(NC(=O)C3CCN(Cc4ccc(C(F)(F)F)cc4)CC3)sc2-c2ccc(C)cc2)cc1,1,CHEMBL4548883
CHEMBL4572079,Cc1ccc(-c2nc(NC(=O)C3CCN(Cc4ccc([N+](=O)[O-])cc4)CC3)sc2-c2ccc(C)cc2)cc1,1,CHEMBL4572079
CHEMBL4866930,CC1=CC2Cc3nc4cc(Cl)ccc4c(NCCCCCCCCCNC(=O)c4ccc[nH]c4=O)c3C(C1)C2,0,CHEMBL4866930
CHEMBL4872514,COc1cc(CNC(=O)CCCCCCCCNc2c3c(nc4cc(Cl)ccc24)CC2C=C(C)CC3C2)ccn1,0,CHEMBL4872514
CHEMBL4782574,COc1ccc(C(=O)N2CCN(CC(=O)N3CCN(CCCc4c[nH]c5ccccc45)CC3)CC2)cc1,1,CHEMBL4782574
CHEMBL4790454,O=C(CN1CCN(C(=O)c2ccccc2F)CC1)N1CCN(CCCc2c[nH]c3ccccc23)CC1,1,CHEMBL4790454
CHEMBL4799265,COc1cccc(C(=O)N2CCN(CC(=O)N3CCN(CCCc4c[nH]c5ccc(OC)cc45)CC3)CC2)c1,1,CHEMBL4799265
CHEMBL4797466,COc1cccc2cc[n+](-c3cccc(C(F)(F)F)c3)cc12,1,CHEMBL4797466
CHEMBL4784275,COc1cccc2cc[n+](-c3cccc(I)c3)cc12,1,CHEMBL4784275
CHEMBL4786171,COc1cccc2cc[n+](-c3ccc(Cl)cc3Cl)cc12,1,CHEMBL4786171
CHEMBL4788300,O=C1c2ccccc2C(=O)C12N1CSC[C@@H]1[C@@H](c1ccc(F)cc1)[C@@]21CSc2ccccc2C1=O,1,CHEMBL4788300
CHEMBL4570156,COc1ccc(-c2nc(NC(=O)C3CCN(Cc4c(F)cccc4Cl)CC3)sc2-c2ccc(OC)cc2)cc1,0,CHEMBL4570156
CHEMBL4282414,Cn1cc(C(=O)NCCC2CCN(Cc3ccccc3)CC2)c2ccccc21,1,CHEMBL4282414
CHEMBL4514959,O=C(Cc1cc(=O)oc2cc(O)ccc12)NCCCNCCNCCCNc1c2c(nc3ccccc13)CCCC2,0,CHEMBL4514959
CHEMBL5597667,CCO[C@H]1O[C@@H]2CC=C3CCN(C)[C@H]3[C@@H]2c2cc(OC)c(O)cc21,1,CHEMBL5597667
CHEMBL4794250,COc1cc2c(cc1OC)C(=O)/C(=C/c1ccc(OCCN[N+]3(C)CCN(c4ccc(/C=C5\Cc6cc(OC)c(OC)cc6C5=O)cc4)CC3)cc1)C2,1,CHEMBL4794250
CHEMBL5402411,O=C(Nc1cc(-c2nc3ccccc3[nH]2)[nH]n1)c1ccc(N2CCOCC2)cc1,1,CHEMBL5402411
CHEMBL4584023,O=C(c1ccccc1OCc1ccccc1)n1nc(OCCCN2CCCCC2)c2ccccc21,1,CHEMBL4584023
CHEMBL4761887,CCN(CC)c1cc(/C=C2\OC(=O)c3cc(OC)c(OC)cc32)ccc1O,0,CHEMBL4761887
CHEMBL6029360,CCCCN1CCC(CCC(=O)c2cc(I)c(N)cc2OC)CC1,0,CHEMBL6029360
CHEMBL5921670,COc1cc(N)c(Cl)cc1C(=O)C(C)CC1CCN(CC2CCCCC2)CC1,0,CHEMBL5921670
CHEMBL5285611,C#CCn1c2cc(OC)ccc2c2ccnc(C)c21,1,CHEMBL5285611
CHEMBL12014,Cc1nccc2c1[nH]c1ccccc12,1,CHEMBL12014
CHEMBL5270788,COc1ccc(-[n+]2ccc3c4ccccc4n(C)c3c2)cc1,0,CHEMBL5270788
CHEMBL5222694,Cc1ccc([N+]2=Cc3c(c4ccccc4n3C)CC2)cc1,1,CHEMBL5222694
CHEMBL602937,O=C1c2ccccc2-[n+]2ccc3c([nH]c4ccccc43)c21,1,CHEMBL602937
CHEMBL5424712,CCOP(=O)(OCC)C(Nc1nncs1)c1ccc(OCc2nc3ccccc3c(=O)n2-c2ccc(F)cc2)c(OC)c1,1,CHEMBL5424712
CHEMBL4559593,NC(Cc1c[nH]c2ccccc12)C(=O)NCCCCCCNc1c2c(nc3cc(Cl)ccc13)CCCC2,0,CHEMBL4559593
CHEMBL4874599,COc1ccc2nc3c(c(N)c2c1)CCCCC3,1,CHEMBL4874599
CHEMBL4780248,C#CCN1CCC(CO)CC1,1,CHEMBL4780248
CHEMBL4789608,O=C(CN1CCN(C(=O)c2ccc(Cl)cc2)CC1)N1CCN(CCCc2c[nH]c3ccccc23)CC1,1,CHEMBL4789608
CHEMBL4796328,O=C(CN1CCN(C(=O)c2ccc(Cl)cc2)CC1)N1CCN(CCCc2c[nH]c3ccc(F)cc23)CC1,1,CHEMBL4796328
CHEMBL4778249,COc1ccc2[nH]cc(CCCN3CCN(C(=O)CN4CCN(C(=O)c5ccccc5Br)CC4)CC3)c2c1,1,CHEMBL4778249
CHEMBL3642042,CC(=O)NCCc1c[nH]c2ccc(OC(=O)NCCCCCCNc3c4c(nc5ccccc35)CCCC4)cc12,0,CHEMBL3642042
CHEMBL3770577,O=C(CCc1ccccc1)N1c2ccccc2[Se]c2ccc(Cl)cc21,1,CHEMBL3770577
CHEMBL3769576,COc1ccc(C(=O)N2c3ccccc3[Se]c3ccccc32)cc1,1,CHEMBL3769576
CHEMBL4472570,COc1ccc2nc3c(c(NCCCCCNC(=O)[C@@H](N)Cc4c[nH]c5ccccc45)c2c1)CCCC3,0,CHEMBL4472570
CHEMBL4459416,N[C@@H](Cc1c[nH]c2ccccc12)C(=O)NCCCCNc1c2c(nc3ccccc13)CCCC2,1,CHEMBL4459416
CHEMBL2160228,Cc1cccc(C(=O)c2c(-c3cccc(OCCCCCCCN(C)Cc4ccccc4)c3)oc3ccccc23)c1,1,CHEMBL2160228
CHEMBL3642049,CC(=O)NCCc1c[nH]c2ccc(OC(=O)NCCCCCCCCNc3c4c(nc5ccccc35)CCCC4)cc12,0,CHEMBL3642049
CHEMBL4568349,C=C[C@@H]1[C@@H]2CC3=C(CCC(=O)N3)[C@@]1(N)C[C@H](C)C2,1,CHEMBL4568349
CHEMBL4646153,O=[N+]([O-])C1C(Cc2c[nH]cn2)NC2(c3ccccc3-c3nc4ccccc4nc32)C1c1ccc(Cl)cc1,1,CHEMBL4646153
CHEMBL4633851,Cc1cccc(C2C([N+](=O)[O-])C(Cc3c[nH]cn3)NC23c2ccccc2-c2nc4ccccc4nc23)c1,1,CHEMBL4633851
CHEMBL4799601,COc1cccc2cc[n+](-c3ccc(C(F)(F)F)cc3)cc12,0,CHEMBL4799601
CHEMBL4778694,O=c1[nH]c2cc(Cl)ccc2n1C1CCN(Cc2cc(Cl)cc(/C=N/O)c2O)CC1,1,CHEMBL4778694
CHEMBL4752528,O/N=C/c1cc(Cl)cc(CNc2ncccc2OCc2ccccc2)c1O,1,CHEMBL4752528
CHEMBL4764015,Cc1cc(/C=N/O)c(O)c(CNc2ccc(N3CCOCC3=O)cc2)c1,1,CHEMBL4764015
CHEMBL4785155,Cc1cc(/C=N/O)c(O)c(CNc2ccc(N3CCOCC3)c(F)c2)c1,1,CHEMBL4785155
CHEMBL4752879,Cc1cc(/C=N/O)c(O)c(CNc2ccc(Cn3cncn3)cc2)c1,1,CHEMBL4752879
CHEMBL3959939,CCOC(=O)C1=C(C)Nc2nc3c(c(N)c2C1c1cccc(C(F)(F)F)c1)CC(C)(C)CC3,1,CHEMBL3959939
CHEMBL3891315,CC1=C(C(=O)OCCN(C)C)C(c2ccccc2)c2c(nc3c(c2N)CC(F)(F)CC3)N1,0,CHEMBL3891315
CHEMBL4756742,CC(C)c1ccc([C@@H]2[C@H]3CSCN3C3(C(=O)c4ccccc4C3=O)[C@]23CSc2ccccc2C3=O)cc1,1,CHEMBL4756742
CHEMBL4797045,Cc1ccc([C@@H]2CN(C)C3(C(=O)c4ccccc4C3=O)[C@]23CSc2ccccc2C3=O)cc1,1,CHEMBL4797045
CHEMBL5560860,COc1cc2c(cc1OC)C(c1ccccc1)N(CCc1cn(CCCCC3=C[C@H]4Cc5nc6cc(Cl)ccc6c(N)c5[C@H](C3)C4)nn1)CC2,0,CHEMBL5560860
CHEMBL5408925,Cc1cc(=O)[nH]c2c1C(=O)C(NCCCNc1c3c(nc4cc(Cl)ccc14)CCCC3)=CC2=O,0,CHEMBL5408925
CHEMBL4786091,CCN(C)C(=O)OC1CCCN(C2Cc3ccccc3C2)C1,1,CHEMBL4786091
CHEMBL4797177,COc1cc2c(cc1O)CCC(C)(CCC(=O)NCCCCCCCNc1c3c(nc4cc(Cl)ccc14)CCCC3)O2,0,CHEMBL4797177
CHEMBL5169783,CC(=O)N1N=C(c2ccc(-c3ccccc3)cc2)CC1c1ccccc1,1,CHEMBL5169783
CHEMBL5175686,CC(=O)N1N=C(c2ccc(-c3ccccc3)cc2)CC1c1cccc([N+](=O)[O-])c1,1,CHEMBL5175686
CHEMBL5169502,COc1ccc(C2CC(c3ccc(-c4ccccc4)cc3)=NN2C(C)=O)cc1OC,1,CHEMBL5169502
CHEMBL5187436,CC(=O)N1N=C(c2ccc3ccccc3c2)CC1c1ccc(-c2ccccc2)cc1,0,CHEMBL5187436
CHEMBL4779214,C#CCN1CCC(COC(=O)Nc2ccccc2)CC1,1,CHEMBL4779214
CHEMBL5199151,COC(=O)/C=C/c1ccc(OCCCCCN2CCN(CC(=O)Nc3c4c(nc5ccccc35)CCCC4)CC2)c(OC)c1,0,CHEMBL5199151
CHEMBL4216666,O/N=C/c1nc(CCCCNc2c3c(nc4ccc(Cl)cc24)CCCC3)ccc1O,1,CHEMBL4216666
CHEMBL464427,CCN(CC)Cc1ccc(/C=C2\Cc3cc(OC)c(OC)cc3C2=O)cc1,0,CHEMBL464427
CHEMBL5184301,CCN1CCN(c2ccc(-c3nc4ccccc4[nH]3)cc2)CC1,1,CHEMBL5184301
CHEMBL5274086,COc1ccc2c3ccnc(C)c3n(CC3CC(c4ccccc4)=NO3)c2c1,1,CHEMBL5274086
CHEMBL5280639,COc1ccc([C@@H]2c3[nH]c4ccccc4c3C[C@@H]3C(=O)N(CCC4CCN(Cc5ccccc5)CC4)CC(=O)N23)cc1,0,CHEMBL5280639
CHEMBL5269148,Cn1c2c(c3ccccc31)CC[N+](c1ccc(Br)cc1Br)=C2,1,CHEMBL5269148
CHEMBL5274016,COc1ccccc1NCC1CCN(Cc2ccccc2)CC1,0,CHEMBL5274016
CHEMBL5278429,COc1ccc(-c2oc3cc(OC)c(I)cc3c(=O)c2O)cc1,0,CHEMBL5278429
CHEMBL5268805,O=c1c(/C=N/Nc2ccc(C(F)(F)F)cc2)coc2cc3oc(-c4cccc(Cl)c4)cc3cc12,1,CHEMBL5268805
CHEMBL107541,Cc1ccccc1COc1ccc2c(C)c(C)c(=O)oc2c1,1,CHEMBL107541
CHEMBL5424787,CCN(CC)C(=O)c1ccc2c(c1)nc(Cc1ccc(OC(=O)N(C)C)cc1)n2CCC(C)C,1,CHEMBL5424787
CHEMBL5273380,O=c1c(/C=N/Nc2ccc(C(F)(F)F)cc2)coc2c1ccc1oc(-c3cccc(F)c3)cc12,1,CHEMBL5273380
CHEMBL5409352,O=c1cc(-c2ccc(O)cc2)oc2cccc(OCc3ccccc3)c12,0,CHEMBL5409352
CHEMBL5219958,CC(C)c1ccc(COc2ccc3[nH]c(=O)oc(=O)c3c2)cc1,1,CHEMBL5219958
CHEMBL5566339,CCCCCCCCCCCC1=C(O)C(=O)C=C(NCCC2CCN(Cc3ccccc3)CC2)C1=O,0,CHEMBL5566339
CHEMBL4587025,COc1ccc(-c2nc(NC(=O)C3CCN(Cc4ccccc4C#N)CC3)sc2-c2ccc(OC)cc2)cc1,1,CHEMBL4587025
CHEMBL5647542,COc1ccc(-c2cc(-c3ccccc3)nc3[nH]nc(N)c23)cc1OC,1,CHEMBL5647542
CHEMBL5633969,O=C(/C=C/Nc1ccccc1O)c1cc2ccccc2o1,0,CHEMBL5633969
CHEMBL5632642,CCOC(=O)c1ccc(N/C=C/C(=O)c2cc3ccccc3o2)cc1,1,CHEMBL5632642
CHEMBL3604199,CN(C)c1ccc(C(=O)NCCCCCCCCCNc2c3c(nc4ccccc24)CCCC3)cc1,0,CHEMBL3604199
CHEMBL4285481,CCOC(=O)c1sc(-c2ccnc(NC(=O)C3CC3)c2)nc1OCCNc1c2c(nc3ccccc13)CCCC2,0,CHEMBL4285481
CHEMBL5191506,COc1ccc2nc3c(c(N)c2c1)C1CC=CC(C3)C1,1,CHEMBL5191506
CHEMBL5200462,O=c1cc(/N=N/N=P(CCP(=N/N=N/c2cc(=O)oc3ccccc23)(c2ccccc2)c2ccccc2)(c2ccccc2)c2ccccc2)c2ccccc2o1,0,CHEMBL5200462
CHEMBL4636736,COc1c2c(cc3c1OCO3)[C@]13C=C[C@H](OC)C[C@@H]1[N@](C2)C[C@H]3OC(=O)c1ccc2ccccc2c1,1,CHEMBL4636736
CHEMBL274030,Cc1c(C)c2ccc(OCc3ccc(Cl)cc3)cc2oc1=O,1,CHEMBL274030
CHEMBL320251,Cc1c(C)c2ccc(OCc3cccc(N)c3)cc2oc1=O,1,CHEMBL320251
CHEMBL5219350,CCN1/C(=C/C(C)=O)Sc2ccc(OC(=O)OCCOCCNC(=O)c3cc4c(OC(=O)N(C)C)cccc4[n+](C)c3)cc21,0,CHEMBL5219350
CHEMBL1814729,O=C(NCCNc1c2c(nc3ccccc13)CCCC2)c1ccc(F)cc1,0,CHEMBL1814729
CHEMBL1814730,O=C(NCCCNc1c2c(nc3ccccc13)CCCC2)c1ccc(F)cc1,0,CHEMBL1814730
CHEMBL5799857,Nc1cc(OCCF)c(C(=O)CCC2CCN(CC3CCCCC3)CC2)cc1Cl,0,CHEMBL5799857
CHEMBL293842,COc1ccc2c(c1)-c1nc3ccccc3c(N)c1C2,1,CHEMBL293842
CHEMBL5220375,CN(CCCOc1ccc2ccc(=O)oc2c1)Cc1cccc(OC(=O)NC2CCCCC2)c1,0,CHEMBL5220375
CHEMBL3919972,CC1=C(C(=O)OC(C)C)C(c2ccccc2Cl)c2c(nc3c(c2N)CC(C)(C)CC3)N1,1,CHEMBL3919972
CHEMBL3896153,C=CCOC(=O)C1=C(C)Nc2nc3c(c(N)c2C1c1cccc(F)c1)CC(C)(C)CC3,1,CHEMBL3896153
CHEMBL4458033,C=C[C@H]1COC(=O)C2=CN3CCc4c([nH]c5cccc(O[C@@H]6O[C@H](CO)[C@@H](O)[C@H](O)[C@H]6O)c45)[C@@H]3C[C@H]21,1,CHEMBL4458033
CHEMBL5280980,C[n+]1ccc2c3ccccc3n(CCc3ccccc3)c2c1,0,CHEMBL5280980
CHEMBL5220560,CCC(C)(C)NCC(O)c1cc(O)cc(OC(=O)N(C)C)c1,1,CHEMBL5220560
CHEMBL1788298,C#CCN[C@@H]1CCc2ccc(OC(=O)N(C)C)cc21,1,CHEMBL1788298
CHEMBL142816,CCC1=CC2Cc3nc4ccc(Cl)cc4c(N)c3C(C1)C2,0,CHEMBL142816
CHEMBL3754778,COc1cccc2cc(CN(CCCCCCNc3c4c(nc5ccccc35)CCCCC4)Cc3cc4cccc(OC)c4o3)oc12,1,CHEMBL3754778
CHEMBL4465315,O=C1N/C(=N\c2ccc3oc(=O)ccc3c2)S/C1=C/c1ccc(Cl)cc1,0,CHEMBL4465315
CHEMBL4519129,O=C1N/C(=N\c2ccc3oc(=O)ccc3c2)S/C1=C/c1ccc(Br)cc1,0,CHEMBL4519129
CHEMBL4293179,CCN1CCN(C(=O)COc2ccc(-c3ccccc3)cc2)CC1,1,CHEMBL4293179
CHEMBL4285972,CN1CCN(C2CCN(C(=O)COc3ccc(-c4ccccc4)cc3)CC2)CC1,1,CHEMBL4285972
CHEMBL4291400,CCN1CCN(C2CCN(C(=O)COc3ccc(I)cc3)CC2)CC1,1,CHEMBL4291400
CHEMBL4289086,O=C(COc1ccc(I)cc1)NCCCN1CCCCC1,1,CHEMBL4289086
CHEMBL4283139,COc1ccc(-c2ccc(OCC(=O)NCCCN3CCN(C)CC3)cc2)cc1,1,CHEMBL4283139
CHEMBL4287340,CCN1CCN(C2CCN(C(=O)COc3ccc4c(c3)CCC4=O)CC2)CC1,1,CHEMBL4287340
CHEMBL4868234,COc1cc(/C=C/C(=O)N2CCN(Cc3cccc(Cl)c3)CC2)ccc1O,1,CHEMBL4868234
CHEMBL4787451,CCN(C)C(=O)Oc1ccc(-c2cc(=O)c3c(OC(=O)N(C)CC)cc(OC(=O)N(C)CC)cc3o2)cc1,1,CHEMBL4787451
CHEMBL5436875,COC(=O)/C=C/C(=O)Nc1cccc(OCCCCSC(=S)N2CCCCC2)c1,0,CHEMBL5436875
CHEMBL4764279,Oc1ccccc1-c1nnc(Nc2ncccn2)o1,1,CHEMBL4764279
CHEMBL4760940,c1cnc(Nc2nnc(-c3cccc4ccccc34)o2)nc1,0,CHEMBL4760940
CHEMBL4791726,Clc1ccc(-c2nnc(Nc3ncccn3)o2)cc1,1,CHEMBL4791726
CHEMBL4752521,CCOC(=O)c1c(C)nc(N2CCN(S(=O)(=O)c3ccc(NC(C)=O)c(F)c3)CC2)nc1-c1ccccc1,0,CHEMBL4752521
CHEMBL4792354,CCOC(=O)c1c(C)nc(N2CCN(S(=O)(=O)c3ccc(N)c(F)c3)CC2)nc1-c1ccc(OC)c(OC)c1,0,CHEMBL4792354
CHEMBL5425561,COc1cc2c(cc1OC)-c1c(-c3ccc(Cl)cc3)c(/C=N/c3ccc(/N=C/c4cn5c(c4-c4ccc(Cl)cc4)-c4cc(OC)c(OC)cc4CC5)cc3)cn1CC2,1,CHEMBL5425561
CHEMBL4799350,COc1cc(/C=C/C(=O)NCC(=O)Nc2cccc(F)c2)ccc1O,1,CHEMBL4799350
CHEMBL4781376,COc1cc(/C=C/C(=O)N2CCN(c3ccc(C)cc3)CC2)ccc1O,1,CHEMBL4781376
CHEMBL4797900,OCC1CCN(C2Cc3ccccc3C2)CC1,1,CHEMBL4797900
CHEMBL5284423,COc1ccc2cc([C@H](C)C(=O)N/N=C3\c4cc(OC)c(OC)cc4CC3CC3CCN(Cc4ccccc4)CC3)ccc2c1,0,CHEMBL5284423
CHEMBL4538398,COc1ccc2nc3c(c(NCCNC(=O)[C@@H](N)Cc4c[nH]c5ccccc45)c2c1)CCCC3,1,CHEMBL4538398
CHEMBL5219098,O=c1c(NCCCCCCCc2c3c(nc4ccccc24)CCCC3)c(NCCCCCCCc2c3c(nc4ccccc24)CCCC3)c1=O,0,CHEMBL5219098
CHEMBL5219483,Cc1c(Cl)c(=O)oc2cc(OCCCCSC(=S)N3C(C)CCCC3C)ccc12,0,CHEMBL5219483
CHEMBL4744191,COc1cccc(-c2nnc(N3CCN(c4ccccn4)CC3)o2)c1OC,1,CHEMBL4744191
CHEMBL4853742,CCOC(=O)/C(=N\Nc1ccccc1)C(=O)C(F)(F)F,1,CHEMBL4853742
CHEMBL4558495,FC12CC3CC(NCCCCCNc4c5c(nc6cc(Cl)ccc46)CCCC5)(CC(C1)c1ccccc13)C2,0,CHEMBL4558495
CHEMBL5181051,CCC1C/C(=C\c2cc(OC)c(OC)c(OC)c2Br)C(=O)c2ccccc21,0,CHEMBL5181051
CHEMBL4640168,COc1c2c(cc3c1OCO3)[C@]13C=C[C@H](OC)C[C@@H]1[N@](C2)C[C@H]3OC(=O)c1cccc(C)c1,1,CHEMBL4640168
CHEMBL4644286,CCC(=O)O[C@@H]1C[N@@]2Cc3c(cc4c(c3OC)OCO4)[C@@]13C=C[C@H](OC)C[C@H]23,1,CHEMBL4644286
CHEMBL5416407,COc1ccc(OC)c(NC2=C([N+](=O)[O-])C3(NN2)C(=O)Nc2ccc([N+](=O)[O-])cc23)c1,1,CHEMBL5416407
CHEMBL3416654,COc1ccc(/C=C2\Oc3cc(OCCN4CCCCC4)ccc3C2=O)cc1,0,CHEMBL3416654
CHEMBL4435826,COc1cccc(CNC2CCN(Cc3ccccc3)CC2)c1OC,1,CHEMBL4435826
CHEMBL4440283,COc1cc(/C=N/C2CCN(Cc3ccccc3)CC2)cc(OC)c1OC,1,CHEMBL4440283
CHEMBL2236142,Cc1ccc2cc(C3CC(c4cc(Cl)sc4Cl)=NN3)c(Cl)nc2c1,0,CHEMBL2236142
CHEMBL4863615,CC1=CC2Cc3nc4cc(Cl)ccc4c(NCCCCCCCCC(=O)Nc4cn[nH]c4)c3C(C1)C2,0,CHEMBL4863615
CHEMBL318517,CN(C)Cc1ccc(CSCCNc2cc(NCCCN3CCOCC3)c([N+](=O)[O-])cc2[N+](=O)[O-])o1,0,CHEMBL318517
CHEMBL508781,COc1cc2c3cc1Oc1c(O)c(OC)cc4c1[C@H](Cc1ccc(cc1)Oc1cc(ccc1O)C[C@H]3N(C)CC2)N(C)CC4,1,CHEMBL508781
CHEMBL4776843,O=C(CN1CCC2c3ccccc3NC2C1)Oc1ccc(/C=C2\CCn3c2nc2ccccc2c3=O)cc1,0,CHEMBL4776843
CHEMBL422860,CN(C)C(=O)Oc1ccc2c(c1)C(N)CCC2,1,CHEMBL422860
CHEMBL4800161,COc1cc(/C=N/NC(=O)N2CCN(c3ccccn3)CC2)cc(OC)c1OC,1,CHEMBL4800161
CHEMBL4785480,CC(C)c1ccc(NC(=O)OCC2CCCN(C3Cc4ccccc4C3)C2)cc1,1,CHEMBL4785480
CHEMBL5189796,Nc1n[nH]c2nc(-c3ccccc3)cc(-c3ccccc3)c12,1,CHEMBL5189796
CHEMBL4454571,Oc1ccc(/C=N/C2CCN(Cc3ccccc3)CC2)cc1,1,CHEMBL4454571
CHEMBL4556664,COc1cc(O)c(C(C)=O)c(-c2c(C)cc(O)c3oc4c(O)cc(C)c(-c5cc(OC)cc(O)c5C(=O)O)c4c23)c1,1,CHEMBL4556664
CHEMBL5555683,O=C(Cn1nc(-c2ccccc2)c(-c2ccccc2)nc1=O)Nc1ccc(Br)cc1,0,CHEMBL5555683
CHEMBL5532467,O=C(Cn1nc(-c2ccccc2)c(-c2ccccc2)nc1=O)Nc1ccccc1O,0,CHEMBL5532467
CHEMBL6145098,C=CCc1ccc(O)c(-c2cc(CC=C)cc(-c3cc(CC=C)ccc3O)c2O[C@@H]2C[C@@H](C(C)C)C=C[C@]2(C)O)c1,1,CHEMBL6145098
CHEMBL4757466,O=C(CCN1CCC2c3ccccc3NC2C1)Nc1ccc(/C=C2\CCn3c2nc2ccccc2c3=O)cc1,0,CHEMBL4757466
CHEMBL4756828,O=C(N/N=C/c1ccc(O)cc1O)N1CCN(c2ccccn2)CC1,1,CHEMBL4756828
CHEMBL4746559,c1ccc(-c2nnc(N3CCN(c4ccccn4)CC3)o2)cc1,0,CHEMBL4746559
CHEMBL4746180,Oc1ccc(-c2nnc(N3CCN(c4ccccn4)CC3)o2)cc1,1,CHEMBL4746180
CHEMBL5647316,O=c1[nH]c(COCCC2CCN(Cc3ccccc3)CC2)nc2c1cnn2C1CCCC1,0,CHEMBL5647316
CHEMBL399515,C=CCN1CC[C@@]23C=C[C@H](O)C[C@@H]2Oc2c(OC)ccc(c23)C1,0,CHEMBL399515
CHEMBL2377874,Clc1ccc(-c2nnc3sc(-c4ccoc4)nn23)cc1,1,CHEMBL2377874
CHEMBL6164067,CC1=CC(=O)[C@](C)(O)C(=O)/C1=C\Nc1ccc(Oc2cccc(F)c2)cc1,1,CHEMBL6164067
CHEMBL6145132,COc1cc2c(cc1OCCCCCC1CCSS1)CC(CC1CCN(Cc3ccccc3)CC1)C2=O,0,CHEMBL6145132
CHEMBL104553,c1ccc2c[n+](CCCCCCCCC[n+]3ccc4ccccc4c3)ccc2c1,0,CHEMBL104553
CHEMBL5945921,CCCCN1CCC(CCC(=O)c2cc(Br)ccc2OC)CC1,0,CHEMBL5945921
CHEMBL5760715,CCCCN1CCC(CCC(=O)c2ccc(N)cc2OC)CC1,0,CHEMBL5760715
CHEMBL5905385,COc1cc(N)c(Br)cc1C(=O)CCC1CCN(CC2CCCCC2)CC1,0,CHEMBL5905385
CHEMBL519926,COc1ccc([C@H]2OC[C@H]3[C@@H]2CO[C@@H]3c2cc(OC)c(OC)c(OC)c2)cc1OC,0,CHEMBL519926
CHEMBL4583650,O=C(Nc1ccc(-c2cn(CCNc3c4c(nc5ccccc35)CCCC4)nn2)cn1)Nc1cccc2c1C1CCCCN1C2=O,0,CHEMBL4583650
CHEMBL4443989,O=C(Nc1cc(-c2cn(CCNc3c4c(nc5ccccc35)CCCC4)nn2)ccn1)Nc1cccc2c1[C@H]1CCCCN1C2=O,0,CHEMBL4443989
CHEMBL4780172,CN1C[C@@H](c2ccc(Cl)cc2Cl)[C@@]2(CSc3ccccc3C2=O)C12C(=O)c1ccccc1C2=O,1,CHEMBL4780172
CHEMBL212162,Cc1cc2c(cc1CN1CCN(C(c3ccc(F)cc3)c3ccc(F)cc3)CC1)OCO2,1,CHEMBL212162
CHEMBL212111,CC1=C(CCN2CCN(C(c3ccc(F)cc3)c3ccc(F)cc3)CC2)C(=O)C2CCCCC2=N1,1,CHEMBL212111
CHEMBL211520,Fc1ccc(C(c2ccc(F)cc2)N2CCN(CCN3CCCCC3)CC2)cc1,0,CHEMBL211520
CHEMBL4462369,O=C(CCCCNc1c2c(nc3cc(Cl)ccc13)CCCC2)NC12CC3CC(F)(CC(C1)c1ccccc13)C2,0,CHEMBL4462369
CHEMBL3764488,N#CC1=C(N)N2CCCNC2=C([N+](=O)[O-])C12C(=O)c1ccc(Br)c3c(Br)ccc2c13,1,CHEMBL3764488
CHEMBL5183251,CCCCN(CCC1CCCCCC1)Cc1cc2ccccc2cc1O,1,CHEMBL5183251
CHEMBL5190129,CCCCN(CCC1CCCCCC1)Cc1ccc(OC(=O)N(C)C)c2ccccc12,0,CHEMBL5190129
CHEMBL5278858,O=c1c(O)c(-c2ccccc2)oc2cc(Br)c(I)cc12,1,CHEMBL5278858
CHEMBL3416657,COc1cc(/C=C2\Oc3cc(OCCN4CCCC4)ccc3C2=O)cc(OC)c1OC,0,CHEMBL3416657
CHEMBL5289604,COc1cc2c(cc1OC)/C(=N\NC(=O)c1ccccc1OC(C)=O)C(CC1CCN(Cc3ccccc3)CC1)C2,0,CHEMBL5289604
CHEMBL5219522,Cc1c(Cl)c(=O)oc2cc(OCCCCSC(=S)N3CCCCC3C)ccc12,0,CHEMBL5219522
CHEMBL4282502,C[C@@H]1C[C@H]2CC(=O)[C@H]3CCC[N+]4([O-])CCC[C@@H]2[C@]34C1,1,CHEMBL4282502
CHEMBL5278087,Cc1ccc(-c2noc(-c3cccc(OCC4CCN(Cc5cccc(F)c5)CC4)c3)n2)cn1,0,CHEMBL5278087
CHEMBL5436261,COc1ccc2sc3c(N)ccc(NCC[C@@H]4CCCN5CCCC[C@H]45)c3c(=O)c2c1,1,CHEMBL5436261
CHEMBL4632770,O=[N+]([O-])C1C(Cc2c[nH]cn2)NC2(c3ccccc3-c3nc4ccccc4nc32)C1c1ccccc1,1,CHEMBL4632770
CHEMBL5279409,O=C1Cc2cc(N3C(=O)c4ccccc4C3=O)ccc2CN1C(=O)c1ccccc1,0,CHEMBL5279409
CHEMBL5269238,COc1cc(/C=C/c2nnc(-c3ccc(F)cc3)o2)ccc1O,0,CHEMBL5269238
CHEMBL5282833,O=c1c(O)c(-c2ccc(F)cc2)oc2cc(F)c(I)cc12,0,CHEMBL5282833
CHEMBL5271644,COc1ccc2c(c1)c(C=O)cn2CCCCCCCCN(C)Cc1cccc(O)c1,1,CHEMBL5271644
CHEMBL5283851,COc1ccc2c(c1)c(C=O)cn2CCCCCCCCCCN(C)Cc1cccc(O)c1,1,CHEMBL5283851
CHEMBL5272912,COc1ccc2c(c1)c(C=O)cn2CCCCCCCCCCCCN(C)Cc1cccc(O)c1,1,CHEMBL5272912
CHEMBL5281699,CN1CCc2c(c3ccccc3n2Cc2ccccc2C(=O)NCCO[N+](=O)[O-])C1,1,CHEMBL5281699
CHEMBL5416128,COc1cc(O)c2c(c1)C[C@H]1NCCc3cc4c(c-2c31)OCO4,1,CHEMBL5416128
CHEMBL448891,COc1cc2c(cc1OC)[C@@H]1Cc3ccc(O)c(OC)c3CN1CC2,1,CHEMBL448891
CHEMBL5425587,COc1cc2c(c(O)c1OC)CC[n+]1cc3c(OC)c(O)ccc3cc1-2,1,CHEMBL5425587
CHEMBL5273978,Cc1cccc(C(=O)N2Cc3ccc(N4C(=O)c5ccccc5C4=O)cc3CC2=O)c1,0,CHEMBL5273978
CHEMBL5417185,COc1cccc(CN(CCCCc2ccccc2)CCCC(C)C)c1OCc1ccccc1,1,CHEMBL5417185
CHEMBL4587156,FC(F)(F)Oc1ccc(CNC2CCN(Cc3ccccc3)CC2)cc1,0,CHEMBL4587156
CHEMBL4443013,Oc1ccc(CNC2CCN(Cc3ccccc3)CC2)c(O)c1,1,CHEMBL4443013
CHEMBL2022933,C#CCN1CCc2nc3nc(N4CCCC4)c(C#N)cc3c(N)c2C1,0,CHEMBL2022933
CHEMBL5199361,CN1CCN(c2c3c(nc4ccc([N+](=O)[O-])cc24)CCCC3)CC1,0,CHEMBL5199361
CHEMBL5175815,Cc1ccc2nc3c(c(NCCCl)c2c1)CCCC3,0,CHEMBL5175815
CHEMBL5196199,COc1ccc(CCc2cc(=O)c3c(o2)[C@H]2O[C@H]2[C@@H](O)[C@H]3OC)cc1O,1,CHEMBL5196199
CHEMBL4635134,CNC(=O)c1cc(C(=O)NC2CC2)cn(Cc2ccccc2)c1=O,1,CHEMBL4635134
CHEMBL5647393,COc1ccc(-c2cc(-c3ccc(OC)c(OC)c3)c3c(N)n[nH]c3n2)cc1,0,CHEMBL5647393
CHEMBL4287962,COc1ccc(NC(=O)c2coc3ccc(/C=C/C(=O)O)cc3c2=O)cc1,1,CHEMBL4287962
CHEMBL4796014,Cc1cc(/C=N/O)c(O)c(CNc2ccc(-n3cccn3)cc2)c1,1,CHEMBL4796014
CHEMBL5550021,Cc1ccccc1NC(=O)Cn1nc(-c2ccccc2)c(-c2ccccc2)nc1=O,0,CHEMBL5550021
CHEMBL5557719,O=C(Cn1nc(-c2ccccc2)c(-c2ccccc2)nc1=O)Nc1ccc(F)cc1F,1,CHEMBL5557719
CHEMBL5505847,O=C(Cn1nc(-c2ccccc2)c(-c2ccccc2)nc1=O)Nc1ccc([N+](=O)[O-])cc1,1,CHEMBL5505847
CHEMBL5532603,O=C(Cn1nc(-c2ccccc2)c(-c2ccccc2)nc1=O)Nc1ccccc1Cl,0,CHEMBL5532603
CHEMBL5276273,CN(C)CCNC(=O)COc1cc(O)c2c(=O)c(-c3ccc(O)cc3)coc2c1,1,CHEMBL5276273
CHEMBL4800328,COc1cccc2cc[n+](-c3ccc(C)cc3)cc12,1,CHEMBL4800328
CHEMBL3899601,COc1cccc2c1C=[N+](c1cccc(Cl)c1)CC2,1,CHEMBL3899601
CHEMBL3889812,COc1cccc2c1C=[N+](c1ccccc1Br)CC2,1,CHEMBL3889812
CHEMBL4789019,COc1cccc2cc[n+](-c3ccc(Br)cc3)cc12,0,CHEMBL4789019
CHEMBL6173475,Cc1ccc(/C=C/C(=O)c2ccccc2N)cn1,1,CHEMBL6173475
CHEMBL5755069,Nc1cc(O)c(C(=O)CCC2CCN(CC3CCCCC3)CC2)cc1Cl,0,CHEMBL5755069
CHEMBL6189950,Cc1ccc(S(=O)(=O)NCCCCNc2c3c(nc4ccccc24)CCCC3)cc1,0,CHEMBL6189950
CHEMBL5401121,CCN(CCc1ccc(O)cc1)Cc1cccc(OC)c1OCc1ccccc1,1,CHEMBL5401121
CHEMBL5414976,C=CCN(CCc1cccc(OC)c1)Cc1cccc(OC)c1OCc1ccccc1,1,CHEMBL5414976
CHEMBL5399726,C=CCN(CCCc1ccccc1)Cc1cccc(OC)c1OCc1ccccc1,1,CHEMBL5399726
CHEMBL5396049,CCCN(CCCc1ccccc1)Cc1cccc(OC)c1OCc1ccccc1,1,CHEMBL5396049
CHEMBL5420247,CCCN(CCCc1ccc(F)cc1)Cc1cccc(OC)c1OCc1ccccc1,1,CHEMBL5420247
CHEMBL4742248,O=C(CCCN1CCC2c3ccccc3NC2C1)Oc1ccc(/C=C2\CCn3c2nc2ccccc2c3=O)cc1,0,CHEMBL4742248
CHEMBL4745328,COc1ccc2cc3[n+](cc2c1OCc1ccc([N+](=O)[O-])cc1)CCc1cc2c(cc1-3)OCO2,0,CHEMBL4745328
CHEMBL4759227,COc1ccc2cc3[n+](cc2c1OCc1cccc([N+](=O)[O-])c1)CCc1cc2c(cc1-3)OCO2,1,CHEMBL4759227
CHEMBL4753534,COc1ccc2cc3[n+](cc2c1OCc1cccc(Cl)c1)CCc1cc2c(cc1-3)OCO2,1,CHEMBL4753534
CHEMBL5435795,O=Cc1ccc2n1CCc1cc(O)c(O)cc1C2,1,CHEMBL5435795
CHEMBL5092058,Cc1cn([C@H](C)CC#N)c(=O)c2cc(Cn3nc(C(F)F)cc3Cl)nn12,1,CHEMBL5092058
CHEMBL4851290,COc1cccc(CN2CCN(C(=O)/C=C/c3ccc(O)c(OC)c3)CC2)c1,1,CHEMBL4851290
CHEMBL4782186,CCN(C)C(=O)OC1CCCN(Cc2ccccc2)C1,1,CHEMBL4782186
CHEMBL4800026,CC(C)c1ccc(NC(=O)OC2CCCN(Cc3ccccc3)C2)cc1,1,CHEMBL4800026
CHEMBL4800467,CCN(C)C(=O)OCC1CCN(C2Cc3ccccc3C2)CC1,1,CHEMBL4800467
CHEMBL4777039,C#CCN1CCC(COC(=O)N(C)CC)CC1,1,CHEMBL4777039
CHEMBL357207,CCC1=CC2Cc3nc4cc(Cl)cc(Cl)c4c(N)c3C(C1)C2,0,CHEMBL357207
CHEMBL4536715,Oc1ccc(/C=N/c2c3c(nc4ccccc24)CCCC3)cc1O,0,CHEMBL4536715
CHEMBL321605,CN(C)Cc1ccc(CSCCNc2cc(NN)c([N+](=O)[O-])cc2[N+](=O)[O-])o1,0,CHEMBL321605
CHEMBL5193255,COc1ccc(C(=O)Cc2ncc(C(=O)N(C)CCCOc3ccc(OC)c(OC)c3)cn2)cc1,1,CHEMBL5193255
CHEMBL5186394,COc1ccc(C(=O)Cc2ncc(C(=O)N(C)CCCOc3c(F)c(F)c(F)c(F)c3F)cn2)cc1,1,CHEMBL5186394
CHEMBL5171010,CCOc1ccc(C(=O)Cc2ncc(C(=O)N(C)CCCOc3ccc([N+](=O)[O-])cc3)cn2)cc1,1,CHEMBL5171010
CHEMBL5185843,COc1ccc(C(=O)Cc2ncc(C(=O)NC3CCN(Cc4ccccc4)CC3)cn2)cc1,1,CHEMBL5185843
CHEMBL5219563,C/C=C1\CN2CCc3c([nH]c4ccccc34)[C@@H]2C[C@@H]1/C(=C\OC)C(=O)OC,1,CHEMBL5219563
CHEMBL5277364,COc1cc2c(cc1OC)/C(=N\NC(=O)C(CC(C)C)NC(=O)C(C)c1ccc(CC(C)C)cc1)C(CC1CCN(Cc3ccccc3)CC1)C2,0,CHEMBL5277364
CHEMBL5431310,CC(=O)n1c2c(c3ccccc31)Oc1nc(C)[nH]c(=O)c1C2c1ccc([N+](=O)[O-])cc1,1,CHEMBL5431310
CHEMBL4569343,CC[C@@H](CN1CCCC1=O)C(=O)NCCCCCCCNc1c2c(nc3cc(Cl)ccc13)C[C@H]1C=C(C)C[C@@H]2C1,0,CHEMBL4569343
CHEMBL544398,CN(C)C(=O)Oc1cccc2c1CCC2N(C)C,0,CHEMBL544398
CHEMBL5406712,CC(=O)n1c2c(c3ccccc31)Oc1nc(C)[nH]c(=O)c1C2c1ccccc1,1,CHEMBL5406712
CHEMBL4173961,O=C1CCCC2=C1C(c1ccc(OCc3cccc(F)c3)c(Br)c1)C1=C(CCCC1=O)N2,1,CHEMBL4173961
CHEMBL5563417,CN(CCc1cccs1)Cc1ccc(COc2ccc3c(CO)cc(=O)oc3c2)cc1,1,CHEMBL5563417
CHEMBL510508,Oc1cc(O)cc(Oc2c(O)cc(O)c3c2Oc2c(O)cc4oc5c(Oc6cc(O)cc(O)c6)c(O)cc(O)c5c4c2O3)c1,1,CHEMBL510508
CHEMBL5185552,CCN1CCN(CCC(=O)Nc2nc3c(C)cccc3s2)CC1,1,CHEMBL5185552
CHEMBL5192987,CCCCN1CCN(CCC(=O)Nc2nc3c(C)cccc3s2)CC1,1,CHEMBL5192987
CHEMBL5192784,CCCCCCN1CCN(CCC(=O)Nc2nc3c(C)cccc3s2)CC1,1,CHEMBL5192784
CHEMBL5077234,COc1cc(CCCCCCCCNc2c3c(nc4cc(Cl)ccc24)CCCC3)cc(OC)c1,0,CHEMBL5077234
CHEMBL5178466,Cc1ccccc1N1CCN(CCC(=O)Nc2nc3c(C)cccc3s2)CC1,1,CHEMBL5178466
CHEMBL5172256,Cc1cccc2sc(NC(=O)CCN3CCN(Cc4ccc(C(C)(C)C)cc4)CC3)nc12,1,CHEMBL5172256
CHEMBL5203777,Cc1cccc2sc(NC(=O)CCN3CCN(C4CCCCC4)CC3)nc12,1,CHEMBL5203777
CHEMBL5083014,Cc1c(C)c2ccc(OCC3CCCN(Cc4cccc(F)c4)C3)cc2oc1=O,1,CHEMBL5083014
CHEMBL5081663,CCN(CCCOc1ccc2c(C)c(C)c(=O)oc2c1)Cc1cccc(F)c1,1,CHEMBL5081663
CHEMBL5083737,Cc1c(C)c2ccc(OCc3cccc(CN(C)CCCC(F)F)c3)cc2oc1=O,1,CHEMBL5083737
CHEMBL4753347,NC(=O)c1sc(-c2ccnc(NC(=O)CNCCNc3c4c(nc5ccccc35)CCCC4)c2)nc1OCC1CC1,0,CHEMBL4753347
CHEMBL4756997,CNC(=O)c1sc(-c2ccnc(NC(=O)CNCCCCNc3c4c(nc5ccccc35)CCCC4)c2)nc1OCC1CC1,0,CHEMBL4756997
CHEMBL4448634,O=C(Cc1c[nH]c2ccccc12)NCc1cn(CC2CCN(Cc3ccccc3)CC2)nn1,1,CHEMBL4448634
CHEMBL4574766,O=C1c2ccccc2C(=O)N1Cc1cn(CC2CCN(Cc3ccccc3)CC2)nn1,1,CHEMBL4574766
CHEMBL5407369,CN(CCC1CCCCCC1)Cc1c[nH]c2c(OC(=O)N3CCOCC3)cccc12,1,CHEMBL5407369
CHEMBL4583534,FC(F)(F)c1ccc(CNC2CCN(Cc3ccccc3)CC2)cc1,0,CHEMBL4583534
CHEMBL4566242,Cc1cccc(/C=N/C2CCN(Cc3ccccc3)CC2)c1,1,CHEMBL4566242
CHEMBL241960,CCN(CCCCCCNC1=CC(=O)C(NCCCCCCN(CC)Cc2ccncc2)=CC1=O)Cc1ccncc1,0,CHEMBL241960
CHEMBL243274,CCN(CCCCCCNC1=CC(=O)C(NCCCCCCN(CC)Cc2ccccc2C)=CC1=O)Cc1ccccc1C,0,CHEMBL243274
CHEMBL218443,CCN(CCCCCCNC1=CC(=O)C(NCCCCCCN(CC)Cc2ccccc2)=CC1=O)Cc1ccccc1,0,CHEMBL218443
CHEMBL243273,CCN(CCCCCCCNC1=CC(=O)C(NCCCCCCCN(CC)Cc2ccccc2OC)=CC1=O)Cc1ccccc1OC,0,CHEMBL243273
CHEMBL230702,CCN(CCCCCNC1=CC(=O)C(NCCCCCN(CC)Cc2ccccc2OC)=CC1=O)Cc1ccccc1OC,0,CHEMBL230702
CHEMBL4571704,COc1cc(O)c2c(c1)C1=C(c3c(O)c(O)cc(C)c3-c3cc(OC)cc(O)c3C(=O)O)C(=O)C(O)=CC1(C)OC2=O,1,CHEMBL4571704
CHEMBL4556855,Oc1ccc(/C=N/C2CCN(Cc3ccccc3)CC2)c(O)c1,1,CHEMBL4556855
CHEMBL1712867,c1ccc(CN2CCc3[nH]c4ccccc4c3C2)cc1,1,CHEMBL1712867
CHEMBL4848411,O=C(CCn1c2ccccc2c2cnccc21)N1c2ccccc2Sc2ccccc21,1,CHEMBL4848411
CHEMBL5410177,COc1ccc(/C=C/c2nc(-c3ccc(OC)cc3)cs2)cc1,1,CHEMBL5410177
CHEMBL209863,Cc1nc2ccccn2c(=O)c1CCN1CCN(C(c2ccc(F)cc2)c2ccc(F)cc2)CC1,1,CHEMBL209863
CHEMBL427232,Fc1ccc(C(c2ccc(F)cc2)N2CCN(CCN3CCCC3)CC2)cc1,0,CHEMBL427232
CHEMBL380050,Fc1ccc(C(c2ccc(F)cc2)N2CCN(CCN3CCOCC3)CC2)cc1,0,CHEMBL380050
CHEMBL6161426,C#CCOc1c(CN2CCOCC2)cc(-c2cc(=O)c3ccccc3o2)cc1CN1CCOCC1,1,CHEMBL6161426
CHEMBL5178350,Cc1cc(Br)cc(C)c1OCC(=O)NCC1CCN(Cc2ccccc2)CC1,0,CHEMBL5178350
CHEMBL5175715,COc1ccc(OCC(=O)NCCN2CCN(Cc3ccccc3)CC2)cc1,0,CHEMBL5175715
CHEMBL5169781,O=C(COc1ccc(Cl)cc1)NCCN1CCN(Cc2ccccc2)CC1,0,CHEMBL5169781
CHEMBL5182185,CC(=O)N1N=C(c2ccc(-c3ccccc3)cc2)CC1c1ccc([N+](=O)[O-])cc1,1,CHEMBL5182185
CHEMBL5197832,CC(=O)N1N=C(c2ccc(-c3ccccc3)cc2)CC1c1ccc2ccccc2c1,0,CHEMBL5197832
CHEMBL5084379,COC(=O)c1c(CCCCCCCCNc2c3c(nc4ccc(OC)cc24)CCCC3)cccc1OC,1,CHEMBL5084379
CHEMBL5073819,Oc1cccc(CCCCCCCCNc2c3c(nc4ccccc24)CCCC3)c1,0,CHEMBL5073819
CHEMBL5633181,O=[N+]([O-])c1cccc(-c2cnc3cccnc3n2)c1,0,CHEMBL5633181
CHEMBL5209347,CCN(CC)Cc1ccc(/C=C2/Cc3cc(OC)ccc3C2=O)cc1,1,CHEMBL5209347
CHEMBL5421943,CCOP(=O)(OCC)C(Nc1ccc([N+](=O)[O-])cc1)c1ccc(OCc2nc3ccccc3c(=O)n2-c2ccc(F)cc2)c(OC)c1,1,CHEMBL5421943
CHEMBL5412970,CCOP(=O)(OCC)C(Nc1ccccc1C(C)=O)c1ccc(OCc2nc3ccccc3c(=O)n2-c2ccc(F)cc2)c(OC)c1,1,CHEMBL5412970
CHEMBL5420040,CCOP(=O)(OCC)C(Nc1cc(C)ccc1C)c1ccc(OCc2nc3ccccc3c(=O)n2-c2ccc(F)cc2)c(OC)c1,1,CHEMBL5420040
CHEMBL60596,C=CC[N+](C)(C)c1ccccc1O,1,CHEMBL60596
CHEMBL5090153,CN(Cc1ccc(COc2ccc3c(CO)cc(=O)oc3c2)cc1)Cc1cccc(F)c1,0,CHEMBL5090153
CHEMBL5083613,CN(Cc1ccccc1)Cc1ccc(COc2ccc3c(C(F)F)cc(=O)oc3c2)cc1,0,CHEMBL5083613
CHEMBL4762069,CCN(C)C(=O)Oc1ccc(-c2cc(=O)c3c(O)cc(OC(=O)N(C)CC)cc3o2)cc1,1,CHEMBL4762069
CHEMBL5186955,CCN(C)C(=O)Oc1ccc(C2CC(=O)c3c(OC(=O)N(C)CC)cc(OC(=O)N(C)CC)cc3O2)cc1,1,CHEMBL5186955
CHEMBL199454,COc1ccc2[nH]cc(CCNC(=O)CCCCCNc3c4c(nc5ccccc35)CCCC4)c2c1,0,CHEMBL199454
CHEMBL2448609,CCCCCCNC(=O)Oc1ccc2c(c1)[C@]1(C)CCN(CCC)C1C2,0,CHEMBL2448609
CHEMBL508791,Oc1cc(O)cc(Oc2c(O)cc(O)c3c2Oc2c(O)cc(Oc4c(O)cc(Oc5c(O)cc(O)c6c5Oc5c(O)cc(O)cc5O6)cc4O)cc2O3)c1,1,CHEMBL508791
CHEMBL4743436,COc1ccc2cc3[n+](cc2c1OCc1cccc(Br)c1)CCc1cc2c(cc1-3)OCO2,1,CHEMBL4743436
CHEMBL5208027,COc1ccccc1/C=C/C=C(\Br)S(=O)(=O)F,0,CHEMBL5208027
CHEMBL4869432,COc1ccc2c3c1O[C@H]1C[C@@H](O)C=C[C@@]31CCN(CCCCc1cn(CCCCC(=O)NCCc3c[nH]c4ccccc34)nn1)C2,0,CHEMBL4869432
CHEMBL5186051,COc1ccc(C(=O)Cc2ncc(C(=O)N(C)CCCOc3cccc(OC)c3)cn2)cc1,1,CHEMBL5186051
CHEMBL5199704,C#CCOc1cccc(-c2cc(-c3ccc(OCCN4CCOCC4)cc3)nc(C)n2)c1,0,CHEMBL5199704
CHEMBL5203325,O=C(COc1ccc(Cc2ccccc2)cc1)NCC1CCN(Cc2ccccc2)CC1,1,CHEMBL5203325
CHEMBL4104551,Nc1c2c(nc3c1C(c1cccc(F)c1)c1ccc4cccnc4c1O3)CCCC2,1,CHEMBL4104551
CHEMBL4787169,CNC(=O)c1sc(-c2ccnc(NC(=O)CNCCNc3c4c(nc5ccccc35)CCCC4)c2)nc1OC(C)C,0,CHEMBL4787169
CHEMBL4780560,COc1ccc2[nH]cc(CCCN3CCN(C(=O)CN4CCN(C(=O)c5cccc(Cl)c5)CC4)CC3)c2c1,1,CHEMBL4780560
CHEMBL5408201,O=C(NCCCNc1c2c(nc3cc(Cl)ccc13)CCCC2)c1nc2ccc([N+](=O)[O-])cc2s1,0,CHEMBL5408201
CHEMBL4645659,COc1ccc(CCC(=O)Nc2nc(-c3cc4ccccc4oc3=O)cs2)cc1OC,0,CHEMBL4645659
CHEMBL4159837,CO[C@@H]1C=C[C@@]23c4cc5c(cc4CN(CCc4ccccc4)[C@@H]2C(=O)N(C)[C@H]3C1)OCO5,1,CHEMBL4159837
CHEMBL521,CC(C)Cc1ccc(C(C)C(=O)O)cc1,1,CHEMBL521
CHEMBL4466307,N[C@@H](Cc1c[nH]c2ccccc12)C(=O)NCCCCCCCCNc1c2c(nc3cc(Cl)ccc13)CCCC2,0,CHEMBL4466307
CHEMBL5424767,CCOP(=O)(OCC)C(Nc1ccccc1C(F)(F)F)c1ccc(OCc2nc3ccccc3c(=O)n2-c2ccc(F)cc2)c(OC)c1,1,CHEMBL5424767
CHEMBL315385,C[N+]1(Cc2ccccc2)CCC(CCC(=O)c2ccc3c(c2)NCCCC3)CC1,0,CHEMBL315385
CHEMBL219063,COc1cc(C(=O)NCCCC(=O)NNc2c3c(nc4ccccc24)CCCC3)cc(OC)c1OC,0,CHEMBL219063
CHEMBL4435044,O=C1[C@H]2Cc3c([nH]c4ccccc34)[C@@H](c3ccc4c(c3)OCO4)N2C(=O)CN1CCC1CCN(Cc2ccccc2)CC1,0,CHEMBL4435044
CHEMBL5745896,Oc1cc(O)cc(Oc2c(O)cc(O)c3c2Oc2c(OCc4ccccc4)cc(O)cc2O3)c1,1,CHEMBL5745896
CHEMBL5991662,Oc1cc(O)cc(Oc2c(O)cc(O)c3c2Oc2c(OCc4ccccc4)cc(Oc4c(O)cc(Oc5c(O)cc(O)c6c5Oc5c(O)cc(O)cc5O6)cc4O)cc2O3)c1,1,CHEMBL5991662
CHEMBL208132,COc1cc2ccnc(C(O)c3ccccc3OC)c2cc1OC,1,CHEMBL208132
CHEMBL545334,C#CCNC1CCc2ccc(OC(=S)N(C)C)cc21,1,CHEMBL545334
CHEMBL4537886,O=c1ccc2cc(/N=C/c3ccccc3)ccc2o1,0,CHEMBL4537886
CHEMBL4449791,CSc1ccc(/C=C2/S/C(=N/c3ccc4oc(=O)ccc4c3)NC2=O)cc1,0,CHEMBL4449791
CHEMBL130666,CSc1nc(-c2ccc(Cl)cc2)nn1C(=O)N1CCCCC1,0,CHEMBL130666
CHEMBL3642043,CC(=O)NCCc1c[nH]c2ccc(OC(=O)NCCCCCCCNc3c4c(nc5cc(Cl)ccc35)CCCC4)cc12,0,CHEMBL3642043
CHEMBL4784649,COc1cccc2cc[n+](-c3cccc(C)c3)cc12,1,CHEMBL4784649
CHEMBL3986155,COc1cccc2c1C=[N+](c1ccc(Br)cc1)CC2,0,CHEMBL3986155
CHEMBL3906317,COc1cccc2c1C=[N+](c1ccccc1C(F)(F)F)CC2,1,CHEMBL3906317
CHEMBL5399453,Cc1cc(/C=N/O)c(O)c(CN2CCN(c3ccccc3Cl)CC2)c1,1,CHEMBL5399453
CHEMBL556147,CNC1CCc2cccc(OC(=O)N(C)C)c21,0,CHEMBL556147
CHEMBL187603,COc1cc2c(cc1OC)SC(C(=O)CC(O)C1CC[N+](C)(Cc3ccccc3)CC1)C2,0,CHEMBL187603
CHEMBL205967,CCNC(=O)Oc1ccc2c(c1)[C@]1(C)CO[C@@H](C1)O2,1,CHEMBL205967
CHEMBL6078099,Cc1ccc(C(=O)c2coc3ccc(OCC(=O)Nc4ccccc4)cc23)cc1,1,CHEMBL6078099
CHEMBL6141735,Cc1ccc(NC(=O)COc2ccc3occ(C(=O)c4ccc(C)cc4)c3c2)cc1,1,CHEMBL6141735
CHEMBL6173562,C#CCOc1ccc(-c2cc(=O)c3ccccc3o2)cc1CN1CCOCC1,1,CHEMBL6173562
CHEMBL6150852,C[C@@H]1CC[C@]2(C(=O)O)CC[C@]3(C)C(=CC[C@@H]4[C@@]5(C)C[C@@H](OC(=O)c6ccc(Cl)cc6)[C@H](OC(=O)c6ccc(Cl)cc6)[C@@](C)(COC(=O)c6ccc(Cl)cc6)[C@@H]5CC[C@]43C)[C@@H]2[C@]1(C)O,1,CHEMBL6150852
CHEMBL6148442,N/C(=N\O)c1cccc(NC(=O)Nc2cccc(F)c2)c1,1,CHEMBL6148442
CHEMBL6144638,N/C(=N\O)c1ccc(NC(=O)Nc2cccc(Br)c2)cc1,1,CHEMBL6144638
CHEMBL6151437,C[C@@H]1CC[C@]2(C(=O)NCc3cccc(F)c3)CC[C@]3(C)C(=CC[C@@H]4[C@@]5(C)C[C@@H](O)[C@H](O)[C@@](C)(CO)[C@@H]5CC[C@]43C)[C@@H]2[C@]1(C)O,1,CHEMBL6151437
CHEMBL207777,Cc1ccccc1NC(=O)Oc1ccc2c(c1)[C@]1(C)CO[C@@H](C1)O2,0,CHEMBL207777
CHEMBL5396071,COc1cccc(C(c2ccc(F)cc2)N2CCN(c3cnccn3)CC2)c1O,0,CHEMBL5396071
CHEMBL5402496,CCOP(=O)(OCC)C(Nc1cccc(Cl)c1Cl)c1ccc(OCc2nc3ccccc3c(=O)n2-c2ccc(F)cc2)c(OC)c1,1,CHEMBL5402496
CHEMBL6120269,Cc1ccc(NC(=O)COc2ccc3occ(C(=O)c4ccccc4)c3c2)cc1,1,CHEMBL6120269
CHEMBL6177119,O=C(NCCC1CCN(Cc2ccccc2)CC1)c1coc2cc(OCc3ccccc3)ccc2c1=O,0,CHEMBL6177119
CHEMBL6190113,O=C(NCCCNc1c2c(nc3ccccc13)CCC2)c1cnc(Cl)c(Cl)c1,0,CHEMBL6190113
CHEMBL6152748,Nc1c2c(nc3ccc(-c4ccc(F)nc4)cc13)CCCC2,0,CHEMBL6152748
CHEMBL6172838,Nc1c2c(nc3ccc(-c4cccs4)cc13)CCCC2,0,CHEMBL6172838
CHEMBL6176118,Cc1csc(-c2ccc3nc4c(c(N)c3c2)CCCC4)c1,0,CHEMBL6176118
CHEMBL6152572,COc1ccc(/C=N/NC(=O)c2ccc(Cl)nc2)cc1OC,0,CHEMBL6152572
CHEMBL389328,COc1ccc(/C=C/C(=O)c2ccccc2O)cc1OC,1,CHEMBL389328
CHEMBL6160191,C[n+]1cccc(Cl)c1/C=N/O,1,CHEMBL6160191
CHEMBL4757035,O=C(NO)c1ccc(Nc2c3ccccc3nc3ccc(F)cc23)cc1,0,CHEMBL4757035
CHEMBL5419644,CCN(CCCCCOc1cc(O)c2c(c1)OC(c1ccc(O)cc1)CC2=O)Cc1ccccc1,0,CHEMBL5419644
CHEMBL155128,CC1CCN(Cc2ccc3ccccc3c2)CC1,1,CHEMBL155128
CHEMBL6160489,C[n+]1cccc(F)c1/C=N/O,1,CHEMBL6160489
CHEMBL4782122,O=C(N/N=C/c1ccc(OC(F)(F)F)cc1)N1CCN(c2ccccn2)CC1,1,CHEMBL4782122
CHEMBL4763434,O=C(N/N=C/c1ccc(F)cc1F)N1CCN(c2ccccn2)CC1,0,CHEMBL4763434
CHEMBL4793365,FC(F)(F)Oc1ccc(-c2nnc(N3CCN(c4ccccn4)CC3)o2)cc1,0,CHEMBL4793365
CHEMBL4756730,Clc1ccc(-c2nnc(N3CCN(c4ccccn4)CC3)o2)cc1,0,CHEMBL4756730
CHEMBL4780148,COc1cc2c(cc1OC)/C(=C/c1ccc(N3CCCCC3)c(O)c1)OC2=O,0,CHEMBL4780148
CHEMBL4778409,COc1cc2c(cc1OC)/C(=C\c1ccc(N3CCCCC3)c(O)c1)OC2=O,0,CHEMBL4778409
CHEMBL205895,Cc1ccccc1NC(=O)Oc1ccc2c(c1)[C@]1(C)CCO[C@@H]1N2C,0,CHEMBL205895
CHEMBL6166890,Nc1ccc(C(=O)CCC2CCN(CC3CCCCC3)CC2)cc1,0,CHEMBL6166890
CHEMBL6152861,N/C(=N\O)c1cccc(NC(=O)Nc2ccc(O)cc2)c1,1,CHEMBL6152861
CHEMBL6147483,N/C(=N\O)c1cccc(NC(=O)Nc2ccc(Cl)cc2)c1,1,CHEMBL6147483
CHEMBL6142452,CC(=O)Nc1cc(O)c(C(=O)CCC2CCN(CC3CCCCC3)CC2)cc1Cl,0,CHEMBL6142452
CHEMBL6170205,CCOC(=O)c1c(O)cc(O)c(Cc2c(O)cc(C)c(C(=O)OCC)c2O)c1C,1,CHEMBL6170205
CHEMBL6172776,COC(=O)c1c(C)cc(O)c(Cc2c(O)cc(C)cc2O)c1O,1,CHEMBL6172776
CHEMBL294264,O=C1c2ccccc2C(=O)c2c(O)c(O)cc(O)c21,0,CHEMBL294264
CHEMBL6189139,O=P(NCCCCCCNc1c2c(nc3ccccc13)CCCC2)(Oc1ccccc1)Oc1ccccc1,1,CHEMBL6189139
CHEMBL6170242,C#CCCCOc1c(CN2CCc3ccccc3C2)cc(-c2cc(=O)c3ccccc3o2)cc1OC,1,CHEMBL6170242
CHEMBL6096570,O=C(COc1ccc(O)c(-c2cn[nH]c2-c2ccc(Cl)cc2)c1)Nc1ccccc1,1,CHEMBL6096570
CHEMBL6109014,Cc1ccc(-c2[nH]ncc2-c2cc(OCC(=O)Nc3ccc(Cl)cc3)ccc2O)cc1,1,CHEMBL6109014
CHEMBL2178784,COc1ccc2c3c1O[C@H]1C[C@@H](O)C=C[C@@]31CCN(CCCCCCNC13CC4CC(C)(CC(C)(C4)C1)C3)C2,0,CHEMBL2178784
CHEMBL6177054,COc1ncc(-c2ccc3nc4c(c(N)c3c2)CCCC4)c(OC)n1,0,CHEMBL6177054
CHEMBL6190268,CC(C)(C)c1ccc(CNCCNc2c3c(nc4ccccc24)CCCCC3)c(C(C)(C)C)c1O,1,CHEMBL6190268
CHEMBL6152852,C#CCCCOc1c(CN2CCCCC2)cc(-c2cc(=O)c3ccccc3o2)cc1OCC,1,CHEMBL6152852
CHEMBL6163761,COc1ccc2c3c1O[C@H]1C[C@@H](OC(=O)NC4CCN(Cc5ccccc5F)CC4)C=C[C@@]31CCN(C)C2,0,CHEMBL6163761
CHEMBL6147723,CCOC(=O)c1c(OC(=O)c2ccccc2)sc2c1CCCCC2,1,CHEMBL6147723
CHEMBL6165762,COc1ccc2c3c1O[C@H]1C[C@@H](O)C=C[C@@]31CCN(C(C)=O)C2,1,CHEMBL6165762
CHEMBL5559062,O=C(Cn1nc(-c2ccccc2)c(-c2ccccc2)nc1=O)Nc1ccc(O)cc1,1,CHEMBL5559062
CHEMBL5555930,O=C(Cn1nc(-c2ccccc2)c(-c2ccccc2)nc1=O)Nc1cccc([N+](=O)[O-])c1,1,CHEMBL5555930
CHEMBL6102746,C[n+]1cc(F)ccc1/C=N/O,1,CHEMBL6102746
CHEMBL6188323,COc1cc2c(cc1OC)CC(CN1CCN(CCCNc3c4c(nc5cc(Cl)ccc35)C[C@H]3C=C(C)C[C@@H]4C3)CC1)C2,0,CHEMBL6188323
CHEMBL6161618,COc1ccc(NC(=O)C2CCN(Cc3ccccc3)CC2)cc1OC,0,CHEMBL6161618
CHEMBL6173795,COc1ccc(NC(=O)C2CCN(Cc3ccccc3)CC2)cc1,0,CHEMBL6173795
CHEMBL6161090,C[C@@H]1CC[C@]2(C(=O)NCCc3c[nH]c4ccccc34)CC[C@]3(C)C(=CC[C@@H]4[C@@]5(C)C[C@@H](O)[C@H](O)[C@@](C)(CO)[C@@H]5CC[C@]43C)[C@@H]2[C@]1(C)O,1,CHEMBL6161090
CHEMBL6168753,Nc1c2c(nc3ccc(-c4ccncc4)cc13)CCCC2,1,CHEMBL6168753
CHEMBL6163299,COc1cc(-c2ccc3nc4c(c(N)c3c2)CCCC4)ccn1,0,CHEMBL6163299
CHEMBL6163473,COc1ncc(-c2ccc3nc4c(c(N)c3c2)CCCC4)cn1,0,CHEMBL6163473
CHEMBL6151322,CC(C)COc1cccc(-c2ccc3nc4c(c(N)c3c2)CCCC4)c1,0,CHEMBL6151322
CHEMBL3921785,Cc1ccc(C2=CSC3=NC4=C(CNC/C4=C/c4ccc(Br)cc4)C(c4ccc(Br)cc4)N23)cc1,1,CHEMBL3921785
CHEMBL6142005,COc1ccccc1C(=O)CCC1CCN(CC2CCCCC2)CC1,0,CHEMBL6142005
CHEMBL6151474,N/C(=N\O)c1cccc(NC(=O)Nc2cccc(O)c2)c1,1,CHEMBL6151474
CHEMBL6143522,N/C(=N\O)c1cccc(NC(=O)Nc2ccc(F)cc2)c1,1,CHEMBL6143522
CHEMBL6148830,N/C(=N\O)c1cccc(NC(=O)Nc2ccc(Br)cc2)c1,1,CHEMBL6148830
CHEMBL6150428,N/C(=N\O)c1cccc(NC(=O)NCCc2c[nH]c3ccc(Cl)cc23)c1,1,CHEMBL6150428
CHEMBL6101869,Cc1ccc2[nH]cc(CCNC(=O)Oc3cccc(C(C)N(C)C)c3)c2c1,0,CHEMBL6101869
CHEMBL6120228,COc1ccc2[nH]cc(CCNC(=O)Oc3cccc([C@H](C)N(C)C)c3)c2c1,0,CHEMBL6120228
CHEMBL6143101,C[C@H](c1cccc(OC(=O)NCCc2c[nH]c3ccc(Cl)cc23)c1)N(C)C,0,CHEMBL6143101
CHEMBL6143187,O=C(COc1ccc(O)c(-c2cn[nH]c2-c2ccccc2)c1)Nc1ccc(Cl)cc1,1,CHEMBL6143187
CHEMBL6147070,CSc1ccc(/C=C/C(=O)c2ccccc2N)cn1,1,CHEMBL6147070
CHEMBL6144349,COc1ccccc1NC(=O)C1CCN(Cc2ccccc2)CC1,0,CHEMBL6144349
CHEMBL5082824,CN(CCCC(F)F)Cc1ccc(COc2ccc3c(CO)cc(=O)oc3c2)cc1,0,CHEMBL5082824
CHEMBL6120719,Cc1ccc(-c2[nH]ncc2-c2cc(OCC(=O)Nc3ccccc3)ccc2O)cc1,1,CHEMBL6120719
CHEMBL6078196,Cc1ccc2[nH]cc(CCNC(=O)Oc3cccc([C@H](C)N(C)C)c3)c2c1,0,CHEMBL6078196
CHEMBL6176564,O=C1c2c(sc3c2CCCCC3)OC(c2ccccc2)N1c1ccccc1,0,CHEMBL6176564
CHEMBL6168314,CN(CCCOc1ccc([N+](=O)[O-])cc1)C(=O)c1cnc(N2CCN(c3ccc(C(=O)N4CCOCC4)cc3[N+](=O)[O-])CC2)nc1,0,CHEMBL6168314
CHEMBL6171540,C#CCCOc1c(CN2CCOCC2)cc(-c2cc(=O)c3ccccc3o2)cc1OCC,1,CHEMBL6171540
CHEMBL6159857,CCCCCC(=O)OC[C@]1(C)C=C(C=O)[C@@]2(C)[C@H]1CC[C@]1(C)[C@@H]2CC=C2[C@H]3[C@](C(=O)O)(CC[C@@H](C)[C@@]3(C)O)CC[C@]21C,1,CHEMBL6159857
CHEMBL6168124,C[C@@H]1CC[C@]2(C(=O)NCc3ccccc3Cl)CC[C@]3(C)C(=CC[C@@H]4[C@@]5(C)C[C@@H](O)[C@H](O)[C@@](C)(CO)[C@@H]5CC[C@]43C)[C@@H]2[C@]1(C)O,1,CHEMBL6168124
CHEMBL6150183,C[C@@H]1CC[C@]2(C(=O)NCc3ccc(Br)cc3)CC[C@]3(C)C(=CC[C@@H]4[C@@]5(C)C[C@@H](O)[C@H](O)[C@@](C)(CO)[C@@H]5CC[C@]43C)[C@@H]2[C@]1(C)O,1,CHEMBL6150183
CHEMBL6171454,C[C@@H]1CC[C@]2(C(=O)NC3CCCCC3)CC[C@]3(C)C(=CC[C@@H]4[C@@]5(C)C[C@@H](O)[C@H](O)[C@@](C)(CO)[C@@H]5CC[C@]43C)[C@@H]2[C@]1(C)O,1,CHEMBL6171454
CHEMBL4446441,c1ccc(CN2CCC(Cn3cc(CSc4nc5ccccc5[nH]4)nn3)CC2)cc1,1,CHEMBL4446441
CHEMBL6133267,N/C(=N\O)c1cccc(NC(=O)Nc2ccc3[nH]ccc3c2)c1,1,CHEMBL6133267
CHEMBL6189355,COn1cc(CCNC(=S)NCCCCCNc2c3c(nc4ccccc24)CCCC3)c2ccccc21,0,CHEMBL6189355
CHEMBL6190210,FC(F)(F)c1cccc(-c2cc(-c3cccs3)n(-c3ccc(Br)cc3)n2)c1,0,CHEMBL6190210
CHEMBL6192902,O=C(NNC(=S)Nc1ccccc1[N+](=O)[O-])c1sccc1Cl,0,CHEMBL6192902
CHEMBL6164048,C[C@@H]1CC[C@]2(C(=O)O)CC[C@]3(C)C(=CC[C@@H]4[C@@]5(C)C[C@@H](O)[C@H](OC(=O)c6ccc(C(F)(F)F)cc6)[C@@](C)(CO)[C@@H]5CC[C@]43C)[C@@H]2[C@]1(C)O,1,CHEMBL6164048
CHEMBL6144072,COc1ccc2[nH]cc(CCNC(=O)Oc3cccc(C(C)N(C)C)c3)c2c1,0,CHEMBL6144072
CHEMBL6171117,COc1ccccc1Cc1ccc(CO[C@H]2C=C[C@@]34CCN(C)Cc5ccc(OC)c(c53)O[C@H]4C2)nc1,1,CHEMBL6171117
CHEMBL6160218,N/C(=N\O)c1cccc(NC(=O)Nc2cccc([N+](=O)[O-])c2)c1,1,CHEMBL6160218
CHEMBL6146847,COc1ccc2[nH]cc(CCNC(=O)Nc3cccc(/C(N)=N/O)c3)c2c1,0,CHEMBL6146847
CHEMBL1586775,CC(C)c1cc2cc3ccc(=O)oc3cc2o1,1,CHEMBL1586775
CHEMBL515920,C[C@@H]1CC[C@]2(C(=O)O)CC[C@]3(C)C(=CC[C@@H]4[C@@]5(C)C[C@@H](O)[C@H](O)[C@@](C)(CO)[C@@H]5CC[C@]43C)[C@@H]2[C@]1(C)O,1,CHEMBL515920
CHEMBL6163524,N/C(=N\O)c1cccc(NC(=O)Nc2cccc(Cl)c2)c1,1,CHEMBL6163524
CHEMBL6147891,O=C(/C=C/c1ccc(-c2ccccc2)cc1)Nc1nc2ccc(O)cc2s1,0,CHEMBL6147891
CHEMBL6169722,Cc1cc(O)cc(OC(=O)c2c(C)cc(O)c(C=O)c2O)c1,1,CHEMBL6169722
CHEMBL6176254,COc1ccc2c3c1O[C@H]1C[C@@H](OC(=O)NC4CCN(Cc5ccccc5)CC4)C=C[C@@]31CCN(C)C2,0,CHEMBL6176254
CHEMBL6173387,N#CC1C(N)N2CCCNC2C(C#N)C12C(=O)Nc1ccccc12,1,CHEMBL6173387
CHEMBL6108998,O=C(COc1ccc2occ(C(=O)c3ccc(Cl)cc3)c2c1)Nc1ccccc1,0,CHEMBL6108998
CHEMBL6170750,c1ccc2oc(CNCCCCCCCNc3c4c(cc5ccccc35)CCCC4)cc2c1,0,CHEMBL6170750
CHEMBL6141819,O=C(N/N=C/c1ccc([N+](=O)[O-])cc1)c1ccc(Cl)nc1,0,CHEMBL6141819
CHEMBL6173905,CCOc1cc(/C=N/NC(=O)c2ccc(Cl)nc2)ccc1O,0,CHEMBL6173905
CHEMBL6177591,CCOC(=O)c1c(C)cc(OC(=O)c2c(C)cc(O)cc2O)cc1O,1,CHEMBL6177591
CHEMBL6193693,CC(C)(C)c1ccc(/C=N/CCNc2c3c(nc4ccccc24)CCCCC3)c(C(C)(C)C)c1O,1,CHEMBL6193693
CHEMBL6168950,Nc1ccccc1C(=O)/C=C/c1cccc(Cl)c1Cl,0,CHEMBL6168950
CHEMBL6091955,COc1cc(Cn2cc(COc3ccc4ccc(=O)oc4c3C(C)=O)nn2)cc(OC)c1,1,CHEMBL6091955
CHEMBL6149424,Cc1cc(=O)oc2cc(OCC(=O)N/N=C\c3ccc(C(=O)O)cc3)ccc12,0,CHEMBL6149424
CHEMBL6091840,COc1cccc2cc(-c3ccc(NC(=O)c4ccc(CCl)cc4)cc3)c(=O)oc12,0,CHEMBL6091840
CHEMBL6103332,Cc1cc(=O)oc2cc(OCc3nnc(-c4ccc(O)c(O)c4)o3)ccc12,1,CHEMBL6103332
CHEMBL6171344,CN(C)c1cccc(-c2ccc3nc4c(c(N)c3c2)CCCC4)c1,0,CHEMBL6171344
CHEMBL6174192,C#CCCCOc1ccc(-c2cc(=O)c3ccccc3o2)cc1CN1CCCCC1,0,CHEMBL6174192
CHEMBL6191782,Cc1cc(=O)[nH]c2c1C(=O)C(NCNc1c3c(nc4ccccc14)CCCC3)=CC2=O,0,CHEMBL6191782
CHEMBL6177357,COc1ccc2c3c1O[C@H]1C[C@@H](OC(=O)NC4CCN(Cc5ccc(F)cc5)CC4)C=C[C@@]31CCN(C)C2,0,CHEMBL6177357
CHEMBL6149288,COC(=O)/C1=C/N(C)CCc2cc(OC)c(OC)cc2C(C)=C=C1c1ccccc1,1,CHEMBL6149288
CHEMBL6144808,Nc1ccc(C(=O)CCC2CCN(CC3CCCCC3)CC2)c(OCCF)c1,0,CHEMBL6144808
CHEMBL6165742,N/C(=N\O)c1cccc(NC(=O)Nc2ccc3ncccc3c2)c1,1,CHEMBL6165742
CHEMBL6149029,COc1c(C(=O)CCC2CCN(CC3CCCCC3)CC2)cc(F)c(N)c1I,0,CHEMBL6149029
CHEMBL6150533,COc1cccc(NC(=O)Nc2cccc(/C(N)=N/O)c2)c1,1,CHEMBL6150533
CHEMBL6144207,N/C(=N\O)c1ccc(NC(=O)Nc2ccc(Cl)cc2)cc1,1,CHEMBL6144207
CHEMBL6145299,C[n+]1cc(Cl)ccc1/C=N/O,1,CHEMBL6145299
CHEMBL426110,O=C1/C(=C/c2ccc(O)cc2)Oc2cc(O)ccc21,1,CHEMBL426110
CHEMBL4300673,O=C(CN1CCC(Cc2ccccc2)CC1)c1ccc2ccccc2c1,1,CHEMBL4300673
CHEMBL6149859,CC1=CC(=O)[C@@](C)(O)C(=O)/C1=C\Nc1ccc(Oc2ccc(Cl)cc2)cc1,1,CHEMBL6149859
CHEMBL6103076,CC(c1cccc(OC(=O)NCCc2c[nH]c3ccccc23)c1)N(C)C,0,CHEMBL6103076
CHEMBL6109010,CC(c1cccc(OC(=O)NCCc2c[nH]c3ccc(O)cc23)c1)N(C)C,0,CHEMBL6109010
CHEMBL6144388,C[C@@H](c1cccc(OC(=O)NCCc2c[nH]c3ccccc23)c1)N(C)C,0,CHEMBL6144388
CHEMBL6174158,C#CCOc1c(CN2CCOCC2)cc(-c2cc(=O)c3ccccc3o2)cc1OC,1,CHEMBL6174158
CHEMBL6174600,C#CCCCOc1c(CN2CCCCC2)cc(-c2cc(=O)c3ccccc3o2)cc1CN1CCCCC1,1,CHEMBL6174600
CHEMBL6174871,C#CCCCOc1c(CN2CCN(Cc3ccccc3)CC2)cc(-c2cc(=O)c3ccccc3o2)cc1OC,1,CHEMBL6174871
CHEMBL6146623,O=C(O)c1cc2ccc(=O)oc2cc1O,1,CHEMBL6146623
CHEMBL6169135,Cc1cc(=O)oc2cc(OCc3nnc(-c4cc(O)c(O)c(O)c4)o3)ccc12,1,CHEMBL6169135
CHEMBL6143765,C=CCc1ccc(O)c(-c2cc(CC=C)cc(-c3cc(CC=C)ccc3O)c2O[C@H]2CC(C)(C)[C@@H]3CC[C@]4(C)C[C@]23CC[C@H]4O)c1,1,CHEMBL6143765
CHEMBL6134414,C=CCc1ccc(Oc2cc(CC=C)cc(-c3cc(CC=C)ccc3O)c2O)cc1,1,CHEMBL6134414
CHEMBL6149635,Cc1ccccc1NC(=O)Nc1cccc(/C(N)=N/O)c1,1,CHEMBL6149635
CHEMBL6147750,COc1cc2c(cc1O)C(=O)C(CC1CCN(Cc3ccccc3)CC1)C2,0,CHEMBL6147750
CHEMBL6150719,COc1cc2c(cc1O)CC(CC1CCN(Cc3ccccc3)CC1)C2=O,0,CHEMBL6150719
CHEMBL6151857,O=C1c2cc(O)c(O)cc2CC1CC1CCN(Cc2ccccc2)CC1,1,CHEMBL6151857
CHEMBL6161649,COc1ccc2c3c1O[C@H]1C[C@@H](OCc4ccc(Cc5cccc(Cl)c5)cn4)C=C[C@@]31CCN(C)C2,1,CHEMBL6161649
CHEMBL6151131,N/C(=N\O)c1cccc(NC(=O)NCCc2c[nH]c3ccccc23)c1,1,CHEMBL6151131
CHEMBL6144585,Cc1ccccc1NC(=O)Nc1ccc(/C(N)=N/O)cc1,1,CHEMBL6144585
CHEMBL6147350,COc1cccc(NC(=O)Nc2ccc(/C(N)=N/O)cc2)c1,1,CHEMBL6147350
CHEMBL6103104,N/C(=N\O)c1ccc(NC(=O)Nc2ccc3ncccc3c2)cc1,1,CHEMBL6103104
CHEMBL6173740,Nc1c2c(nc3ccc(-c4ccsc4)cc13)CCCC2,0,CHEMBL6173740
CHEMBL6102364,CCOc1cc(N)ccc1C(=O)CCC1CCN(CC2CCCCC2)CC1,0,CHEMBL6102364
CHEMBL6160389,N/C(=N\O)c1cccc(NC(=O)Nc2ccc(C(F)(F)F)cc2)c1,1,CHEMBL6160389
CHEMBL6152587,N/C(=N\O)c1ccc(NC(=O)Nc2ccc3[nH]ccc3c2)cc1,1,CHEMBL6152587
CHEMBL6168749,CC1=CC(=O)[C@](C)(O)C(=O)/C1=C\Nc1ccccc1,1,CHEMBL6168749
CHEMBL6149205,COc1ccc(NC(=O)Nc2cccc(/C(N)=N/O)c2)cc1,1,CHEMBL6149205
CHEMBL6162131,N/C(=N\O)c1ccc(NC(=O)Nc2cccc(F)c2)cc1,1,CHEMBL6162131
CHEMBL6163696,COc1ccc(N2C(=O)c3c(sc4c3CCCCC4)OC2c2ccc(Cl)cc2)cc1,1,CHEMBL6163696
CHEMBL6165595,CCN(CCCCCn1c(C)cc(=O)n(CCCCCN(CC)Cc2ccccc2C#N)c1=O)Cc1ccccc1C#N,1,CHEMBL6165595
CHEMBL6164051,CCN(CCCCCn1c(C)cc(=O)n(CCCCCN(CC)Cc2cccc(C(=O)OC)c2)c1=O)Cc1cccc(C(=O)OC)c1,0,CHEMBL6164051
CHEMBL6162409,COc1cccc(-c2nc(SCCCSc3nc(N)c(C#N)c(-c4cccc(OC)c4)n3)nc(N)c2C#N)c1,1,CHEMBL6162409
CHEMBL6168279,COc1ccc(C(=O)O[C@]2(C)[C@H](C)CC[C@]3(C(=O)O)CC[C@]4(C)C(=CC[C@@H]5[C@@]6(C)C[C@@H](O)[C@H](O)[C@@](C)(CO)[C@@H]6CC[C@]54C)[C@@H]32)cc1,1,CHEMBL6168279
CHEMBL6164832,C[C@@H]1CC[C@]2(C(=O)O)CC[C@]3(C)C(=CC[C@@H]4[C@@]5(C)C(C=O)=C[C@@](C)(COC(=O)c6ccc(Cl)cc6)[C@@H]5CC[C@]43C)[C@@H]2[C@]1(C)OC(=O)c1ccc(Cl)cc1,1,CHEMBL6164832
CHEMBL6189555,C[Si]1(Cl)C=CC(=O)C1=P(c1ccccc1)(c1ccccc1)c1ccccc1,0,CHEMBL6189555
CHEMBL6163057,N/C(=N\O)c1cccc(NC(=O)Nc2ccc([N+](=O)[O-])cc2)c1,1,CHEMBL6163057
CHEMBL367881,CC(=O)C1=C(O)C=C2Oc3c(C(C)=O)c(O)c(C)c(O)c3[C@@]2(C)C1=O,1,CHEMBL367881
CHEMBL6166202,C[C@@H]1CC[C@]2(C(=O)O)CC[C@]3(C)C(=CC[C@@H]4[C@@]5(C)C[C@@H](OC(=O)CCc6ccccc6)[C@H](OC(=O)CCc6ccccc6)[C@@](C)(CO)[C@@H]5CC[C@]43C)[C@@H]2[C@]1(C)O,1,CHEMBL6166202
CHEMBL6162081,C[C@@H]1CC[C@]2(C(=O)O)CC[C@]3(C)C(=CC[C@@H]4[C@@]5(C)C(C=O)=C[C@@](C)(COC(=O)c6ccc(C(F)(F)F)cc6)[C@@H]5CC[C@]43C)[C@@H]2[C@]1(C)O,1,CHEMBL6162081
CHEMBL6152561,CCCCCCNC(=O)[C@]12CC[C@@H](C)[C@@](C)(O)[C@H]1C1=CC[C@@]3(C)[C@@](C)(CC[C@H]4[C@](C)(CO)[C@@H](O)[C@H](O)C[C@@]43C)[C@]1(C)CC2,1,CHEMBL6152561
CHEMBL6172404,COC(=O)c1ccc(/C=N/NC(=O)c2ccc(Cl)nc2)cc1,0,CHEMBL6172404
CHEMBL6188487,S=C(NCCCCNc1c2c(nc3ccccc13)CCCC2)NCCc1c[nH]c2ccccc12,0,CHEMBL6188487
CHEMBL6142020,Cc1ccc(-c2ccc3nc4c(c(N)c3c2)CCCC4)o1,0,CHEMBL6142020
CHEMBL6170062,[2H]c1ccc2nc3c(c(N)c2c1)CCCC3,0,CHEMBL6170062
CHEMBL6175583,C#CCCCOc1c(CN2CCOCC2)cc(-c2cc(=O)c3ccccc3o2)cc1CN1CCOCC1,1,CHEMBL6175583
CHEMBL6175088,COc1ccc2c3c1O[C@H]1C[C@@H](OC(=O)NC4CCN(Cc5cccc(F)c5)CC4)C=C[C@@]31CCN(C)C2,0,CHEMBL6175088
CHEMBL244743,O=c1ccc2cc(O)c(O)cc2o1,1,CHEMBL244743
CHEMBL6162129,O=c1oc2ccccc2cc1-c1ccc(Br)cc1,1,CHEMBL6162129
CHEMBL6142105,O=C1CCOc2ccc(OCCN3CCCCCC3)cc21,1,CHEMBL6142105
CHEMBL6161302,COc1cc(/C=C/C(=O)c2ccc(OCCN3CCCC3)cc2)ccc1OCc1nc(C)c(C)nc1C,0,CHEMBL6161302
CHEMBL6146247,COc1ccc(C2CC(c3ccc(O)cc3)=NN2c2nc3ccc(C)cc3s2)cc1OC,1,CHEMBL6146247
CHEMBL6192606,C[Si](C)(C)c1c([Si](C)(C)C)c(=P(c2ccccc2)(c2ccccc2)c2ccccc2)c1=O,0,CHEMBL6192606
CHEMBL6166087,Nc1ccccc1C(=O)/C=C/c1cnc2ccccc2c1,0,CHEMBL6166087
CHEMBL6102336,C[C@@H](c1cccc(OC(=O)NCCc2c[nH]c3ccc(O)cc23)c1)N(C)C,0,CHEMBL6102336
CHEMBL454431,COC(=O)c1c(C)cc(O)cc1O,1,CHEMBL454431
CHEMBL6175862,COc1ccc2c3c1O[C@H]1C[C@@H](OCc4ccc(Cc5ccccc5F)cn4)C=C[C@@]31CCN(C)C2,0,CHEMBL6175862
CHEMBL6169631,COc1nc(-c2ccnc(NC(=O)C3CC3)c2)sc1C(=O)NCNc1c2c(nc3ccccc13)CCCC2,0,CHEMBL6169631
CHEMBL6144744,O=c1[nH]c(CNCCC2CCN(Cc3ccccc3)CC2)nc2c1cnn2C1CCCC1,0,CHEMBL6144744
CHEMBL6167736,Cc1ccc(O)c(CNc2c(N)n(C)c(=O)n(C)c2=O)c1,0,CHEMBL6167736
CHEMBL6147092,CCOC(=O)C1=C(C)N=C2SC(c3ccc([N+](=O)[O-])cc3)=NN2C1c1ccc(C=O)cn1,0,CHEMBL6147092
CHEMBL6151754,C[C@@H]1CC[C@]2(C(=O)NCc3ccc(Cl)cc3)CC[C@]3(C)C(=CC[C@@H]4[C@@]5(C)C[C@@H](O)[C@H](O)[C@@](C)(CO)[C@@H]5CC[C@]43C)[C@@H]2[C@]1(C)O,1,CHEMBL6151754
CHEMBL6175104,O=c1[nH]c(CCCCC2CCN(Cc3ccccc3)CC2)nc2c1cnn2C1CCCC1,0,CHEMBL6175104
CHEMBL6190088,O=C(/C=C/c1cccs1)c1ccc(OCCCCBr)cc1,0,CHEMBL6190088
CHEMBL6162127,N/C(=N\O)c1cccc(NC(=O)Nc2cccc(Br)c2)c1,1,CHEMBL6162127
CHEMBL6144992,N/C(=N\O)c1cccc(NC(=O)Nc2cccc(C(F)(F)F)c2)c1,1,CHEMBL6144992
CHEMBL6148173,C#CCNc1ccc(-c2cc(-c3ccc(OCCN4CCOCC4)cc3)nc(N)n2)cc1,1,CHEMBL6148173
CHEMBL2332779,Cc1cc(O)c(C)c(O)c1,1,CHEMBL2332779
CHEMBL6133183,C[n+]1cc(Br)ccc1/C=N/O,1,CHEMBL6133183
CHEMBL6161214,C[C@@H]1CC[C@]2(C(=O)NCc3cccc(Cl)c3)CC[C@]3(C)C(=CC[C@@H]4[C@@]5(C)C[C@@H](O)[C@H](O)[C@@](C)(CO)[C@@H]5CC[C@]43C)[C@@H]2[C@]1(C)O,1,CHEMBL6161214
CHEMBL6134022,C[C@@H]1CC[C@]2(C(=O)O)CC[C@]3(C)C(=CC[C@@H]4[C@@]5(C)C[C@@H](OC(=O)CCc6ccccc6)[C@H](O)[C@@](C)(CO)[C@@H]5CC[C@]43C)[C@@H]2[C@]1(C)O,1,CHEMBL6134022
CHEMBL6164661,C[C@@H]1CC[C@]2(C(=O)O)CC[C@]3(C)C(=CC[C@@H]4[C@@]5(C)C(C=O)=C[C@@](C)(COC(=O)CCc6ccccc6)[C@@H]5CC[C@]43C)[C@@H]2[C@]1(C)O,1,CHEMBL6164661
CHEMBL6164766,C[C@@H]1CC[C@]2(C(=O)NCc3ccccc3F)CC[C@]3(C)C(=CC[C@@H]4[C@@]5(C)C[C@@H](O)[C@H](O)[C@@](C)(CO)[C@@H]5CC[C@]43C)[C@@H]2[C@]1(C)O,1,CHEMBL6164766
CHEMBL6164227,Cc1cccc(-c2nccc(N3CCOCC3)n2)c1,0,CHEMBL6164227
CHEMBL6168459,C[C@@H]1CC[C@]2(C(=O)O)CC[C@]3(C)C(=CC[C@@H]4[C@@]5(C)C[C@@H](OC(=O)c6ccc(C(F)(F)F)cc6)[C@H](OC(=O)c6ccc(C(F)(F)F)cc6)[C@@](C)(CO)[C@@H]5CC[C@]43C)[C@@H]2[C@]1(C)O,1,CHEMBL6168459
CHEMBL6150674,Nc1ccccc1C(=O)/C=C/c1ccc(Cl)nc1,1,CHEMBL6150674
CHEMBL6148945,CC1=CC(=O)[C@](C)(O)C(=O)/C1=C\Nc1ccc(Oc2ccc(C)cc2)cc1,1,CHEMBL6148945
CHEMBL6169099,Nc1ccccc1C(=O)/C=C/c1cnc2c(c1)OCO2,1,CHEMBL6169099
CHEMBL6152058,CC1=CC(=O)[C@](C)(O)C(=O)/C1=C\Nc1ccc(Oc2ccc(Cl)cc2)cc1,1,CHEMBL6152058
CHEMBL6159694,CC1=CC(=O)[C@@](C)(O)C(=O)/C1=C\Nc1ccc(Oc2ccc([N+](=O)[O-])cc2)cc1,1,CHEMBL6159694
CHEMBL6150122,CC1=CC(=O)[C@](C)(O)C(=O)/C1=C\Nc1ccc(Oc2ccc([N+](=O)[O-])cc2)cc1,1,CHEMBL6150122
CHEMBL6133128,COc1cc(NC(C)=O)c(Cl)cc1C(=O)CCC1CCN(CC2CCCCC2)CC1,0,CHEMBL6133128
CHEMBL6078348,Cc1ccc(NC(=O)COc2ccc(O)c(-c3cn[nH]c3-c3ccc(C)cc3)c2)cc1,1,CHEMBL6078348
CHEMBL6170553,CCOC(=O)c1c(O)cc(O)c(Cc2c(O)cc(C)c(C(=O)OC)c2O)c1C,1,CHEMBL6170553
CHEMBL457583,Cc1cc(O)cc(O)c1C(=O)O,1,CHEMBL457583
CHEMBL6144623,C[C@@H]1CC[C@]2(C(=O)O)CC[C@]3(C)C(=CC[C@@H]4[C@@]5(C)C[C@@H](OC(=O)c6ccc(Cl)cc6)[C@H](O)[C@@](C)(CO)[C@@H]5CC[C@]43C)[C@@H]2[C@]1(C)OC(=O)c1ccc(Cl)cc1,1,CHEMBL6144623
CHEMBL6150556,C[C@@H]1CC[C@]2(C(=O)NCCc3ccc(Cl)c(Cl)c3)CC[C@]3(C)C(=CC[C@@H]4[C@@]5(C)C[C@@H](O)[C@H](O)[C@@](C)(CO)[C@@H]5CC[C@]43C)[C@@H]2[C@]1(C)O,1,CHEMBL6150556
CHEMBL6151255,C[C@@H]1CC[C@]2(C(=O)O)CC[C@]3(C)C(=CC[C@@H]4[C@@]5(C)C(C=O)=C[C@@](C)(COC(=O)c6ccc(F)cc6)[C@@H]5CC[C@]43C)[C@@H]2[C@]1(C)O,1,CHEMBL6151255
CHEMBL6175754,COC(=O)C1=CO[C@H](OC)[C@H]2C(CN3CCN(Cc4nc(C)c(C)nc4C)CC3)=CC[C@@H]12,0,CHEMBL6175754
CHEMBL6145745,O=C(COc1ccc2occ(C(=O)c3ccccc3)c2c1)Nc1ccccc1,1,CHEMBL6145745
CHEMBL6120302,Nc1ccc(C(=O)CCC2CCN(CC3CCCCC3)CC2)cc1Cl,0,CHEMBL6120302
CHEMBL6145757,N/C(=N\O)c1cccc(NC(=O)Nc2ccccc2F)c1,1,CHEMBL6145757
CHEMBL6133097,C[n+]1cccc(Br)c1/C=N/O,1,CHEMBL6133097
CHEMBL6132970,CCN(C)C(=O)Oc1ccc(C(=O)N2CCC(Cc3ccccc3)CC2)cc1OC,1,CHEMBL6132970
CHEMBL6174052,COCc1c(O)c(Oc2c(C=O)c(O)cc(C)c2C(=O)OC)c2c(c1O)C(=O)O[C@H]2O,1,CHEMBL6174052
CHEMBL6169186,CC1=CC(=O)[C@](C)(O)C(=O)/C1=C\Nc1ccc(Cc2ccccc2)cc1,1,CHEMBL6169186
CHEMBL6173537,CCOC(=O)c1c(OC(=O)c2ccc(Cl)cc2)sc2c1CCCCC2,1,CHEMBL6173537
CHEMBL6146704,O=C1c2c(sc3c2CCCCC3)OC(c2ccc(Cl)cc2)N1c1ccc(Cl)cc1,1,CHEMBL6146704
CHEMBL390320,COc1cc2oc(=O)ccc2cc1O,1,CHEMBL390320
CHEMBL6149232,O=C1OC2=C(O)C(O)=CCC2C=C1c1ccc(O)c(O)c1,1,CHEMBL6149232
CHEMBL6145850,C[C@@H]1CC[C@]2(C(=O)NCc3ccccc3Br)CC[C@]3(C)C(=CC[C@@H]4[C@@]5(C)C[C@@H](O)[C@H](O)[C@@](C)(CO)[C@@H]5CC[C@]43C)[C@@H]2[C@]1(C)O,1,CHEMBL6145850
CHEMBL6169431,C[C@@H]1CC[C@]2(C(=O)NCc3cccc(Br)c3)CC[C@]3(C)C(=CC[C@@H]4[C@@]5(C)C[C@@H](O)[C@H](O)[C@@](C)(CO)[C@@H]5CC[C@]43C)[C@@H]2[C@]1(C)O,1,CHEMBL6169431
CHEMBL6152733,COc1ccc2c3c1O[C@H]1C[C@@H](OC(=O)NC4CCN(Cc5ccc(F)cc5F)CC4)C=C[C@@]31CCN(C)C2,1,CHEMBL6152733
CHEMBL6120776,O=C(COc1ccc2occ(C(=O)c3ccccc3)c2c1)Nc1ccc(Cl)cc1,1,CHEMBL6120776
CHEMBL5092320,Cn1c(NCCCCCCCNc2c3c(nc4cc(Cl)ccc24)CCCC3)nc(-c2ccncc2F)cc1=O,0,CHEMBL5092320
CHEMBL3545935,COc1ccccc1/C=C1\Oc2cc(OCCN3CCCC3)ccc2C1=O,1,CHEMBL3545935
CHEMBL6170619,COc1ccc(N2C(=O)c3c(sc4c3CCCCC4)OC2c2ccccc2)cc1,1,CHEMBL6170619
CHEMBL6109012,Cc1ccc(NC(=O)COc2ccc3occ(C(=O)c4ccc(Cl)cc4)c3c2)cc1,1,CHEMBL6109012
CHEMBL6134570,Cc1ccc(NC(=O)COc2ccc(O)c(-c3cn[nH]c3-c3ccc(Cl)cc3)c2)cc1,1,CHEMBL6134570
CHEMBL6165462,COc1cc(/C=N/NC(=O)c2ccc(Cl)nc2)ccc1O,0,CHEMBL6165462
CHEMBL6174933,COc1ccc2c3c1O[C@H]1C[C@@H](OC(=O)NC4CCN(Cc5ccc(OC(F)(F)F)cc5)CC4)C=C[C@@]31CCN(C)C2,0,CHEMBL6174933
CHEMBL6091891,O=C(COc1ccc(O)c(-c2cn[nH]c2-c2ccccc2)c1)Nc1ccccc1,1,CHEMBL6091891
CHEMBL6172196,Nc1c2c(nc3ccc(-c4ccc(Cl)nc4)cc13)CCCC2,0,CHEMBL6172196
CHEMBL6164758,Nc1c2c(nc3ccc(-c4ccc(Cl)s4)cc13)CCCC2,0,CHEMBL6164758
CHEMBL6173424,C[C@@H]1CC[C@]2(C(=O)O)CC[C@]3(C)C(=CC[C@@H]4[C@@]5(C)C[C@@H](OC(=O)c6ccc(Cl)cc6)[C@H](OC(=O)c6ccc(Cl)cc6)[C@@](C)(CO)[C@@H]5CC[C@]43C)[C@@H]2[C@]1(C)O,1,CHEMBL6173424
CHEMBL6166354,C[C@@H]1CC[C@]2(C(=O)NCc3ccc(F)cc3)CC[C@]3(C)C(=CC[C@@H]4[C@@]5(C)C[C@@H](O)[C@H](O)[C@@](C)(CO)[C@@H]5CC[C@]43C)[C@@H]2[C@]1(C)O,1,CHEMBL6166354
CHEMBL49732,COc1ccc2ccc(=O)oc2c1,1,CHEMBL49732
CHEMBL6164626,C[C@@H]1CC[C@]2(C(=O)NCc3ccccc3)CC[C@]3(C)C(=CC[C@@H]4[C@@]5(C)C[C@@H](O)[C@H](O)[C@@](C)(CO)[C@@H]5CC[C@]43C)[C@@H]2[C@]1(C)O,1,CHEMBL6164626
CHEMBL6192506,C[Si]1(Cl)C=C/C(=N\c2ccccc2)C1=P(c1ccccc1)(c1ccccc1)c1ccccc1,0,CHEMBL6192506
CHEMBL6192909,O=P(NCCCCCCCCCCCCNc1c2c(nc3ccccc13)CCCC2)(Oc1ccccc1)Oc1ccccc1,1,CHEMBL6192909
CHEMBL6134092,COc1ccc2c3c1O[C@H]1C[C@@H](O)C=C[C@@]31CCN(C=O)C2,1,CHEMBL6134092
CHEMBL6147393,O=C1c2c(sc3c2CCCCC3)OC(c2ccc(Cl)cc2)N1c1ccccc1,0,CHEMBL6147393
CHEMBL6132963,O=c1c2nc(-c3ccc(C(F)(F)F)cc3)sc2nc2n1CCCC2,1,CHEMBL6132963
CHEMBL6172894,CC1=CC(=O)[C@@](C)(O)C(=O)/C1=C\Nc1ccc(Cc2ccccc2)cc1,1,CHEMBL6172894
CHEMBL6148088,COc1cc2c(cc1OCCCCCC1CCSS1)C(=O)C(CC1CCN(Cc3ccccc3)CC1)C2,0,CHEMBL6148088
CHEMBL6148509,COc1c(C(=O)CCC2CCN(CC3CCCCC3)CC2)cc(F)c(N)c1Br,0,CHEMBL6148509
